{"Version":"0.0.0","Data":{"PlayerState":"{\"Version\":\"1.0.0\",\"_entries\":[{\"Name\":\"GotTutorialTarp\",\"BoolValue\":true},{\"Name\":\"isNewItemInInventory_00000486\"},{\"Name\":\"isNewItemInInventory_00000380\"},{\"Name\":\"isNewItemInInventory_00000483\"},{\"Name\":\"crafted.00000379\",\"SettingType\":1,\"IntValue\":1},{\"Name\":\"crafted.00000412\",\"SettingType\":1,\"IntValue\":1},{\"Name\":\"crafted.00000413\",\"SettingType\":1,\"IntValue\":1},{\"Name\":\"crafted.00000589\",\"SettingType\":1,\"IntValue\":1},{\"Name\":\"isNewCraftingRecipe_StartingEmergencyPackRecipe\"},{\"Name\":\"seenFirstTimeEquip_00000379\",\"BoolValue\":true},{\"Name\":\"HasSeenBuildStorageTutorial\",\"BoolValue\":true},{\"Name\":\"seenFirstTimeEquip_00000359\",\"BoolValue\":true},{\"Name\":\"consumed.00000466\",\"SettingType\":1,\"IntValue\":9},{\"Name\":\"isNewItemInInventory_00000379\"},{\"Name\":\"isNewItemInInventory_00000359\"},{\"Name\":\"isNewItemInInventory_00000589\"},{\"Name\":\"isNewItemInInventory_00000466\"},{\"Name\":\"isNewItemInInventory_00000517\"},{\"Name\":\"isNewItemInInventory_00000634\"},{\"Name\":\"isNewItemInInventory_00000402\"},{\"Name\":\"isNewItemInInventory_00000368\"},{\"Name\":\"isNewItemInInventory_00000412\"},{\"Name\":\"isNewItemInInventory_00000440\"},{\"Name\":\"isNewItemInInventory_00000381\"},{\"Name\":\"InventoryLightsActive\"},{\"Name\":\"isNewCraftingRecipeTutorial_CraftedArrowsRecipe\"},{\"Name\":\"isNewCraftingRecipeTutorial_CraftedSpearRecipe\"},{\"Name\":\"consumed.00000433\",\"SettingType\":1,\"IntValue\":8},{\"Name\":\"isNewItemInInventory_00000474\"},{\"Name\":\"isNewItemInInventory_00000416\"},{\"Name\":\"isNewItemInInventory_00000527\"},{\"Name\":\"isNewItemInInventory_00000635\"},{\"Name\":\"isNewItemInInventory_00000439\"},{\"Name\":\"isNewItemInInventory_00000392\"},{\"Name\":\"isNewItemInInventory_00000420\"},{\"Name\":\"consumed.00000401\",\"SettingType\":1,\"IntValue\":1},{\"Name\":\"isNewCraftingRecipeTutorial_CraftedAxeRecipe\"},{\"Name\":\"isNewCraftingRecipeTutorial_CraftedBowRecipe\"},{\"Name\":\"isNewCraftingRecipeTutorial_CraftedClubRecipe\"},{\"Name\":\"ShowMissingTacticalsTutorial\"},{\"Name\":\"ShowMissingPufftonsTutorial\"},{\"Name\":\"seenFirstTimeEquip_00000412\",\"BoolValue\":true},{\"Name\":\"isNewCraftingRecipeTutorial_TimeBombRecipe\"},{\"Name\":\"isNewItemInInventory_00000403\"},{\"Name\":\"isNewItemInInventory_00000476\"},{\"Name\":\"isNewItemInInventory_00000393\"},{\"Name\":\"isNewItemInInventory_00000419\"},{\"Name\":\"crafted.00000443\",\"SettingType\":1,\"IntValue\":1},{\"Name\":\"isNewCraftingRecipe_CraftedBowRecipe\"},{\"Name\":\"isNewItemInInventory_00000410\"},{\"Name\":\"isNewItemInInventory_00000443\"},{\"Name\":\"isNewItemInInventory_00000479\"},{\"Name\":\"crafted.00000507\",\"SettingType\":1,\"IntValue\":60},{\"Name\":\"isNewCraftingRecipe_CraftedArrowsRecipe\"},{\"Name\":\"isNewCraftingRecipeTutorial_CraftedArrowExplosiveUpgradeRecipe\"},{\"Name\":\"isNewCraftingRecipeTutorial_CraftedArrowShockUpgradeRecipe\"},{\"Name\":\"isNewItemInInventory_00000418\"},{\"Name\":\"seenFirstTimeEquip_00000413\",\"BoolValue\":true},{\"Name\":\"Strength\",\"SettingType\":2,\"FloatValue\":31.92983},{\"Name\":\"StrengthLevel\",\"SettingType\":1,\"IntValue\":22},{\"Name\":\"CurrentStrength\",\"SettingType\":2,\"FloatValue\":2071.67773},{\"Name\":\"RequiredCurrentStrengthPerLevel\",\"SettingType\":2,\"FloatValue\":6488.2207},{\"Name\":\"MaxHealth\",\"SettingType\":2,\"FloatValue\":142.0},{\"Name\":\"CurrentHealth\",\"SettingType\":2,\"FloatValue\":74.0},{\"Name\":\"TargetHealth\",\"SettingType\":2,\"FloatValue\":74.0},{\"Name\":\"Sickness\",\"SettingType\":2},{\"Name\":\"Hydration\",\"SettingType\":2,\"FloatValue\":95.0523453},{\"Name\":\"Fullness\",\"SettingType\":2,\"FloatValue\":34.8172455},{\"Name\":\"Rest\",\"SettingType\":2},{\"Name\":\"Stamina\",\"SettingType\":2,\"FloatValue\":48.99985},{\"Name\":\"HydrationBuff\",\"SettingType\":2,\"FloatValue\":-14.4894543},{\"Name\":\"FullnessBuff\",\"SettingType\":2,\"FloatValue\":-11.4073057},{\"Name\":\"RestBuff\",\"SettingType\":2},{\"Name\":\"CookingBuffTimeRemaining\",\"SettingType\":2,\"FloatValue\":-0.08017695},{\"Name\":\"CookingBuffRecipe\",\"SettingType\":1,\"IntValue\":-1},{\"Name\":\"player.position\",\"SettingType\":4,\"FloatArrayValue\":[-1005.88428,115.733032,-43.2467575]},{\"Name\":\"player.rotation\",\"SettingType\":4,\"FloatArrayValue\":[-5.58793545E-09,0.882827938,-1.67638063E-08,-0.46969673]},{\"Name\":\"player.areaMask\",\"SettingType\":1},{\"Name\":\"isNewItemInInventory_00000433\"},{\"Name\":\"isNewItemInInventory_00000648\"},{\"Name\":\"isNewItemInInventory_00000504\"},{\"Name\":\"isNewItemInInventory_00000506\"},{\"Name\":\"isNewItemInInventory_00000430\"},{\"Name\":\"hasOwned_00000402\",\"BoolValue\":true},{\"Name\":\"ActionCameraVideoCollected_CultistsArrival\",\"BoolValue\":true},{\"Name\":\"CurrentActionVideoIndex\",\"SettingType\":1,\"IntValue\":1},{\"Name\":\"seenFirstTimeEquip_00000637\",\"BoolValue\":true},{\"Name\":\"hasViewedFoundRecording_CultistsArrival\",\"BoolValue\":true},{\"Name\":\"isNewCraftingRecipeTutorial_LeafArmourRecipe\"},{\"Name\":\"isNewCraftingRecipeTutorial_TorchRecipe\"},{\"Name\":\"isNewCraftingRecipeTutorial_CraftedArrowFireUpgradeRecipe\"},{\"Name\":\"isNewCraftingRecipeTutorial_MolotovRecipe\"},{\"Name\":\"hasOwned_00000695\",\"BoolValue\":true},{\"Name\":\"hasOwned_00000697\",\"BoolValue\":true},{\"Name\":\"hasOwned_00000612\",\"BoolValue\":true},{\"Name\":\"seenFirstTimeEquip_00000631\",\"BoolValue\":true},{\"Name\":\"hasOwned_00000487\",\"BoolValue\":true},{\"Name\":\"seenFirstTimeEquip_00000633\",\"BoolValue\":true},{\"Name\":\"isNewItemInInventory_00000401\"},{\"Name\":\"isNewItemInInventory_00000469\"},{\"Name\":\"isNewItemInInventory_00000487\"},{\"Name\":\"isNewItemInInventory_00000495\"},{\"Name\":\"hasOwned_00000489\",\"BoolValue\":true},{\"Name\":\"hasOwned_00000501\",\"BoolValue\":true},{\"Name\":\"isNewItemInInventory_00000434\"},{\"Name\":\"isNewItemInInventory_00000502\"},{\"Name\":\"isNewItemInInventory_00000631\"},{\"Name\":\"isNewItemInInventory_00000633\"},{\"Name\":\"isNewItemInInventory_00000690\"},{\"Name\":\"isNewItemInInventory_00000508\"},{\"Name\":\"crafted.00000502\",\"SettingType\":1,\"IntValue\":13},{\"Name\":\"crafted.00000418\",\"SettingType\":1,\"IntValue\":11},{\"Name\":\"crafted.00000362\",\"SettingType\":1,\"IntValue\":2},{\"Name\":\"crafted.00000419\",\"SettingType\":1,\"IntValue\":19},{\"Name\":\"crafted.00000437\",\"SettingType\":1,\"IntValue\":15},{\"Name\":\"isNewCraftingRecipe_LootPouchRecipe\"},{\"Name\":\"GpsZoomTutorialComplete\",\"BoolValue\":true},{\"Name\":\"GPSZoomLevel\",\"SettingType\":1,\"IntValue\":3},{\"Name\":\"HasDismountedFromGolfCartBefore\",\"BoolValue\":true},{\"Name\":\"MissingTacticalFound_Hanging\",\"BoolValue\":true},{\"Name\":\"MissingTacticalsFound\",\"SettingType\":1,\"IntValue\":1},{\"Name\":\"isNewCraftingRecipeTutorial_FlashlightRechargeRecipe\"},{\"Name\":\"hasOwned_00000615\",\"BoolValue\":true},{\"Name\":\"isNewItemInInventory_00000438\"},{\"Name\":\"isNewItemInInventory_00000441\"},{\"Name\":\"isNewItemInInventory_00000471\"},{\"Name\":\"isNewItemInInventory_00000356\"},{\"Name\":\"isNewItemInInventory_00000437\"},{\"Name\":\"crafted.00000417\",\"SettingType\":1,\"IntValue\":2},{\"Name\":\"isNewCraftingRecipe_TimeBombRecipe\"},{\"Name\":\"isNewItemInInventory_00000417\"},{\"Name\":\"isNewItemInInventory_00000390\"},{\"Name\":\"isNewItemInInventory_00000414\"},{\"Name\":\"isNewItemInInventory_00000637\"},{\"Name\":\"isNewItemInInventory_00000413\"},{\"Name\":\"isNewItemInInventory_00000484\"},{\"Name\":\"isNewItemInInventory_00000387\"},{\"Name\":\"isNewItemInInventory_00000523\"},{\"Name\":\"isNewItemInInventory_00000650\"},{\"Name\":\"isNewItemInInventory_00000593\"},{\"Name\":\"isNewItemInInventory_00000373\"},{\"Name\":\"isNewItemInInventory_00000529\"},{\"Name\":\"isNewItemInInventory_00000421\"},{\"Name\":\"GolfCartRadioActive\"},{\"Name\":\"hasOwned_00000694\",\"BoolValue\":true},{\"Name\":\"isNewItemInInventory_00000362\"},{\"Name\":\"isNewItemInInventory_00000363\"},{\"Name\":\"seenFirstTimeEquip_00000589\",\"BoolValue\":true},{\"Name\":\"SCREWBookLastUsed\",\"BoolValue\":true},{\"Name\":\"BlueprintBookPageIndex\",\"SettingType\":1,\"IntValue\":17},{\"Name\":\"isNewItemInInventory_00000507\"},{\"Name\":\"seenFirstTimeEquip_00000486\",\"BoolValue\":true},{\"Name\":\"DoneRemoveStructureElementTutorial\",\"BoolValue\":true},{\"Name\":\"consumed.00000453\",\"SettingType\":1,\"IntValue\":14},{\"Name\":\"isNewItemInInventory_00000405\"},{\"Name\":\"consumed.00000436\",\"SettingType\":1,\"IntValue\":20},{\"Name\":\"isNewItemInInventory_00000661\"},{\"Name\":\"isNewItemInInventory_00000518\"},{\"Name\":\"isNewItemInInventory_00000482\"},{\"Name\":\"isNewItemInInventory_00000453\"},{\"Name\":\"consumed.00000517\",\"SettingType\":1,\"IntValue\":3},{\"Name\":\"isNewItemInInventory_00000436\"},{\"Name\":\"isNewItemInInventory_00000415\"},{\"Name\":\"isNewItemInInventory_00000715\"},{\"Name\":\"HasBeenTiredBefore\",\"BoolValue\":true},{\"Name\":\"isNewItemInInventory_00000425\"},{\"Name\":\"isNewCraftingRecipeTutorial_BoneArmourRecipe\"},{\"Name\":\"isNewItemInInventory_00000480\"},{\"Name\":\"isNewItemInInventory_00000595\"},{\"Name\":\"isNewItemInInventory_00000604\"},{\"Name\":\"isNewItemInInventory_00000452\"},{\"Name\":\"isNewItemInInventory_00000599\"},{\"Name\":\"isNewItemInInventory_00000598\"},{\"Name\":\"isNewItemInInventory_00000447\"},{\"Name\":\"consumed.00000398\",\"SettingType\":1,\"IntValue\":3},{\"Name\":\"crafted.00000422\",\"SettingType\":1,\"IntValue\":1},{\"Name\":\"isNewCraftingRecipe_CraftedAxeRecipe\"},{\"Name\":\"isNewItemInInventory_00000422\"},{\"Name\":\"consumed.00000449\",\"SettingType\":1,\"IntValue\":1},{\"Name\":\"crafted.00000466\",\"SettingType\":1,\"IntValue\":4},{\"Name\":\"crafted.00000441\",\"SettingType\":1,\"IntValue\":3},{\"Name\":\"crafted.00000496\",\"SettingType\":1,\"IntValue\":6},{\"Name\":\"crafted.00000439\",\"SettingType\":1,\"IntValue\":3},{\"Name\":\"consumed.00000437\",\"SettingType\":1,\"IntValue\":4},{\"Name\":\"DoneBuildFireTutorial\",\"BoolValue\":true},{\"Name\":\"crafted.00000415\",\"SettingType\":1,\"IntValue\":3},{\"Name\":\"TutorialBookPageIndex\",\"SettingType\":1,\"IntValue\":3},{\"Name\":\"isNewCraftingRecipeTutorial_DeerHideArmourRecipe\"},{\"Name\":\"isNewItemInInventory_00000603\"},{\"Name\":\"isNewItemInInventory_00000472\"},{\"Name\":\"consumed.00000594\",\"SettingType\":1,\"IntValue\":1},{\"Name\":\"crafted.00000503\",\"SettingType\":1,\"IntValue\":1},{\"Name\":\"isNewCraftingRecipe_TorchRecipe\"},{\"Name\":\"isNewItemInInventory_00000450\"},{\"Name\":\"isNewItemInInventory_00000446\"},{\"Name\":\"isNewItemInInventory_00000601\"},{\"Name\":\"isNewCraftingRecipeTutorial_HealthMixPlusRecipe\"},{\"Name\":\"isNewCraftingRecipeTutorial_HealthMixRecipe\"},{\"Name\":\"isNewItemInInventory_00000503\"},{\"Name\":\"isNewItemInInventory_00000481\"},{\"Name\":\"isNewItemInInventory_00000496\"},{\"Name\":\"crafted.00000448\",\"SettingType\":1,\"IntValue\":2},{\"Name\":\"crafted.00000476\",\"SettingType\":1,\"IntValue\":1},{\"Name\":\"TorchWasLit\",\"BoolValue\":true},{\"Name\":\"consumed.00000450\",\"SettingType\":1,\"IntValue\":21},{\"Name\":\"consumed.00000480\",\"SettingType\":1,\"IntValue\":1},{\"Name\":\"crafted.00000410\",\"SettingType\":1,\"IntValue\":3},{\"Name\":\"crafted.00000447\",\"SettingType\":1,\"IntValue\":1},{\"Name\":\"isNewItemInInventory_00000651\"},{\"Name\":\"crafted.00000479\",\"SettingType\":1,\"IntValue\":3},{\"Name\":\"crafted.00000446\",\"SettingType\":1,\"IntValue\":1},{\"Name\":\"crafted.00000445\",\"SettingType\":1,\"IntValue\":2},{\"Name\":\"isNewCraftingRecipeTutorial_CraftedArrowPoisonUpgradeRecipe\"},{\"Name\":\"isNewItemInInventory_00000364\"},{\"Name\":\"crafted.00000388\",\"SettingType\":1,\"IntValue\":1},{\"Name\":\"isNewCraftingRecipe_MolotovRecipe\"},{\"Name\":\"crafted.00000471\",\"SettingType\":1,\"IntValue\":1},{\"Name\":\"isNewCraftingRecipe_FlashlightRechargeRecipe\"},{\"Name\":\"isNewItemInInventory_00000451\"},{\"Name\":\"isNewItemInInventory_00000398\"},{\"Name\":\"consumed.00000397\",\"SettingType\":1,\"IntValue\":2}],\"NamedInts\":[{\"SaveObjectNameId\":\"BunkerLuxury.Cutscene.MutantBossIntro\"},{\"SaveObjectNameId\":\"BunkerResidential.Cutscene.GetDownSon\"}]}"}}