{"Version":"0.0.0","Data":{"PlayerInventory":"{\"Version\":\"1.0.0\",\"QuickSelect\":{\"Version\":\"0.0.0\",\"Slots\":[{\"ItemId\":379,\"Age\":157.8568},{\"ItemId\":359,\"Age\":157.8568},{\"ItemId\":417,\"Age\":6324.239},{\"ItemId\":430,\"Age\":157.8568},{\"ItemId\":437,\"Age\":157.8568},{\"ItemId\":440,\"Age\":157.8568},{\"ItemId\":381,\"Age\":157.8568},{\"ItemId\":418,\"Age\":157.8568},{\"ItemId\":589,\"Age\":157.8568}]},\"EquippedItems\":[{\"ItemId\":356,\"Modules\":[{\"ChannelWeights\":{\"x\":0.0599999949},\"Version\":\"0.0.0\"},{\"Version\":\"0.0.0\",\"ModuleId\":8}]}],\"ItemInstanceManagerData\":{\"Version\":\"0.0.0\",\"ItemBlocks\":[{\"ItemId\":402,\"TotalCount\":1,\"UniqueItems\":[{\"Modules\":[{\"Version\":\"0.0.0\"}]}]},{\"ItemId\":380,\"TotalCount\":1,\"UniqueItems\":[{\"Modules\":[{\"Version\":\"0.0.0\"}]}]},{\"ItemId\":489,\"TotalCount\":1,\"UniqueItems\":[]},{\"ItemId\":351,\"TotalCount\":1,\"UniqueItems\":[]},{\"ItemId\":552,\"TotalCount\":1,\"UniqueItems\":[]},{\"ItemId\":690,\"TotalCount\":1,\"UniqueItems\":[]},{\"ItemId\":486,\"TotalCount\":1,\"UniqueItems\":[]},{\"ItemId\":437,\"TotalCount\":6,\"UniqueItems\":[]},{\"ItemId\":419,\"TotalCount\":22,\"UniqueItems\":[]},{\"ItemId\":440,\"TotalCount\":5,\"UniqueItems\":[]},{\"ItemId\":362,\"TotalCount\":19,\"UniqueItems\":[]},{\"ItemId\":387,\"TotalCount\":2,\"UniqueItems\":[]},{\"ItemId\":504,\"TotalCount\":5,\"UniqueItems\":[]},{\"ItemId\":410,\"TotalCount\":5,\"UniqueItems\":[]},{\"ItemId\":527,\"TotalCount\":2,\"UniqueItems\":[]},{\"ItemId\":381,\"TotalCount\":4,\"UniqueItems\":[]},{\"ItemId\":420,\"TotalCount\":3,\"UniqueItems\":[]},{\"ItemId\":418,\"TotalCount\":9,\"UniqueItems\":[]},{\"ItemId\":368,\"TotalCount\":1,\"UniqueItems\":[]},{\"ItemId\":379,\"TotalCount\":1,\"UniqueItems\":[{\"Modules\":[{\"Version\":\"0.0.0\"},{\"Version\":\"0.0.0\",\"ModuleId\":8}]}]},{\"ItemId\":412,\"TotalCount\":1,\"UniqueItems\":[]},{\"ItemId\":413,\"TotalCount\":1,\"UniqueItems\":[]},{\"ItemId\":589,\"TotalCount\":1,\"UniqueItems\":[]},{\"ItemId\":393,\"TotalCount\":7,\"UniqueItems\":[]},{\"ItemId\":476,\"TotalCount\":30,\"UniqueItems\":[]},{\"ItemId\":430,\"TotalCount\":2,\"UniqueItems\":[]},{\"ItemId\":634,\"TotalCount\":3,\"UniqueItems\":[]},{\"ItemId\":421,\"TotalCount\":3,\"UniqueItems\":[]},{\"ItemId\":359,\"TotalCount\":1,\"UniqueItems\":[{\"Modules\":[{\"Version\":\"0.0.0\"},{\"Version\":\"0.0.0\",\"ModuleId\":8}]}]},{\"ItemId\":517,\"TotalCount\":1,\"UniqueItems\":[{\"Modules\":[{\"RecipeId\":-752923139,\"CurrentVolume\":2000,\"Version\":\"0.0.0\",\"ModuleId\":7}]}]},{\"ItemId\":392,\"TotalCount\":6,\"UniqueItems\":[]},{\"ItemId\":416,\"TotalCount\":1,\"UniqueItems\":[]},{\"ItemId\":441,\"TotalCount\":5,\"UniqueItems\":[]},{\"ItemId\":523,\"TotalCount\":4,\"UniqueItems\":[]},{\"ItemId\":390,\"TotalCount\":200,\"UniqueItems\":[]},{\"ItemId\":439,\"TotalCount\":7,\"UniqueItems\":[]},{\"ItemId\":479,\"TotalCount\":99,\"UniqueItems\":[]},{\"ItemId\":648,\"TotalCount\":1,\"UniqueItems\":[]},{\"ItemId\":484,\"TotalCount\":184,\"UniqueItems\":[]},{\"ItemId\":635,\"TotalCount\":3,\"UniqueItems\":[]},{\"ItemId\":506,\"TotalCount\":3,\"UniqueItems\":[]},{\"ItemId\":474,\"TotalCount\":3,\"UniqueItems\":[{\"Modules\":[{\"Version\":\"0.0.0\"}]},{\"Modules\":[{\"Version\":\"0.0.0\"}]},{\"Modules\":[{\"Version\":\"0.0.0\"}]}]},{\"ItemId\":650,\"TotalCount\":1,\"UniqueItems\":[]},{\"ItemId\":401,\"TotalCount\":4,\"UniqueItems\":[]},{\"ItemId\":508,\"TotalCount\":6,\"UniqueItems\":[]},{\"ItemId\":405,\"TotalCount\":16,\"UniqueItems\":[]},{\"ItemId\":502,\"TotalCount\":37,\"UniqueItems\":[]},{\"ItemId\":469,\"TotalCount\":3,\"UniqueItems\":[]},{\"ItemId\":593,\"TotalCount\":10,\"UniqueItems\":[]},{\"ItemId\":445,\"TotalCount\":18,\"UniqueItems\":[]},{\"ItemId\":599,\"TotalCount\":7,\"UniqueItems\":[]},{\"ItemId\":595,\"TotalCount\":7,\"UniqueItems\":[]},{\"ItemId\":598,\"TotalCount\":3,\"UniqueItems\":[]},{\"ItemId\":443,\"TotalCount\":1,\"UniqueItems\":[{\"Modules\":[{\"AmmoType\":507,\"CurrentAmmo\":1,\"WeaponModIds\":[],\"Version\":\"0.0.0\",\"ModuleId\":4}]}]},{\"ItemId\":518,\"TotalCount\":1,\"UniqueItems\":[]},{\"ItemId\":434,\"TotalCount\":3,\"UniqueItems\":[]},{\"ItemId\":637,\"TotalCount\":1,\"UniqueItems\":[]},{\"ItemId\":415,\"TotalCount\":2,\"UniqueItems\":[]},{\"ItemId\":414,\"TotalCount\":6,\"UniqueItems\":[]},{\"ItemId\":695,\"TotalCount\":1,\"UniqueItems\":[]},{\"ItemId\":425,\"TotalCount\":1,\"UniqueItems\":[]},{\"ItemId\":697,\"TotalCount\":1,\"UniqueItems\":[]},{\"ItemId\":612,\"TotalCount\":1,\"UniqueItems\":[]},{\"ItemId\":631,\"TotalCount\":1,\"UniqueItems\":[]},{\"ItemId\":633,\"TotalCount\":1,\"UniqueItems\":[]},{\"ItemId\":495,\"TotalCount\":2,\"UniqueItems\":[]},{\"ItemId\":501,\"TotalCount\":1,\"UniqueItems\":[]},{\"ItemId\":447,\"TotalCount\":13,\"UniqueItems\":[]},{\"ItemId\":604,\"TotalCount\":2,\"UniqueItems\":[]},{\"ItemId\":363,\"TotalCount\":5,\"UniqueItems\":[]},{\"ItemId\":364,\"TotalCount\":7,\"UniqueItems\":[]},{\"ItemId\":400,\"TotalCount\":9,\"UniqueItems\":[]},{\"ItemId\":453,\"TotalCount\":7,\"UniqueItems\":[]},{\"ItemId\":529,\"TotalCount\":1,\"UniqueItems\":[{\"Modules\":[{\"IconIndex\":10,\"Version\":\"0.0.0\",\"ModuleId\":2}]}]},{\"ItemId\":471,\"TotalCount\":1,\"UniqueItems\":[{\"Modules\":[{\"RecipeId\":-1,\"CurrentVolume\":28,\"Version\":\"0.0.0\",\"ModuleId\":7}]}]},{\"ItemId\":452,\"TotalCount\":3,\"UniqueItems\":[]},{\"ItemId\":450,\"TotalCount\":13,\"UniqueItems\":[]},{\"ItemId\":615,\"TotalCount\":1,\"UniqueItems\":[]},{\"ItemId\":438,\"TotalCount\":1,\"UniqueItems\":[]},{\"ItemId\":417,\"TotalCount\":1,\"UniqueItems\":[]},{\"ItemId\":694,\"TotalCount\":1,\"UniqueItems\":[]},{\"ItemId\":661,\"TotalCount\":2,\"UniqueItems\":[]},{\"ItemId\":398,\"TotalCount\":17,\"UniqueItems\":[]},{\"ItemId\":397,\"TotalCount\":4,\"UniqueItems\":[]},{\"ItemId\":446,\"TotalCount\":4,\"UniqueItems\":[]},{\"ItemId\":601,\"TotalCount\":4,\"UniqueItems\":[]},{\"ItemId\":715,\"TotalCount\":1,\"UniqueItems\":[]},{\"ItemId\":472,\"TotalCount\":5,\"UniqueItems\":[]},{\"ItemId\":651,\"TotalCount\":1,\"UniqueItems\":[]},{\"ItemId\":644,\"TotalCount\":1,\"UniqueItems\":[]},{\"ItemId\":603,\"TotalCount\":6,\"UniqueItems\":[]},{\"ItemId\":422,\"TotalCount\":1,\"UniqueItems\":[{\"Modules\":[{\"Version\":\"0.0.0\"}]}]},{\"ItemId\":496,\"TotalCount\":4,\"UniqueItems\":[]},{\"ItemId\":507,\"TotalCount\":10,\"UniqueItems\":[{\"Modules\":[{\"Version\":\"0.0.0\",\"ModuleId\":9}]},{\"Modules\":[{\"Version\":\"0.0.0\",\"ModuleId\":9}]},{\"Modules\":[{\"Version\":\"0.0.0\",\"ModuleId\":9}]},{\"Modules\":[{\"Version\":\"0.0.0\",\"ModuleId\":9}]},{\"Modules\":[{\"Version\":\"0.0.0\",\"ModuleId\":9}]},{\"Modules\":[{\"Version\":\"0.0.0\",\"ModuleId\":9}]},{\"Modules\":[{\"Version\":\"0.0.0\",\"ModuleId\":9}]},{\"Modules\":[{\"Version\":\"0.0.0\",\"ModuleId\":9}]},{\"Modules\":[{\"Version\":\"0.0.0\",\"ModuleId\":9}]},{\"Modules\":[{\"Version\":\"0.0.0\",\"ModuleId\":9}]}]},{\"ItemId\":602,\"TotalCount\":1,\"UniqueItems\":[]},{\"ItemId\":503,\"TotalCount\":1,\"UniqueItems\":[{\"Modules\":[{\"Version\":\"0.0.0\"}]}]},{\"ItemId\":451,\"TotalCount\":2,\"UniqueItems\":[]},{\"ItemId\":724,\"TotalCount\":6,\"UniqueItems\":[]},{\"ItemId\":448,\"TotalCount\":1,\"UniqueItems\":[]}]}}"}}