{"Version":"0.0.0","Data":{"CookingSaveManager":"{\"_cookingPotData\":[{\"RecipeId\":-1},{\"RecipeId\":-1},{\"RecipeId\":-1},{\"RecipeId\":-1},{\"RecipeId\":-1},{\"RecipeId\":-1},{\"RecipeId\":-1},{\"HasPot\":true,\"RecipeId\":-1,\"CookTimeRemaining\":-0.150930762},{\"RecipeId\":-1},{\"RecipeId\":-1},{\"RecipeId\":-1},{\"RecipeId\":-1},{\"RecipeId\":-1},{\"RecipeId\":-1},{\"RecipeId\":-1},{\"RecipeId\":-1},{\"RecipeId\":-1},{\"RecipeId\":-1},{\"RecipeId\":-1},{\"RecipeId\":-1},{\"RecipeId\":-1},{\"RecipeId\":-1},{\"RecipeId\":-1}]}"}}