{"Version":"0.0.0","Data":{"FreeFormTreeStructures":"{\"Version\":\"0.0.1\",\"_treeStructureData\":[{\"_locatorId\":\"B808C2FF600C070032EBFFFF\"},{\"_locatorId\":\"B808C2FF600C070032EBFFFF\"},{\"_locatorId\":\"B808C2FF600C070032EBFFFF\"},{\"_locatorId\":\"B808C2FF600C070032EBFFFF\"},{\"_locatorId\":\"585EC2FF4C0C07002E4F0000\"},{\"_locatorId\":\"585EC2FF4C0C07002E4F0000\"},{\"_locatorId\":\"585EC2FF4C0C07002E4F0000\"},{\"_locatorId\":\"585EC2FF4C0C07002E4F0000\"},{\"_locatorId\":\"1EC2C2FF1B0C070046F2FFFF\"},{\"_locatorId\":\"1EC2C2FF1B0C070046F2FFFF\"},{\"_locatorId\":\"1EC2C2FF1B0C070046F2FFFF\"},{\"_locatorId\":\"1EC2C2FF1B0C070046F2FFFF\"},{\"_locatorId\":\"585EC2FF4C0C07002E4F0000\"}]}"}}