{"Version":"0.0.0","Data":{"FreeFormFreeLinksManager":"{\"_supportingStructuresData\":[{\"Structure\":{\"_typeId\":4,\"_instanceId\":50},\"List\":[{\"_typeId\":32,\"_instanceId\":14},{\"_typeId\":32,\"_instanceId\":8}]},{\"Structure\":{\"_typeId\":4,\"_instanceId\":89},\"List\":[{\"_typeId\":42,\"_instanceId\":16},{\"_typeId\":42,\"_instanceId\":21}]},{\"Structure\":{\"_typeId\":4,\"_instanceId\":51},\"List\":[{\"_typeId\":32,\"_instanceId\":15}]},{\"Structure\":{\"_typeId\":11,\"_instanceId\":1},\"List\":[{\"_typeId\":32,\"_instanceId\":12}]},{\"Structure\":{\"_typeId\":4,\"_instanceId\":23},\"List\":[{\"_typeId\":32,\"_instanceId\":9}]},{\"Structure\":{\"_typeId\":42,\"_instanceId\":7},\"List\":[{\"_typeId\":41,\"_instanceId\":4}]},{\"Structure\":{\"_typeId\":2,\"_instanceId\":37},\"List\":[{\"_typeId\":41,\"_instanceId\":19}]},{\"Structure\":{\"_typeId\":5,\"_instanceId\":7},\"List\":[{\"_typeId\":42,\"_instanceId\":1},{\"_typeId\":42,\"_instanceId\":24}]},{\"Structure\":{\"_typeId\":5,\"_instanceId\":8},\"List\":[{\"_typeId\":42,\"_instanceId\":2},{\"_typeId\":42,\"_instanceId\":3},{\"_typeId\":42,\"_instanceId\":23}]},{\"Structure\":{\"_typeId\":5,\"_instanceId\":9},\"List\":[{\"_typeId\":42,\"_instanceId\":4},{\"_typeId\":42,\"_instanceId\":22}]},{\"Structure\":{\"_typeId\":5,\"_instanceId\":11},\"List\":[{\"_typeId\":42,\"_instanceId\":5}]},{\"Structure\":{\"_typeId\":5,\"_instanceId\":10},\"List\":[{\"_typeId\":42,\"_instanceId\":6}]},{\"Structure\":{\"_typeId\":5,\"_instanceId\":6},\"List\":[{\"_typeId\":42,\"_instanceId\":7}]},{\"Structure\":{\"_typeId\":4,\"_instanceId\":87},\"List\":[{\"_typeId\":42,\"_instanceId\":19}]},{\"Structure\":{\"_typeId\":4,\"_instanceId\":74},\"List\":[{\"_typeId\":42,\"_instanceId\":15},{\"_typeId\":42,\"_instanceId\":17}]},{\"Structure\":{\"_typeId\":4,\"_instanceId\":70},\"List\":[{\"_typeId\":42,\"_instanceId\":8}]},{\"Structure\":{\"_typeId\":4,\"_instanceId\":56},\"List\":[{\"_typeId\":42,\"_instanceId\":14},{\"_typeId\":42,\"_instanceId\":11}]},{\"Structure\":{\"_typeId\":4,\"_instanceId\":79},\"List\":[{\"_typeId\":42,\"_instanceId\":13},{\"_typeId\":42,\"_instanceId\":12},{\"_typeId\":42,\"_instanceId\":9},{\"_typeId\":42,\"_instanceId\":10}]},{\"Structure\":{\"_typeId\":4,\"_instanceId\":80},\"List\":[{\"_typeId\":42,\"_instanceId\":18}]},{\"Structure\":{\"_typeId\":3,\"_instanceId\":186},\"List\":[{\"_typeId\":41,\"_instanceId\":17}]},{\"Structure\":{\"_typeId\":4,\"_instanceId\":85},\"List\":[{\"_typeId\":42,\"_instanceId\":20}]},{\"Structure\":{\"_typeId\":42,\"_instanceId\":13},\"List\":[{\"_typeId\":41,\"_instanceId\":6},{\"_typeId\":41,\"_instanceId\":62}]},{\"Structure\":{\"_typeId\":42,\"_instanceId\":12},\"List\":[{\"_typeId\":41,\"_instanceId\":6},{\"_typeId\":41,\"_instanceId\":7},{\"_typeId\":41,\"_instanceId\":55}]},{\"Structure\":{\"_typeId\":42,\"_instanceId\":14},\"List\":[{\"_typeId\":41,\"_instanceId\":7},{\"_typeId\":41,\"_instanceId\":8},{\"_typeId\":41,\"_instanceId\":56}]},{\"Structure\":{\"_typeId\":42,\"_instanceId\":11},\"List\":[{\"_typeId\":41,\"_instanceId\":8},{\"_typeId\":41,\"_instanceId\":9},{\"_typeId\":41,\"_instanceId\":73}]},{\"Structure\":{\"_typeId\":42,\"_instanceId\":9},\"List\":[{\"_typeId\":41,\"_instanceId\":9},{\"_typeId\":41,\"_instanceId\":10},{\"_typeId\":41,\"_instanceId\":55},{\"_typeId\":41,\"_instanceId\":61}]},{\"Structure\":{\"_typeId\":42,\"_instanceId\":10},\"List\":[{\"_typeId\":41,\"_instanceId\":10},{\"_typeId\":41,\"_instanceId\":12},{\"_typeId\":41,\"_instanceId\":62}]},{\"Structure\":{\"_typeId\":42,\"_instanceId\":15},\"List\":[{\"_typeId\":41,\"_instanceId\":11},{\"_typeId\":41,\"_instanceId\":12}]},{\"Structure\":{\"_typeId\":42,\"_instanceId\":17},\"List\":[{\"_typeId\":41,\"_instanceId\":11},{\"_typeId\":41,\"_instanceId\":2},{\"_typeId\":41,\"_instanceId\":61}]},{\"Structure\":{\"_typeId\":42,\"_instanceId\":18},\"List\":[{\"_typeId\":41,\"_instanceId\":2},{\"_typeId\":41,\"_instanceId\":17},{\"_typeId\":41,\"_instanceId\":72},{\"_typeId\":41,\"_instanceId\":73}]},{\"Structure\":{\"_typeId\":3,\"_instanceId\":115},\"List\":[{\"_typeId\":41,\"_instanceId\":19}]},{\"Structure\":{\"_typeId\":3,\"_instanceId\":249},\"List\":[{\"_typeId\":41,\"_instanceId\":24}]},{\"Structure\":{\"_typeId\":3,\"_instanceId\":257},\"List\":[{\"_typeId\":41,\"_instanceId\":24},{\"_typeId\":41,\"_instanceId\":4}]},{\"Structure\":{\"_typeId\":3,\"_instanceId\":204},\"List\":[{\"_typeId\":41,\"_instanceId\":36}]},{\"Structure\":{\"_typeId\":3,\"_instanceId\":308},\"List\":[{\"_typeId\":41,\"_instanceId\":36},{\"_typeId\":41,\"_instanceId\":37}]},{\"Structure\":{\"_typeId\":42,\"_instanceId\":8},\"List\":[{\"_typeId\":41,\"_instanceId\":37}]},{\"Structure\":{\"_typeId\":42,\"_instanceId\":20},\"List\":[{\"_typeId\":41,\"_instanceId\":49}]},{\"Structure\":{\"_typeId\":3,\"_instanceId\":269},\"List\":[{\"_typeId\":41,\"_instanceId\":49}]},{\"Structure\":{\"_typeId\":2,\"_instanceId\":28},\"List\":[{\"_typeId\":41,\"_instanceId\":40}]},{\"Structure\":{\"_typeId\":42,\"_instanceId\":1},\"List\":[{\"_typeId\":41,\"_instanceId\":40}]},{\"Structure\":{\"_typeId\":3,\"_instanceId\":157},\"List\":[{\"_typeId\":41,\"_instanceId\":51}]},{\"Structure\":{\"_typeId\":3,\"_instanceId\":130},\"List\":[{\"_typeId\":41,\"_instanceId\":51}]},{\"Structure\":{\"_typeId\":43,\"_instanceId\":18},\"List\":[{\"_typeId\":41,\"_instanceId\":68}]},{\"Structure\":{\"_typeId\":2,\"_instanceId\":62},\"List\":[{\"_typeId\":41,\"_instanceId\":56}]},{\"Structure\":{\"_typeId\":3,\"_instanceId\":126},\"List\":[{\"_typeId\":41,\"_instanceId\":53}]},{\"Structure\":{\"_typeId\":3,\"_instanceId\":102},\"List\":[{\"_typeId\":41,\"_instanceId\":68}]},{\"Structure\":{\"_typeId\":20,\"_instanceId\":30},\"List\":[{\"_typeId\":41,\"_instanceId\":63}]},{\"Structure\":{\"_typeId\":2,\"_instanceId\":38},\"List\":[{\"_typeId\":41,\"_instanceId\":63},{\"_typeId\":41,\"_instanceId\":57},{\"_typeId\":41,\"_instanceId\":53}]},{\"Structure\":{\"_typeId\":2,\"_instanceId\":180},\"List\":[{\"_typeId\":41,\"_instanceId\":57},{\"_typeId\":41,\"_instanceId\":72}]}],\"_supportedByStructuresData\":[{\"Structure\":{\"_typeId\":41,\"_instanceId\":8},\"List\":[{\"_typeId\":42,\"_instanceId\":14},{\"_typeId\":42,\"_instanceId\":11}]},{\"Structure\":{\"_typeId\":41,\"_instanceId\":10},\"List\":[{\"_typeId\":42,\"_instanceId\":9},{\"_typeId\":42,\"_instanceId\":10}]},{\"Structure\":{\"_typeId\":42,\"_instanceId\":19},\"List\":[{\"_typeId\":4,\"_instanceId\":87}]},{\"Structure\":{\"_typeId\":32,\"_instanceId\":14},\"List\":[{\"_typeId\":4,\"_instanceId\":50}]},{\"Structure\":{\"_typeId\":32,\"_instanceId\":15},\"List\":[{\"_typeId\":4,\"_instanceId\":51}]},{\"Structure\":{\"_typeId\":32,\"_instanceId\":12},\"List\":[{\"_typeId\":11,\"_instanceId\":1}]},{\"Structure\":{\"_typeId\":41,\"_instanceId\":7},\"List\":[{\"_typeId\":42,\"_instanceId\":12},{\"_typeId\":42,\"_instanceId\":14}]},{\"Structure\":{\"_typeId\":41,\"_instanceId\":9},\"List\":[{\"_typeId\":42,\"_instanceId\":11},{\"_typeId\":42,\"_instanceId\":9}]},{\"Structure\":{\"_typeId\":41,\"_instanceId\":6},\"List\":[{\"_typeId\":42,\"_instanceId\":13},{\"_typeId\":42,\"_instanceId\":12}]},{\"Structure\":{\"_typeId\":42,\"_instanceId\":20},\"List\":[{\"_typeId\":4,\"_instanceId\":85}]},{\"Structure\":{\"_typeId\":32,\"_instanceId\":9},\"List\":[{\"_typeId\":4,\"_instanceId\":23}]},{\"Structure\":{\"_typeId\":42,\"_instanceId\":1},\"List\":[{\"_typeId\":5,\"_instanceId\":7}]},{\"Structure\":{\"_typeId\":42,\"_instanceId\":2},\"List\":[{\"_typeId\":5,\"_instanceId\":8}]},{\"Structure\":{\"_typeId\":42,\"_instanceId\":3},\"List\":[{\"_typeId\":5,\"_instanceId\":8}]},{\"Structure\":{\"_typeId\":42,\"_instanceId\":4},\"List\":[{\"_typeId\":5,\"_instanceId\":9}]},{\"Structure\":{\"_typeId\":42,\"_instanceId\":5},\"List\":[{\"_typeId\":5,\"_instanceId\":11}]},{\"Structure\":{\"_typeId\":42,\"_instanceId\":6},\"List\":[{\"_typeId\":5,\"_instanceId\":10}]},{\"Structure\":{\"_typeId\":42,\"_instanceId\":7},\"List\":[{\"_typeId\":5,\"_instanceId\":6}]},{\"Structure\":{\"_typeId\":42,\"_instanceId\":10},\"List\":[{\"_typeId\":4,\"_instanceId\":79}]},{\"Structure\":{\"_typeId\":42,\"_instanceId\":8},\"List\":[{\"_typeId\":4,\"_instanceId\":70}]},{\"Structure\":{\"_typeId\":42,\"_instanceId\":17},\"List\":[{\"_typeId\":4,\"_instanceId\":74}]},{\"Structure\":{\"_typeId\":42,\"_instanceId\":18},\"List\":[{\"_typeId\":4,\"_instanceId\":80}]},{\"Structure\":{\"_typeId\":42,\"_instanceId\":16},\"List\":[{\"_typeId\":4,\"_instanceId\":89}]},{\"Structure\":{\"_typeId\":42,\"_instanceId\":14},\"List\":[{\"_typeId\":4,\"_instanceId\":56}]},{\"Structure\":{\"_typeId\":42,\"_instanceId\":11},\"List\":[{\"_typeId\":4,\"_instanceId\":56}]},{\"Structure\":{\"_typeId\":42,\"_instanceId\":13},\"List\":[{\"_typeId\":4,\"_instanceId\":79}]},{\"Structure\":{\"_typeId\":42,\"_instanceId\":9},\"List\":[{\"_typeId\":4,\"_instanceId\":79}]},{\"Structure\":{\"_typeId\":42,\"_instanceId\":12},\"List\":[{\"_typeId\":4,\"_instanceId\":79}]},{\"Structure\":{\"_typeId\":41,\"_instanceId\":12},\"List\":[{\"_typeId\":42,\"_instanceId\":10},{\"_typeId\":42,\"_instanceId\":15}]},{\"Structure\":{\"_typeId\":42,\"_instanceId\":21},\"List\":[{\"_typeId\":4,\"_instanceId\":89}]},{\"Structure\":{\"_typeId\":42,\"_instanceId\":15},\"List\":[{\"_typeId\":4,\"_instanceId\":74}]},{\"Structure\":{\"_typeId\":32,\"_instanceId\":8},\"List\":[{\"_typeId\":4,\"_instanceId\":50}]},{\"Structure\":{\"_typeId\":41,\"_instanceId\":11},\"List\":[{\"_typeId\":42,\"_instanceId\":15},{\"_typeId\":42,\"_instanceId\":17}]},{\"Structure\":{\"_typeId\":41,\"_instanceId\":2},\"List\":[{\"_typeId\":42,\"_instanceId\":17},{\"_typeId\":42,\"_instanceId\":18}]},{\"Structure\":{\"_typeId\":41,\"_instanceId\":17},\"List\":[{\"_typeId\":42,\"_instanceId\":18},{\"_typeId\":3,\"_instanceId\":186}]},{\"Structure\":{\"_typeId\":41,\"_instanceId\":19},\"List\":[{\"_typeId\":2,\"_instanceId\":37},{\"_typeId\":3,\"_instanceId\":115}]},{\"Structure\":{\"_typeId\":41,\"_instanceId\":24},\"List\":[{\"_typeId\":3,\"_instanceId\":249},{\"_typeId\":3,\"_instanceId\":257}]},{\"Structure\":{\"_typeId\":41,\"_instanceId\":4},\"List\":[{\"_typeId\":42,\"_instanceId\":7},{\"_typeId\":3,\"_instanceId\":257}]},{\"Structure\":{\"_typeId\":41,\"_instanceId\":36},\"List\":[{\"_typeId\":3,\"_instanceId\":204},{\"_typeId\":3,\"_instanceId\":308}]},{\"Structure\":{\"_typeId\":41,\"_instanceId\":37},\"List\":[{\"_typeId\":3,\"_instanceId\":308},{\"_typeId\":42,\"_instanceId\":8}]},{\"Structure\":{\"_typeId\":41,\"_instanceId\":49},\"List\":[{\"_typeId\":3,\"_instanceId\":269},{\"_typeId\":42,\"_instanceId\":20}]},{\"Structure\":{\"_typeId\":41,\"_instanceId\":40},\"List\":[{\"_typeId\":2,\"_instanceId\":28},{\"_typeId\":42,\"_instanceId\":1}]},{\"Structure\":{\"_typeId\":41,\"_instanceId\":51},\"List\":[{\"_typeId\":3,\"_instanceId\":157},{\"_typeId\":3,\"_instanceId\":130}]},{\"Structure\":{\"_typeId\":41,\"_instanceId\":73},\"List\":[{\"_typeId\":42,\"_instanceId\":11},{\"_typeId\":42,\"_instanceId\":18}]},{\"Structure\":{\"_typeId\":41,\"_instanceId\":56},\"List\":[{\"_typeId\":2,\"_instanceId\":62},{\"_typeId\":42,\"_instanceId\":14}]},{\"Structure\":{\"_typeId\":41,\"_instanceId\":53},\"List\":[{\"_typeId\":3,\"_instanceId\":126},{\"_typeId\":2,\"_instanceId\":38}]},{\"Structure\":{\"_typeId\":41,\"_instanceId\":63},\"List\":[{\"_typeId\":20,\"_instanceId\":30},{\"_typeId\":2,\"_instanceId\":38}]},{\"Structure\":{\"_typeId\":41,\"_instanceId\":68},\"List\":[{\"_typeId\":43,\"_instanceId\":18},{\"_typeId\":3,\"_instanceId\":102}]},{\"Structure\":{\"_typeId\":41,\"_instanceId\":57},\"List\":[{\"_typeId\":2,\"_instanceId\":38},{\"_typeId\":2,\"_instanceId\":180}]},{\"Structure\":{\"_typeId\":41,\"_instanceId\":72},\"List\":[{\"_typeId\":42,\"_instanceId\":18},{\"_typeId\":2,\"_instanceId\":180}]},{\"Structure\":{\"_typeId\":41,\"_instanceId\":55},\"List\":[{\"_typeId\":42,\"_instanceId\":12},{\"_typeId\":42,\"_instanceId\":9}]},{\"Structure\":{\"_typeId\":41,\"_instanceId\":61},\"List\":[{\"_typeId\":42,\"_instanceId\":9},{\"_typeId\":42,\"_instanceId\":17}]},{\"Structure\":{\"_typeId\":41,\"_instanceId\":62},\"List\":[{\"_typeId\":42,\"_instanceId\":10},{\"_typeId\":42,\"_instanceId\":13}]},{\"Structure\":{\"_typeId\":42,\"_instanceId\":22},\"List\":[{\"_typeId\":5,\"_instanceId\":9}]},{\"Structure\":{\"_typeId\":42,\"_instanceId\":23},\"List\":[{\"_typeId\":5,\"_instanceId\":8}]},{\"Structure\":{\"_typeId\":42,\"_instanceId\":24},\"List\":[{\"_typeId\":5,\"_instanceId\":7}]}]}"}}