{"Version":"0.0.0","Data":{"StructureDestruction":"{\"Version\":\"0.0.0\",\"Data\":[{\"TypeID\":9,\"InstanceID\":1,\"Info\":{\"Health\":113.94,\"MaxHealth\":600.0,\"ElementCount\":1,\"MaxElements\":5,\"BreakCount\":4.0}},{\"TypeID\":4,\"InstanceID\":167,\"Info\":{\"Health\":259.2,\"MaxHealth\":300.0,\"ElementCount\":5,\"MaxElements\":5,\"BreakCount\":4.0,\"CanBreakTopElement\":true}},{\"TypeID\":33,\"InstanceID\":69,\"Info\":{\"Health\":150.0,\"MaxHealth\":60.0,\"ElementCount\":4,\"MaxElements\":1,\"BreakCount\":1.0,\"CanBreakTopElement\":true}},{\"TypeID\":3,\"InstanceID\":85,\"Info\":{\"Health\":1438.79309,\"MaxHealth\":1493.79309,\"ElementCount\":1,\"MaxElements\":1,\"BreakCount\":1.0}},{\"TypeID\":8,\"InstanceID\":20,\"Info\":{\"Health\":7672.591,\"MaxHealth\":7814.591,\"ElementCount\":5,\"MaxElements\":5,\"BreakCount\":4.0,\"CanBreakTopElement\":true}},{\"TypeID\":3,\"InstanceID\":150,\"Info\":{\"Health\":827.1907,\"MaxHealth\":865.1907,\"ElementCount\":1,\"MaxElements\":1,\"BreakCount\":1.0}},{\"TypeID\":3,\"InstanceID\":48,\"Info\":{\"Health\":50.0,\"MaxHealth\":60.0,\"ElementCount\":1,\"MaxElements\":1,\"BreakCount\":1.0}},{\"TypeID\":8,\"InstanceID\":21,\"Info\":{\"Health\":10579.0518,\"MaxHealth\":10735.6514,\"ElementCount\":5,\"MaxElements\":5,\"BreakCount\":4.0,\"CanBreakTopElement\":true}},{\"TypeID\":33,\"InstanceID\":38,\"Info\":{\"Health\":90.0,\"MaxHealth\":60.0,\"ElementCount\":4,\"MaxElements\":1,\"BreakCount\":1.0,\"CanBreakTopElement\":true}},{\"TypeID\":21,\"InstanceID\":18,\"Info\":{\"Health\":4679.15,\"MaxHealth\":4741.65,\"ElementCount\":1,\"MaxElements\":1,\"BreakCount\":1.0}},{\"TypeID\":4,\"InstanceID\":37,\"Info\":{\"Health\":233.6,\"MaxHealth\":300.0,\"ElementCount\":5,\"MaxElements\":5,\"BreakCount\":4.0,\"CanBreakTopElement\":true}},{\"TypeID\":33,\"InstanceID\":57,\"Info\":{\"Health\":40.0,\"MaxHealth\":60.0,\"ElementCount\":4,\"MaxElements\":1,\"BreakCount\":1.0,\"CanBreakTopElement\":true}},{\"TypeID\":20,\"InstanceID\":7,\"Info\":{\"Health\":17188.6855,\"MaxHealth\":17241.0859,\"ElementCount\":1,\"MaxElements\":1,\"BreakCount\":1.0}},{\"TypeID\":33,\"InstanceID\":6,\"Info\":{\"Health\":120.0,\"MaxHealth\":60.0,\"ElementCount\":4,\"MaxElements\":1,\"BreakCount\":1.0,\"CanBreakTopElement\":true}},{\"TypeID\":25,\"InstanceID\":1,\"Info\":{\"Health\":90.0,\"MaxHealth\":60.0,\"ElementCount\":2,\"MaxElements\":1,\"BreakCount\":1.0,\"CanBreakTopElement\":true}},{\"TypeID\":19,\"InstanceID\":10,\"Info\":{\"Health\":2336.5,\"MaxHealth\":2340.0,\"ElementCount\":5,\"MaxElements\":5,\"BreakCount\":4.0,\"CanBreakTopElement\":true}},{\"TypeID\":4,\"InstanceID\":134,\"Info\":{\"Health\":296.5,\"MaxHealth\":300.0,\"ElementCount\":5,\"MaxElements\":5,\"BreakCount\":4.0,\"CanBreakTopElement\":true}},{\"TypeID\":3,\"InstanceID\":45,\"Info\":{\"Health\":528.110168,\"MaxHealth\":573.110168,\"ElementCount\":1,\"MaxElements\":1,\"BreakCount\":1.0}},{\"TypeID\":8,\"InstanceID\":32,\"Info\":{\"Health\":3421.961,\"MaxHealth\":3429.961,\"ElementCount\":5,\"MaxElements\":5,\"BreakCount\":4.0,\"CanBreakTopElement\":true}},{\"TypeID\":33,\"InstanceID\":48,\"Info\":{\"Health\":120.0,\"MaxHealth\":60.0,\"ElementCount\":4,\"MaxElements\":1,\"BreakCount\":1.0,\"CanBreakTopElement\":true}},{\"TypeID\":29,\"InstanceID\":21,\"Info\":{\"Health\":40.0,\"MaxHealth\":60.0,\"ElementCount\":1,\"MaxElements\":1,\"BreakCount\":1.0}},{\"TypeID\":3,\"InstanceID\":183,\"Info\":{\"Health\":247.0,\"MaxHealth\":267.0,\"ElementCount\":1,\"MaxElements\":1,\"BreakCount\":1.0}},{\"TypeID\":4,\"InstanceID\":21,\"Info\":{\"Health\":270.0,\"MaxHealth\":300.0,\"ElementCount\":5,\"MaxElements\":5,\"BreakCount\":4.0,\"CanBreakTopElement\":true}},{\"TypeID\":33,\"InstanceID\":46,\"Info\":{\"Health\":80.0,\"MaxHealth\":60.0,\"ElementCount\":4,\"MaxElements\":1,\"BreakCount\":1.0,\"CanBreakTopElement\":true}},{\"TypeID\":33,\"InstanceID\":44,\"Info\":{\"Health\":180.0,\"MaxHealth\":60.0,\"ElementCount\":4,\"MaxElements\":1,\"BreakCount\":1.0,\"CanBreakTopElement\":true}},{\"TypeID\":33,\"InstanceID\":18,\"Info\":{\"Health\":65.0,\"MaxHealth\":60.0,\"ElementCount\":4,\"MaxElements\":1,\"BreakCount\":1.0,\"CanBreakTopElement\":true}},{\"TypeID\":1,\"InstanceID\":94,\"Info\":{\"Health\":459.1506,\"MaxHealth\":462.6506,\"ElementCount\":1,\"MaxElements\":1,\"BreakCount\":1.0}},{\"TypeID\":38,\"InstanceID\":1,\"Info\":{\"Health\":60.0,\"MaxHealth\":60.0,\"ElementCount\":1,\"MaxElements\":1,\"BreakCount\":1.0}},{\"TypeID\":33,\"InstanceID\":33,\"Info\":{\"Health\":180.0,\"MaxHealth\":60.0,\"ElementCount\":4,\"MaxElements\":1,\"BreakCount\":1.0,\"CanBreakTopElement\":true}},{\"TypeID\":33,\"InstanceID\":19,\"Info\":{\"Health\":160.0,\"MaxHealth\":60.0,\"ElementCount\":4,\"MaxElements\":1,\"BreakCount\":1.0,\"CanBreakTopElement\":true}},{\"TypeID\":21,\"InstanceID\":47,\"Info\":{\"Health\":4046.962,\"MaxHealth\":4163.962,\"ElementCount\":1,\"MaxElements\":1,\"BreakCount\":1.0}},{\"TypeID\":33,\"InstanceID\":12,\"Info\":{\"Health\":75.0,\"MaxHealth\":60.0,\"ElementCount\":4,\"MaxElements\":1,\"BreakCount\":1.0,\"CanBreakTopElement\":true}},{\"TypeID\":4,\"InstanceID\":97,\"Info\":{\"Health\":233.6,\"MaxHealth\":300.0,\"ElementCount\":5,\"MaxElements\":5,\"BreakCount\":4.0,\"CanBreakTopElement\":true}},{\"TypeID\":4,\"InstanceID\":125,\"Info\":{\"Health\":293.0,\"MaxHealth\":300.0,\"ElementCount\":5,\"MaxElements\":5,\"BreakCount\":4.0,\"CanBreakTopElement\":true}},{\"TypeID\":3,\"InstanceID\":228,\"Info\":{\"Health\":3.0,\"MaxHealth\":60.0,\"ElementCount\":1,\"MaxElements\":1,\"BreakCount\":1.0}},{\"TypeID\":33,\"InstanceID\":58,\"Info\":{\"Health\":120.0,\"MaxHealth\":60.0,\"ElementCount\":4,\"MaxElements\":1,\"BreakCount\":1.0,\"CanBreakTopElement\":true}},{\"TypeID\":33,\"InstanceID\":62,\"Info\":{\"Health\":150.0,\"MaxHealth\":60.0,\"ElementCount\":4,\"MaxElements\":1,\"BreakCount\":1.0,\"CanBreakTopElement\":true}},{\"TypeID\":4,\"InstanceID\":120,\"Info\":{\"Health\":296.5,\"MaxHealth\":300.0,\"ElementCount\":5,\"MaxElements\":5,\"BreakCount\":4.0,\"CanBreakTopElement\":true}},{\"TypeID\":3,\"InstanceID\":234,\"Info\":{\"Health\":203.5,\"MaxHealth\":267.0,\"ElementCount\":1,\"MaxElements\":1,\"BreakCount\":1.0}},{\"TypeID\":33,\"InstanceID\":45,\"Info\":{\"Health\":120.0,\"MaxHealth\":60.0,\"ElementCount\":4,\"MaxElements\":1,\"BreakCount\":1.0,\"CanBreakTopElement\":true}},{\"TypeID\":2,\"InstanceID\":81,\"Info\":{\"Health\":98.0,\"MaxHealth\":138.0,\"ElementCount\":1,\"MaxElements\":1,\"BreakCount\":1.0}},{\"TypeID\":6,\"InstanceID\":1,\"Info\":{\"Health\":521.0,\"MaxHealth\":540.0,\"ElementCount\":9,\"MaxElements\":9,\"BreakCount\":7.0,\"CanBreakTopElement\":true}},{\"TypeID\":33,\"InstanceID\":32,\"Info\":{\"Health\":100.0,\"MaxHealth\":60.0,\"ElementCount\":4,\"MaxElements\":1,\"BreakCount\":1.0,\"CanBreakTopElement\":true}},{\"TypeID\":4,\"InstanceID\":47,\"Info\":{\"Health\":286.9,\"MaxHealth\":300.0,\"ElementCount\":5,\"MaxElements\":5,\"BreakCount\":4.0,\"CanBreakTopElement\":true}},{\"TypeID\":33,\"InstanceID\":61,\"Info\":{\"Health\":120.0,\"MaxHealth\":60.0,\"ElementCount\":4,\"MaxElements\":1,\"BreakCount\":1.0,\"CanBreakTopElement\":true}},{\"TypeID\":33,\"InstanceID\":51,\"Info\":{\"Health\":4.5,\"MaxHealth\":60.0,\"ElementCount\":4,\"MaxElements\":1,\"BreakCount\":1.0,\"CanBreakTopElement\":true}},{\"TypeID\":2,\"InstanceID\":80,\"Info\":{\"Health\":3493.24878,\"MaxHealth\":3773.04883,\"ElementCount\":1,\"MaxElements\":1,\"BreakCount\":1.0}},{\"TypeID\":33,\"InstanceID\":29,\"Info\":{\"Health\":210.0,\"MaxHealth\":60.0,\"ElementCount\":4,\"MaxElements\":1,\"BreakCount\":1.0,\"CanBreakTopElement\":true}},{\"TypeID\":33,\"InstanceID\":31,\"Info\":{\"Health\":90.0,\"MaxHealth\":60.0,\"ElementCount\":4,\"MaxElements\":1,\"BreakCount\":1.0,\"CanBreakTopElement\":true}},{\"TypeID\":33,\"InstanceID\":39,\"Info\":{\"Health\":210.0,\"MaxHealth\":60.0,\"ElementCount\":4,\"MaxElements\":1,\"BreakCount\":1.0,\"CanBreakTopElement\":true}},{\"TypeID\":33,\"InstanceID\":16,\"Info\":{\"Health\":150.0,\"MaxHealth\":60.0,\"ElementCount\":4,\"MaxElements\":1,\"BreakCount\":1.0,\"CanBreakTopElement\":true}},{\"TypeID\":20,\"InstanceID\":32,\"Info\":{\"Health\":353.0,\"MaxHealth\":360.0,\"ElementCount\":1,\"MaxElements\":1,\"BreakCount\":1.0}},{\"TypeID\":33,\"InstanceID\":27,\"Info\":{\"Health\":60.0,\"MaxHealth\":60.0,\"ElementCount\":4,\"MaxElements\":1,\"BreakCount\":1.0,\"CanBreakTopElement\":true}},{\"TypeID\":33,\"InstanceID\":65,\"Info\":{\"Health\":180.0,\"MaxHealth\":60.0,\"ElementCount\":4,\"MaxElements\":1,\"BreakCount\":1.0,\"CanBreakTopElement\":true}},{\"TypeID\":3,\"InstanceID\":129,\"Info\":{\"Health\":135.0,\"MaxHealth\":150.0,\"ElementCount\":1,\"MaxElements\":1,\"BreakCount\":1.0}},{\"TypeID\":20,\"InstanceID\":64,\"Info\":{\"Health\":255.0,\"MaxHealth\":360.0,\"ElementCount\":1,\"MaxElements\":1,\"BreakCount\":1.0}},{\"TypeID\":20,\"InstanceID\":65,\"Info\":{\"Health\":1778.49988,\"MaxHealth\":1781.99988,\"ElementCount\":1,\"MaxElements\":1,\"BreakCount\":1.0}},{\"TypeID\":21,\"InstanceID\":48,\"Info\":{\"Health\":4030.32471,\"MaxHealth\":4130.32471,\"ElementCount\":1,\"MaxElements\":1,\"BreakCount\":1.0}},{\"TypeID\":33,\"InstanceID\":17,\"Info\":{\"Health\":120.0,\"MaxHealth\":60.0,\"ElementCount\":4,\"MaxElements\":1,\"BreakCount\":1.0,\"CanBreakTopElement\":true}},{\"TypeID\":33,\"InstanceID\":13,\"Info\":{\"Health\":150.0,\"MaxHealth\":60.0,\"ElementCount\":4,\"MaxElements\":1,\"BreakCount\":1.0,\"CanBreakTopElement\":true}},{\"TypeID\":33,\"InstanceID\":41,\"Info\":{\"Health\":120.0,\"MaxHealth\":60.0,\"ElementCount\":4,\"MaxElements\":1,\"BreakCount\":1.0,\"CanBreakTopElement\":true}},{\"TypeID\":29,\"InstanceID\":6,\"Info\":{\"Health\":50.0,\"MaxHealth\":60.0,\"ElementCount\":1,\"MaxElements\":1,\"BreakCount\":1.0}},{\"TypeID\":2,\"InstanceID\":121,\"Info\":{\"Health\":103.0,\"MaxHealth\":138.0,\"ElementCount\":1,\"MaxElements\":1,\"BreakCount\":1.0}},{\"TypeID\":33,\"InstanceID\":40,\"Info\":{\"Health\":150.0,\"MaxHealth\":60.0,\"ElementCount\":4,\"MaxElements\":1,\"BreakCount\":1.0,\"CanBreakTopElement\":true}},{\"TypeID\":33,\"InstanceID\":20,\"Info\":{\"Health\":210.0,\"MaxHealth\":60.0,\"ElementCount\":4,\"MaxElements\":1,\"BreakCount\":1.0,\"CanBreakTopElement\":true}},{\"TypeID\":4,\"InstanceID\":158,\"Info\":{\"Health\":230.0,\"MaxHealth\":300.0,\"ElementCount\":5,\"MaxElements\":5,\"BreakCount\":4.0,\"CanBreakTopElement\":true}},{\"TypeID\":33,\"InstanceID\":7,\"Info\":{\"Health\":52.5,\"MaxHealth\":60.0,\"ElementCount\":4,\"MaxElements\":1,\"BreakCount\":1.0,\"CanBreakTopElement\":true}},{\"TypeID\":33,\"InstanceID\":30,\"Info\":{\"Health\":60.0,\"MaxHealth\":60.0,\"ElementCount\":4,\"MaxElements\":1,\"BreakCount\":1.0,\"CanBreakTopElement\":true}},{\"TypeID\":46,\"InstanceID\":4,\"Info\":{\"Health\":356.5,\"MaxHealth\":420.0,\"ElementCount\":6,\"MaxElements\":7,\"BreakCount\":5.0,\"CanBreakTopElement\":true}},{\"TypeID\":8,\"InstanceID\":2,\"Info\":{\"Health\":2899.1875,\"MaxHealth\":3319.6875,\"ElementCount\":5,\"MaxElements\":5,\"BreakCount\":4.0,\"CanBreakTopElement\":true}},{\"TypeID\":3,\"InstanceID\":351,\"Info\":{\"Health\":318.75,\"MaxHealth\":588.75,\"ElementCount\":1,\"MaxElements\":1,\"BreakCount\":1.0}},{\"TypeID\":16,\"InstanceID\":1,\"Info\":{\"Health\":44.9,\"MaxHealth\":60.0,\"ElementCount\":1,\"MaxElements\":1,\"BreakCount\":1.0}},{\"TypeID\":32,\"InstanceID\":20,\"Info\":{\"Health\":75.7,\"MaxHealth\":60.0,\"ElementCount\":2,\"MaxElements\":1,\"BreakCount\":1.0,\"CanBreakTopElement\":true}},{\"TypeID\":4,\"InstanceID\":129,\"Info\":{\"Health\":296.5,\"MaxHealth\":300.0,\"ElementCount\":5,\"MaxElements\":5,\"BreakCount\":4.0,\"CanBreakTopElement\":true}},{\"TypeID\":33,\"InstanceID\":3,\"Info\":{\"Health\":210.0,\"MaxHealth\":60.0,\"ElementCount\":4,\"MaxElements\":1,\"BreakCount\":1.0,\"CanBreakTopElement\":true}},{\"TypeID\":33,\"InstanceID\":15,\"Info\":{\"Health\":120.0,\"MaxHealth\":60.0,\"ElementCount\":4,\"MaxElements\":1,\"BreakCount\":1.0,\"CanBreakTopElement\":true}},{\"TypeID\":33,\"InstanceID\":9,\"Info\":{\"Health\":150.0,\"MaxHealth\":60.0,\"ElementCount\":4,\"MaxElements\":1,\"BreakCount\":1.0,\"CanBreakTopElement\":true}},{\"TypeID\":33,\"InstanceID\":55,\"Info\":{\"Health\":160.0,\"MaxHealth\":60.0,\"ElementCount\":4,\"MaxElements\":1,\"BreakCount\":1.0,\"CanBreakTopElement\":true}},{\"TypeID\":33,\"InstanceID\":54,\"Info\":{\"Health\":160.0,\"MaxHealth\":60.0,\"ElementCount\":4,\"MaxElements\":1,\"BreakCount\":1.0,\"CanBreakTopElement\":true}},{\"TypeID\":33,\"InstanceID\":23,\"Info\":{\"Health\":180.0,\"MaxHealth\":60.0,\"ElementCount\":4,\"MaxElements\":1,\"BreakCount\":1.0,\"CanBreakTopElement\":true}},{\"TypeID\":2,\"InstanceID\":216,\"Info\":{\"Health\":163.599991,\"MaxHealth\":176.999985,\"ElementCount\":1,\"MaxElements\":1,\"BreakCount\":1.0}},{\"TypeID\":2,\"InstanceID\":74,\"Info\":{\"Health\":124.6,\"MaxHealth\":138.0,\"ElementCount\":1,\"MaxElements\":1,\"BreakCount\":1.0}},{\"TypeID\":3,\"InstanceID\":197,\"Info\":{\"Health\":217.749985,\"MaxHealth\":237.749985,\"ElementCount\":1,\"MaxElements\":1,\"BreakCount\":1.0}},{\"TypeID\":3,\"InstanceID\":11,\"Info\":{\"Health\":634.602539,\"MaxHealth\":754.602539,\"ElementCount\":1,\"MaxElements\":1,\"BreakCount\":1.0}},{\"TypeID\":33,\"InstanceID\":8,\"Info\":{\"Health\":180.0,\"MaxHealth\":60.0,\"ElementCount\":4,\"MaxElements\":1,\"BreakCount\":1.0,\"CanBreakTopElement\":true}},{\"TypeID\":33,\"InstanceID\":71,\"Info\":{\"Health\":118.0,\"MaxHealth\":60.0,\"ElementCount\":4,\"MaxElements\":1,\"BreakCount\":1.0,\"CanBreakTopElement\":true}},{\"TypeID\":33,\"InstanceID\":64,\"Info\":{\"Health\":210.0,\"MaxHealth\":60.0,\"ElementCount\":4,\"MaxElements\":1,\"BreakCount\":1.0,\"CanBreakTopElement\":true}},{\"TypeID\":33,\"InstanceID\":14,\"Info\":{\"Health\":110.0,\"MaxHealth\":60.0,\"ElementCount\":4,\"MaxElements\":1,\"BreakCount\":1.0,\"CanBreakTopElement\":true}},{\"TypeID\":33,\"InstanceID\":70,\"Info\":{\"Health\":90.0,\"MaxHealth\":60.0,\"ElementCount\":4,\"MaxElements\":1,\"BreakCount\":1.0,\"CanBreakTopElement\":true}},{\"TypeID\":19,\"InstanceID\":25,\"Info\":{\"Health\":1851.99988,\"MaxHealth\":2340.0,\"ElementCount\":4,\"MaxElements\":5,\"BreakCount\":4.0}},{\"TypeID\":3,\"InstanceID\":84,\"Info\":{\"Health\":515.5,\"MaxHealth\":519.0,\"ElementCount\":1,\"MaxElements\":1,\"BreakCount\":1.0}},{\"TypeID\":20,\"InstanceID\":91,\"Info\":{\"Health\":3307.0,\"MaxHealth\":3357.0,\"ElementCount\":1,\"MaxElements\":1,\"BreakCount\":1.0}},{\"TypeID\":33,\"InstanceID\":52,\"Info\":{\"Health\":120.0,\"MaxHealth\":60.0,\"ElementCount\":4,\"MaxElements\":1,\"BreakCount\":1.0,\"CanBreakTopElement\":true}},{\"TypeID\":3,\"InstanceID\":40,\"Info\":{\"Health\":335.893738,\"MaxHealth\":339.393738,\"ElementCount\":1,\"MaxElements\":1,\"BreakCount\":1.0}},{\"TypeID\":33,\"InstanceID\":35,\"Info\":{\"Health\":180.0,\"MaxHealth\":60.0,\"ElementCount\":4,\"MaxElements\":1,\"BreakCount\":1.0,\"CanBreakTopElement\":true}},{\"TypeID\":8,\"InstanceID\":11,\"Info\":{\"Health\":3315.125,\"MaxHealth\":3395.625,\"ElementCount\":5,\"MaxElements\":5,\"BreakCount\":4.0,\"CanBreakTopElement\":true}},{\"TypeID\":33,\"InstanceID\":43,\"Info\":{\"Health\":120.0,\"MaxHealth\":60.0,\"ElementCount\":4,\"MaxElements\":1,\"BreakCount\":1.0,\"CanBreakTopElement\":true}},{\"TypeID\":3,\"InstanceID\":60,\"Info\":{\"Health\":2035.26782,\"MaxHealth\":2035.26782,\"ElementCount\":1,\"MaxElements\":1,\"BreakCount\":1.0}},{\"TypeID\":21,\"InstanceID\":32,\"Info\":{\"Health\":2297.65,\"MaxHealth\":2343.15,\"ElementCount\":1,\"MaxElements\":1,\"BreakCount\":1.0}},{\"TypeID\":3,\"InstanceID\":439,\"Info\":{\"Health\":100.0,\"MaxHealth\":120.0,\"ElementCount\":1,\"MaxElements\":1,\"BreakCount\":1.0}},{\"TypeID\":3,\"InstanceID\":187,\"Info\":{\"Health\":253.6,\"MaxHealth\":267.0,\"ElementCount\":1,\"MaxElements\":1,\"BreakCount\":1.0}},{\"TypeID\":33,\"InstanceID\":24,\"Info\":{\"Health\":190.0,\"MaxHealth\":60.0,\"ElementCount\":4,\"MaxElements\":1,\"BreakCount\":1.0,\"CanBreakTopElement\":true}},{\"TypeID\":33,\"InstanceID\":42,\"Info\":{\"Health\":64.0,\"MaxHealth\":60.0,\"ElementCount\":4,\"MaxElements\":1,\"BreakCount\":1.0,\"CanBreakTopElement\":true}},{\"TypeID\":29,\"InstanceID\":26,\"Info\":{\"Health\":8.0,\"MaxHealth\":60.0,\"ElementCount\":1,\"MaxElements\":1,\"BreakCount\":1.0}},{\"TypeID\":19,\"InstanceID\":12,\"Info\":{\"Health\":41518.875,\"MaxHealth\":41524.875,\"ElementCount\":5,\"MaxElements\":5,\"BreakCount\":4.0,\"CanBreakTopElement\":true}},{\"TypeID\":20,\"InstanceID\":76,\"Info\":{\"Health\":276.5,\"MaxHealth\":360.0,\"ElementCount\":1,\"MaxElements\":1,\"BreakCount\":1.0}},{\"TypeID\":33,\"InstanceID\":66,\"Info\":{\"Health\":180.0,\"MaxHealth\":60.0,\"ElementCount\":4,\"MaxElements\":1,\"BreakCount\":1.0,\"CanBreakTopElement\":true}},{\"TypeID\":5,\"InstanceID\":2,\"Info\":{\"Health\":458.0,\"MaxHealth\":480.0,\"ElementCount\":8,\"MaxElements\":8,\"BreakCount\":6.0,\"CanBreakTopElement\":true}},{\"TypeID\":19,\"InstanceID\":29,\"Info\":{\"Health\":1791.99988,\"MaxHealth\":2340.0,\"ElementCount\":4,\"MaxElements\":5,\"BreakCount\":4.0}},{\"TypeID\":33,\"InstanceID\":10,\"Info\":{\"Health\":120.0,\"MaxHealth\":60.0,\"ElementCount\":4,\"MaxElements\":1,\"BreakCount\":1.0,\"CanBreakTopElement\":true}},{\"TypeID\":3,\"InstanceID\":221,\"Info\":{\"Health\":147.3,\"MaxHealth\":163.5,\"ElementCount\":1,\"MaxElements\":1,\"BreakCount\":1.0}},{\"TypeID\":3,\"InstanceID\":35,\"Info\":{\"Health\":256.028168,\"MaxHealth\":295.628174,\"ElementCount\":1,\"MaxElements\":1,\"BreakCount\":1.0}},{\"TypeID\":6,\"InstanceID\":4,\"Info\":{\"Health\":320.4,\"MaxHealth\":360.0,\"ElementCount\":6,\"MaxElements\":6,\"BreakCount\":4.0,\"CanBreakTopElement\":true}},{\"TypeID\":21,\"InstanceID\":43,\"Info\":{\"Health\":276.5,\"MaxHealth\":360.0,\"ElementCount\":1,\"MaxElements\":1,\"BreakCount\":1.0}},{\"TypeID\":29,\"InstanceID\":3,\"Info\":{\"Health\":40.0,\"MaxHealth\":60.0,\"ElementCount\":1,\"MaxElements\":1,\"BreakCount\":1.0}},{\"TypeID\":3,\"InstanceID\":296,\"Info\":{\"Health\":154.5,\"MaxHealth\":267.0,\"ElementCount\":1,\"MaxElements\":1,\"BreakCount\":1.0}},{\"TypeID\":33,\"InstanceID\":53,\"Info\":{\"Health\":127.5,\"MaxHealth\":60.0,\"ElementCount\":4,\"MaxElements\":1,\"BreakCount\":1.0,\"CanBreakTopElement\":true}},{\"TypeID\":33,\"InstanceID\":22,\"Info\":{\"Health\":210.0,\"MaxHealth\":60.0,\"ElementCount\":4,\"MaxElements\":1,\"BreakCount\":1.0,\"CanBreakTopElement\":true}},{\"TypeID\":33,\"InstanceID\":21,\"Info\":{\"Health\":180.0,\"MaxHealth\":60.0,\"ElementCount\":4,\"MaxElements\":1,\"BreakCount\":1.0,\"CanBreakTopElement\":true}},{\"TypeID\":33,\"InstanceID\":25,\"Info\":{\"Health\":180.0,\"MaxHealth\":60.0,\"ElementCount\":4,\"MaxElements\":1,\"BreakCount\":1.0,\"CanBreakTopElement\":true}},{\"TypeID\":21,\"InstanceID\":25,\"Info\":{\"Health\":3770.55518,\"MaxHealth\":3790.55518,\"ElementCount\":2,\"MaxElements\":2,\"BreakCount\":2.0}},{\"TypeID\":20,\"InstanceID\":16,\"Info\":{\"Health\":2099.71582,\"MaxHealth\":2419.71582,\"ElementCount\":1,\"MaxElements\":1,\"BreakCount\":1.0}},{\"TypeID\":19,\"InstanceID\":22,\"Info\":{\"Health\":5971.93066,\"MaxHealth\":15229.8262,\"ElementCount\":2,\"MaxElements\":5,\"BreakCount\":4.0}},{\"TypeID\":21,\"InstanceID\":27,\"Info\":{\"Health\":4218.555,\"MaxHealth\":4258.555,\"ElementCount\":2,\"MaxElements\":2,\"BreakCount\":2.0}},{\"TypeID\":21,\"InstanceID\":4,\"Info\":{\"Health\":16555.96,\"MaxHealth\":16655.96,\"ElementCount\":1,\"MaxElements\":1,\"BreakCount\":1.0}},{\"TypeID\":3,\"InstanceID\":87,\"Info\":{\"Health\":780.233948,\"MaxHealth\":857.134,\"ElementCount\":1,\"MaxElements\":1,\"BreakCount\":1.0}},{\"TypeID\":4,\"InstanceID\":75,\"Info\":{\"Health\":243.0,\"MaxHealth\":300.0,\"ElementCount\":5,\"MaxElements\":5,\"BreakCount\":4.0,\"CanBreakTopElement\":true}},{\"TypeID\":19,\"InstanceID\":33,\"Info\":{\"Health\":1761.99976,\"MaxHealth\":2879.99976,\"ElementCount\":4,\"MaxElements\":5,\"BreakCount\":4.0}},{\"TypeID\":4,\"InstanceID\":161,\"Info\":{\"Health\":130.0,\"MaxHealth\":300.0,\"ElementCount\":5,\"MaxElements\":5,\"BreakCount\":4.0,\"CanBreakTopElement\":true}},{\"TypeID\":3,\"InstanceID\":107,\"Info\":{\"Health\":327.062469,\"MaxHealth\":347.062469,\"ElementCount\":1,\"MaxElements\":1,\"BreakCount\":1.0}},{\"TypeID\":33,\"InstanceID\":47,\"Info\":{\"Health\":170.0,\"MaxHealth\":60.0,\"ElementCount\":4,\"MaxElements\":1,\"BreakCount\":1.0,\"CanBreakTopElement\":true}},{\"TypeID\":18,\"InstanceID\":54,\"Info\":{\"Health\":44.0,\"MaxHealth\":60.0,\"ElementCount\":1,\"MaxElements\":1,\"BreakCount\":1.0}},{\"TypeID\":33,\"InstanceID\":49,\"Info\":{\"Health\":110.0,\"MaxHealth\":60.0,\"ElementCount\":4,\"MaxElements\":1,\"BreakCount\":1.0,\"CanBreakTopElement\":true}},{\"TypeID\":4,\"InstanceID\":78,\"Info\":{\"Health\":253.7,\"MaxHealth\":300.0,\"ElementCount\":5,\"MaxElements\":5,\"BreakCount\":4.0,\"CanBreakTopElement\":true}},{\"TypeID\":4,\"InstanceID\":52,\"Info\":{\"Health\":240.5,\"MaxHealth\":300.0,\"ElementCount\":5,\"MaxElements\":5,\"BreakCount\":4.0,\"CanBreakTopElement\":true}},{\"TypeID\":3,\"InstanceID\":184,\"Info\":{\"Health\":547.110168,\"MaxHealth\":603.110168,\"ElementCount\":1,\"MaxElements\":1,\"BreakCount\":1.0}},{\"TypeID\":3,\"InstanceID\":30,\"Info\":{\"Health\":1903.12109,\"MaxHealth\":2196.121,\"ElementCount\":1,\"MaxElements\":1,\"BreakCount\":1.0}},{\"TypeID\":3,\"InstanceID\":32,\"Info\":{\"Health\":227.749985,\"MaxHealth\":237.749985,\"ElementCount\":1,\"MaxElements\":1,\"BreakCount\":1.0}},{\"TypeID\":2,\"InstanceID\":136,\"Info\":{\"Health\":524.804443,\"MaxHealth\":562.804443,\"ElementCount\":1,\"MaxElements\":1,\"BreakCount\":1.0}},{\"TypeID\":3,\"InstanceID\":28,\"Info\":{\"Health\":777.628845,\"MaxHealth\":805.628845,\"ElementCount\":1,\"MaxElements\":1,\"BreakCount\":1.0}},{\"TypeID\":4,\"InstanceID\":27,\"Info\":{\"Health\":272.0,\"MaxHealth\":300.0,\"ElementCount\":5,\"MaxElements\":5,\"BreakCount\":4.0,\"CanBreakTopElement\":true}},{\"TypeID\":3,\"InstanceID\":21,\"Info\":{\"Health\":524.75,\"MaxHealth\":552.75,\"ElementCount\":1,\"MaxElements\":1,\"BreakCount\":1.0}},{\"TypeID\":20,\"InstanceID\":29,\"Info\":{\"Health\":4536.25,\"MaxHealth\":4592.25,\"ElementCount\":1,\"MaxElements\":1,\"BreakCount\":1.0}},{\"TypeID\":4,\"InstanceID\":5,\"Info\":{\"Health\":272.0,\"MaxHealth\":300.0,\"ElementCount\":5,\"MaxElements\":5,\"BreakCount\":4.0,\"CanBreakTopElement\":true}},{\"TypeID\":4,\"InstanceID\":15,\"Info\":{\"Health\":293.6,\"MaxHealth\":300.0,\"ElementCount\":5,\"MaxElements\":5,\"BreakCount\":4.0,\"CanBreakTopElement\":true}},{\"TypeID\":4,\"InstanceID\":16,\"Info\":{\"Health\":300.0,\"MaxHealth\":300.0,\"ElementCount\":5,\"MaxElements\":5,\"BreakCount\":4.0,\"CanBreakTopElement\":true}},{\"TypeID\":33,\"InstanceID\":74,\"Info\":{\"Health\":220.0,\"MaxHealth\":60.0,\"ElementCount\":4,\"MaxElements\":1,\"BreakCount\":1.0,\"CanBreakTopElement\":true}},{\"TypeID\":21,\"InstanceID\":39,\"Info\":{\"Health\":4125.99951,\"MaxHealth\":4220.99951,\"ElementCount\":1,\"MaxElements\":1,\"BreakCount\":1.0}},{\"TypeID\":4,\"InstanceID\":24,\"Info\":{\"Health\":244.0,\"MaxHealth\":300.0,\"ElementCount\":5,\"MaxElements\":5,\"BreakCount\":4.0,\"CanBreakTopElement\":true}},{\"TypeID\":33,\"InstanceID\":59,\"Info\":{\"Health\":98.0,\"MaxHealth\":60.0,\"ElementCount\":4,\"MaxElements\":1,\"BreakCount\":1.0,\"CanBreakTopElement\":true}},{\"TypeID\":20,\"InstanceID\":53,\"Info\":{\"Health\":951.999939,\"MaxHealth\":980.999939,\"ElementCount\":1,\"MaxElements\":1,\"BreakCount\":1.0}},{\"TypeID\":3,\"InstanceID\":156,\"Info\":{\"Health\":66.4,\"MaxHealth\":120.0,\"ElementCount\":1,\"MaxElements\":1,\"BreakCount\":1.0}},{\"TypeID\":4,\"InstanceID\":59,\"Info\":{\"Health\":246.4,\"MaxHealth\":300.0,\"ElementCount\":5,\"MaxElements\":5,\"BreakCount\":4.0,\"CanBreakTopElement\":true}},{\"TypeID\":33,\"InstanceID\":56,\"Info\":{\"Health\":210.0,\"MaxHealth\":60.0,\"ElementCount\":4,\"MaxElements\":1,\"BreakCount\":1.0,\"CanBreakTopElement\":true}},{\"TypeID\":29,\"InstanceID\":44,\"Info\":{\"Health\":38.0,\"MaxHealth\":60.0,\"ElementCount\":1,\"MaxElements\":1,\"BreakCount\":1.0}},{\"TypeID\":2,\"InstanceID\":120,\"Info\":{\"Health\":122.0,\"MaxHealth\":138.0,\"ElementCount\":1,\"MaxElements\":1,\"BreakCount\":1.0}},{\"TypeID\":11,\"InstanceID\":1,\"Info\":{\"Health\":873.0,\"MaxHealth\":1120.0,\"ElementCount\":1,\"MaxElements\":1,\"BreakCount\":1.0}},{\"TypeID\":3,\"InstanceID\":233,\"Info\":{\"Health\":108.0,\"MaxHealth\":208.5,\"ElementCount\":1,\"MaxElements\":1,\"BreakCount\":1.0}},{\"TypeID\":41,\"InstanceID\":64,\"Info\":{\"Health\":38.0,\"MaxHealth\":60.0,\"ElementCount\":1,\"MaxElements\":1,\"BreakCount\":1.0}},{\"TypeID\":8,\"InstanceID\":1,\"Info\":{\"Health\":2981.81274,\"MaxHealth\":3167.81274,\"ElementCount\":5,\"MaxElements\":5,\"BreakCount\":4.0,\"CanBreakTopElement\":true}},{\"TypeID\":8,\"InstanceID\":28,\"Info\":{\"Health\":6570.22656,\"MaxHealth\":6692.22656,\"ElementCount\":5,\"MaxElements\":5,\"BreakCount\":4.0,\"CanBreakTopElement\":true}},{\"TypeID\":3,\"InstanceID\":151,\"Info\":{\"Health\":1220.44531,\"MaxHealth\":1242.44531,\"ElementCount\":1,\"MaxElements\":1,\"BreakCount\":1.0}},{\"TypeID\":3,\"InstanceID\":203,\"Info\":{\"Health\":2150.63281,\"MaxHealth\":2192.63281,\"ElementCount\":1,\"MaxElements\":1,\"BreakCount\":1.0}},{\"TypeID\":3,\"InstanceID\":445,\"Info\":{\"Health\":184.25,\"MaxHealth\":239.25,\"ElementCount\":1,\"MaxElements\":1,\"BreakCount\":1.0}},{\"TypeID\":20,\"InstanceID\":87,\"Info\":{\"Health\":2802.99976,\"MaxHealth\":2969.99976,\"ElementCount\":1,\"MaxElements\":1,\"BreakCount\":1.0}},{\"TypeID\":3,\"InstanceID\":305,\"Info\":{\"Health\":241.0,\"MaxHealth\":267.0,\"ElementCount\":1,\"MaxElements\":1,\"BreakCount\":1.0}},{\"TypeID\":19,\"InstanceID\":35,\"Info\":{\"Health\":1693.99976,\"MaxHealth\":2879.99976,\"ElementCount\":4,\"MaxElements\":5,\"BreakCount\":4.0}},{\"TypeID\":3,\"InstanceID\":434,\"Info\":{\"Health\":307.75,\"MaxHealth\":311.25,\"ElementCount\":1,\"MaxElements\":1,\"BreakCount\":1.0}},{\"TypeID\":19,\"InstanceID\":5,\"Info\":{\"Health\":27272.6855,\"MaxHealth\":27276.1855,\"ElementCount\":5,\"MaxElements\":5,\"BreakCount\":4.0,\"CanBreakTopElement\":true}},{\"TypeID\":20,\"InstanceID\":9,\"Info\":{\"Health\":16214.7451,\"MaxHealth\":16218.2451,\"ElementCount\":1,\"MaxElements\":1,\"BreakCount\":1.0}},{\"TypeID\":29,\"InstanceID\":8,\"Info\":{\"Health\":56.5,\"MaxHealth\":60.0,\"ElementCount\":1,\"MaxElements\":1,\"BreakCount\":1.0}},{\"TypeID\":4,\"InstanceID\":166,\"Info\":{\"Health\":247.5,\"MaxHealth\":300.0,\"ElementCount\":5,\"MaxElements\":5,\"BreakCount\":4.0,\"CanBreakTopElement\":true}},{\"TypeID\":2,\"InstanceID\":21,\"Info\":{\"Health\":95.5,\"MaxHealth\":99.0,\"ElementCount\":1,\"MaxElements\":1,\"BreakCount\":1.0}},{\"TypeID\":21,\"InstanceID\":7,\"Info\":{\"Health\":9825.767,\"MaxHealth\":9829.267,\"ElementCount\":1,\"MaxElements\":1,\"BreakCount\":1.0}},{\"TypeID\":1,\"InstanceID\":100,\"Info\":{\"Health\":403.599976,\"MaxHealth\":407.099976,\"ElementCount\":1,\"MaxElements\":1,\"BreakCount\":1.0}},{\"TypeID\":4,\"InstanceID\":8,\"Info\":{\"Health\":244.0,\"MaxHealth\":300.0,\"ElementCount\":5,\"MaxElements\":5,\"BreakCount\":4.0,\"CanBreakTopElement\":true}},{\"TypeID\":3,\"InstanceID\":316,\"Info\":{\"Health\":291.662476,\"MaxHealth\":295.162476,\"ElementCount\":1,\"MaxElements\":1,\"BreakCount\":1.0}},{\"TypeID\":2,\"InstanceID\":115,\"Info\":{\"Health\":629.4038,\"MaxHealth\":632.9038,\"ElementCount\":1,\"MaxElements\":1,\"BreakCount\":1.0}},{\"TypeID\":21,\"InstanceID\":42,\"Info\":{\"Health\":5552.787,\"MaxHealth\":5652.787,\"ElementCount\":1,\"MaxElements\":1,\"BreakCount\":1.0}},{\"TypeID\":8,\"InstanceID\":27,\"Info\":{\"Health\":12191.0186,\"MaxHealth\":12461.8184,\"ElementCount\":5,\"MaxElements\":5,\"BreakCount\":4.0,\"CanBreakTopElement\":true}},{\"TypeID\":3,\"InstanceID\":103,\"Info\":{\"Health\":200.296875,\"MaxHealth\":350.296875,\"ElementCount\":1,\"MaxElements\":1,\"BreakCount\":1.0}},{\"TypeID\":3,\"InstanceID\":230,\"Info\":{\"Health\":133.5,\"MaxHealth\":208.5,\"ElementCount\":1,\"MaxElements\":1,\"BreakCount\":1.0}},{\"TypeID\":8,\"InstanceID\":51,\"Info\":{\"Health\":475.0,\"MaxHealth\":1155.0,\"ElementCount\":5,\"MaxElements\":5,\"BreakCount\":4.0,\"CanBreakTopElement\":true}},{\"TypeID\":8,\"InstanceID\":48,\"Info\":{\"Health\":875.0,\"MaxHealth\":930.0,\"ElementCount\":5,\"MaxElements\":5,\"BreakCount\":4.0,\"CanBreakTopElement\":true}},{\"TypeID\":8,\"InstanceID\":29,\"Info\":{\"Health\":4745.953,\"MaxHealth\":4805.953,\"ElementCount\":5,\"MaxElements\":5,\"BreakCount\":4.0,\"CanBreakTopElement\":true}},{\"TypeID\":33,\"InstanceID\":11,\"Info\":{\"Health\":210.0,\"MaxHealth\":60.0,\"ElementCount\":4,\"MaxElements\":1,\"BreakCount\":1.0,\"CanBreakTopElement\":true}},{\"TypeID\":3,\"InstanceID\":105,\"Info\":{\"Health\":845.2141,\"MaxHealth\":985.2141,\"ElementCount\":1,\"MaxElements\":1,\"BreakCount\":1.0}},{\"TypeID\":33,\"InstanceID\":73,\"Info\":{\"Health\":160.0,\"MaxHealth\":60.0,\"ElementCount\":4,\"MaxElements\":1,\"BreakCount\":1.0,\"CanBreakTopElement\":true}},{\"TypeID\":33,\"InstanceID\":34,\"Info\":{\"Health\":210.0,\"MaxHealth\":60.0,\"ElementCount\":4,\"MaxElements\":1,\"BreakCount\":1.0,\"CanBreakTopElement\":true}},{\"TypeID\":8,\"InstanceID\":19,\"Info\":{\"Health\":873.0,\"MaxHealth\":915.0,\"ElementCount\":5,\"MaxElements\":5,\"BreakCount\":4.0,\"CanBreakTopElement\":true}},{\"TypeID\":2,\"InstanceID\":37,\"Info\":{\"Health\":252.749969,\"MaxHealth\":342.749969,\"ElementCount\":1,\"MaxElements\":1,\"BreakCount\":1.0}},{\"TypeID\":3,\"InstanceID\":219,\"Info\":{\"Health\":65.0,\"MaxHealth\":105.0,\"ElementCount\":1,\"MaxElements\":1,\"BreakCount\":1.0}},{\"TypeID\":20,\"InstanceID\":79,\"Info\":{\"Health\":8109.3335,\"MaxHealth\":8129.3335,\"ElementCount\":1,\"MaxElements\":1,\"BreakCount\":1.0}},{\"TypeID\":33,\"InstanceID\":28,\"Info\":{\"Health\":190.0,\"MaxHealth\":60.0,\"ElementCount\":4,\"MaxElements\":1,\"BreakCount\":1.0,\"CanBreakTopElement\":true}},{\"TypeID\":33,\"InstanceID\":26,\"Info\":{\"Health\":210.0,\"MaxHealth\":60.0,\"ElementCount\":4,\"MaxElements\":1,\"BreakCount\":1.0,\"CanBreakTopElement\":true}},{\"TypeID\":3,\"InstanceID\":154,\"Info\":{\"Health\":20.0,\"MaxHealth\":60.0,\"ElementCount\":1,\"MaxElements\":1,\"BreakCount\":1.0}},{\"TypeID\":20,\"InstanceID\":72,\"Info\":{\"Health\":320.0,\"MaxHealth\":360.0,\"ElementCount\":1,\"MaxElements\":1,\"BreakCount\":1.0}},{\"TypeID\":21,\"InstanceID\":33,\"Info\":{\"Health\":3199.24976,\"MaxHealth\":3314.24976,\"ElementCount\":1,\"MaxElements\":1,\"BreakCount\":1.0}},{\"TypeID\":4,\"InstanceID\":142,\"Info\":{\"Health\":175.0,\"MaxHealth\":300.0,\"ElementCount\":5,\"MaxElements\":5,\"BreakCount\":4.0,\"CanBreakTopElement\":true}},{\"TypeID\":20,\"InstanceID\":46,\"Info\":{\"Health\":1153.5,\"MaxHealth\":1341.0,\"ElementCount\":1,\"MaxElements\":1,\"BreakCount\":1.0}},{\"TypeID\":19,\"InstanceID\":4,\"Info\":{\"Health\":41980.33,\"MaxHealth\":42247.83,\"ElementCount\":5,\"MaxElements\":5,\"BreakCount\":4.0,\"CanBreakTopElement\":true}},{\"TypeID\":4,\"InstanceID\":7,\"Info\":{\"Health\":280.0,\"MaxHealth\":300.0,\"ElementCount\":5,\"MaxElements\":5,\"BreakCount\":4.0,\"CanBreakTopElement\":true}},{\"TypeID\":8,\"InstanceID\":8,\"Info\":{\"Health\":6141.438,\"MaxHealth\":6161.438,\"ElementCount\":5,\"MaxElements\":5,\"BreakCount\":4.0,\"CanBreakTopElement\":true}},{\"TypeID\":6,\"InstanceID\":2,\"Info\":{\"Health\":470.0,\"MaxHealth\":540.0,\"ElementCount\":9,\"MaxElements\":9,\"BreakCount\":7.0,\"CanBreakTopElement\":true}},{\"TypeID\":19,\"InstanceID\":24,\"Info\":{\"Health\":1972.99976,\"MaxHealth\":2879.99976,\"ElementCount\":4,\"MaxElements\":5,\"BreakCount\":4.0}},{\"TypeID\":21,\"InstanceID\":41,\"Info\":{\"Health\":3637.27466,\"MaxHealth\":3703.27466,\"ElementCount\":1,\"MaxElements\":1,\"BreakCount\":1.0}},{\"TypeID\":19,\"InstanceID\":31,\"Info\":{\"Health\":2111.99976,\"MaxHealth\":2879.99976,\"ElementCount\":4,\"MaxElements\":5,\"BreakCount\":4.0}},{\"TypeID\":19,\"InstanceID\":32,\"Info\":{\"Health\":2206.99976,\"MaxHealth\":2879.99976,\"ElementCount\":4,\"MaxElements\":5,\"BreakCount\":4.0}},{\"TypeID\":20,\"InstanceID\":84,\"Info\":{\"Health\":2151.49976,\"MaxHealth\":2173.49976,\"ElementCount\":1,\"MaxElements\":1,\"BreakCount\":1.0}},{\"TypeID\":21,\"InstanceID\":30,\"Info\":{\"Health\":1053.09985,\"MaxHealth\":2559.59985,\"ElementCount\":1,\"MaxElements\":1,\"BreakCount\":1.0}},{\"TypeID\":19,\"InstanceID\":23,\"Info\":{\"Health\":2245.99976,\"MaxHealth\":3419.99976,\"ElementCount\":4,\"MaxElements\":5,\"BreakCount\":4.0}},{\"TypeID\":21,\"InstanceID\":31,\"Info\":{\"Health\":2395.59961,\"MaxHealth\":2910.59961,\"ElementCount\":1,\"MaxElements\":1,\"BreakCount\":1.0}},{\"TypeID\":29,\"InstanceID\":38,\"Info\":{\"Health\":56.5,\"MaxHealth\":60.0,\"ElementCount\":1,\"MaxElements\":1,\"BreakCount\":1.0}},{\"TypeID\":4,\"InstanceID\":84,\"Info\":{\"Health\":205.0,\"MaxHealth\":300.0,\"ElementCount\":4,\"MaxElements\":5,\"BreakCount\":4.0}},{\"TypeID\":3,\"InstanceID\":455,\"Info\":{\"Health\":85.0,\"MaxHealth\":120.0,\"ElementCount\":1,\"MaxElements\":1,\"BreakCount\":1.0}},{\"TypeID\":3,\"InstanceID\":237,\"Info\":{\"Health\":217.749985,\"MaxHealth\":237.749985,\"ElementCount\":1,\"MaxElements\":1,\"BreakCount\":1.0}},{\"TypeID\":2,\"InstanceID\":127,\"Info\":{\"Health\":59.0,\"MaxHealth\":99.0,\"ElementCount\":1,\"MaxElements\":1,\"BreakCount\":1.0}},{\"TypeID\":3,\"InstanceID\":182,\"Info\":{\"Health\":85.0,\"MaxHealth\":120.0,\"ElementCount\":1,\"MaxElements\":1,\"BreakCount\":1.0}},{\"TypeID\":3,\"InstanceID\":43,\"Info\":{\"Health\":181.5,\"MaxHealth\":195.0,\"ElementCount\":1,\"MaxElements\":1,\"BreakCount\":1.0}},{\"TypeID\":6,\"InstanceID\":3,\"Info\":{\"Health\":513.0,\"MaxHealth\":540.0,\"ElementCount\":9,\"MaxElements\":9,\"BreakCount\":7.0,\"CanBreakTopElement\":true}},{\"TypeID\":3,\"InstanceID\":215,\"Info\":{\"Health\":545.221069,\"MaxHealth\":580.221069,\"ElementCount\":1,\"MaxElements\":1,\"BreakCount\":1.0}},{\"TypeID\":4,\"InstanceID\":76,\"Info\":{\"Health\":220.0,\"MaxHealth\":300.0,\"ElementCount\":5,\"MaxElements\":5,\"BreakCount\":4.0,\"CanBreakTopElement\":true}},{\"TypeID\":21,\"InstanceID\":8,\"Info\":{\"Health\":10604.1611,\"MaxHealth\":10739.1611,\"ElementCount\":1,\"MaxElements\":1,\"BreakCount\":1.0}},{\"TypeID\":21,\"InstanceID\":44,\"Info\":{\"Health\":5512.787,\"MaxHealth\":5652.787,\"ElementCount\":1,\"MaxElements\":1,\"BreakCount\":1.0}},{\"TypeID\":19,\"InstanceID\":3,\"Info\":{\"Health\":53247.3438,\"MaxHealth\":53249.3438,\"ElementCount\":5,\"MaxElements\":5,\"BreakCount\":4.0,\"CanBreakTopElement\":true}},{\"TypeID\":29,\"InstanceID\":34,\"Info\":{\"Health\":19.2,\"MaxHealth\":60.0,\"ElementCount\":1,\"MaxElements\":1,\"BreakCount\":1.0}},{\"TypeID\":4,\"InstanceID\":29,\"Info\":{\"Health\":262.0,\"MaxHealth\":300.0,\"ElementCount\":5,\"MaxElements\":5,\"BreakCount\":4.0,\"CanBreakTopElement\":true}},{\"TypeID\":20,\"InstanceID\":75,\"Info\":{\"Health\":700.0,\"MaxHealth\":720.0,\"ElementCount\":1,\"MaxElements\":1,\"BreakCount\":1.0}},{\"TypeID\":20,\"InstanceID\":88,\"Info\":{\"Health\":8183.834,\"MaxHealth\":8223.834,\"ElementCount\":1,\"MaxElements\":1,\"BreakCount\":1.0}},{\"TypeID\":47,\"InstanceID\":1,\"Info\":{\"Health\":157.5,\"MaxHealth\":270.0,\"ElementCount\":1,\"MaxElements\":1,\"BreakCount\":1.0}},{\"TypeID\":3,\"InstanceID\":225,\"Info\":{\"Health\":413.595337,\"MaxHealth\":441.595337,\"ElementCount\":1,\"MaxElements\":1,\"BreakCount\":1.0}},{\"TypeID\":8,\"InstanceID\":12,\"Info\":{\"Health\":1352.0,\"MaxHealth\":1380.0,\"ElementCount\":5,\"MaxElements\":5,\"BreakCount\":4.0,\"CanBreakTopElement\":true}},{\"TypeID\":20,\"InstanceID\":20,\"Info\":{\"Health\":23173.4863,\"MaxHealth\":23214.2871,\"ElementCount\":1,\"MaxElements\":1,\"BreakCount\":1.0}},{\"TypeID\":4,\"InstanceID\":4,\"Info\":{\"Health\":262.0,\"MaxHealth\":300.0,\"ElementCount\":5,\"MaxElements\":5,\"BreakCount\":4.0,\"CanBreakTopElement\":true}},{\"TypeID\":3,\"InstanceID\":229,\"Info\":{\"Health\":585.129333,\"MaxHealth\":645.129333,\"ElementCount\":1,\"MaxElements\":1,\"BreakCount\":1.0}},{\"TypeID\":19,\"InstanceID\":34,\"Info\":{\"Health\":2141.99976,\"MaxHealth\":2879.99976,\"ElementCount\":4,\"MaxElements\":5,\"BreakCount\":4.0}},{\"TypeID\":29,\"InstanceID\":4,\"Info\":{\"Health\":35.0,\"MaxHealth\":60.0,\"ElementCount\":1,\"MaxElements\":1,\"BreakCount\":1.0}},{\"TypeID\":2,\"InstanceID\":157,\"Info\":{\"Health\":25.0,\"MaxHealth\":60.0,\"ElementCount\":1,\"MaxElements\":1,\"BreakCount\":1.0}},{\"TypeID\":19,\"InstanceID\":26,\"Info\":{\"Health\":2029.99976,\"MaxHealth\":3419.99976,\"ElementCount\":3,\"MaxElements\":5,\"BreakCount\":4.0}},{\"TypeID\":20,\"InstanceID\":82,\"Info\":{\"Health\":1097.99988,\"MaxHealth\":1601.99988,\"ElementCount\":1,\"MaxElements\":1,\"BreakCount\":1.0}},{\"TypeID\":20,\"InstanceID\":47,\"Info\":{\"Health\":10030.4316,\"MaxHealth\":10090.4316,\"ElementCount\":1,\"MaxElements\":1,\"BreakCount\":1.0}},{\"TypeID\":19,\"InstanceID\":13,\"Info\":{\"Health\":6845.0,\"MaxHealth\":6930.0,\"ElementCount\":5,\"MaxElements\":5,\"BreakCount\":4.0,\"CanBreakTopElement\":true}},{\"TypeID\":19,\"InstanceID\":14,\"Info\":{\"Health\":14077.5,\"MaxHealth\":14197.5,\"ElementCount\":5,\"MaxElements\":5,\"BreakCount\":4.0,\"CanBreakTopElement\":true}},{\"TypeID\":3,\"InstanceID\":49,\"Info\":{\"Health\":327.662476,\"MaxHealth\":338.662476,\"ElementCount\":1,\"MaxElements\":1,\"BreakCount\":1.0}}]}"}}