{"Version":"0.0.0","Data":{"WorldItemManager":"{\"Version\":\"0.0.0\",\"WorldItemStates\":[{\"ObjectNameId\":\"World.GolfCart.01\",\"Position\":{\"x\":735.561462,\"y\":92.11,\"z\":1492.85645},\"Rotation\":{\"y\":59.3326035}},{\"ObjectNameId\":\"World.GolfCart.02\",\"Position\":{\"x\":1030.9928,\"y\":83.629,\"z\":1523.309},\"Rotation\":{\"y\":310.235138}},{\"ObjectNameId\":\"World.GolfCart.03\",\"Position\":{\"x\":1582.8606,\"y\":98.373,\"z\":1340.59045},\"Rotation\":{\"y\":146.876465}},{\"ObjectNameId\":\"World.GolfCart.04\",\"Position\":{\"x\":1014.11,\"y\":140.11,\"z\":1223.06},\"Rotation\":{\"y\":146.876465}},{\"ObjectNameId\":\"World.GolfCart.05\",\"Position\":{\"x\":1903.9,\"y\":15.253,\"z\":461.64},\"Rotation\":{\"y\":146.876465}},{\"ObjectNameId\":\"World.GolfCart.06\",\"Position\":{\"x\":1839.567,\"y\":15.09,\"z\":355.608978},\"Rotation\":{\"y\":97.15335}},{\"ObjectNameId\":\"World.GolfCart.07\",\"Position\":{\"x\":1707.07,\"y\":45.61,\"z\":561.72},\"Rotation\":{\"x\":356.325043,\"y\":229.34375,\"z\":1.9684552}},{\"ObjectNameId\":\"World.GolfCart.08\",\"Position\":{\"x\":897.75,\"y\":154.85,\"z\":927.72},\"Rotation\":{\"x\":1.01497149,\"y\":72.85578,\"z\":3.286398}},{\"ObjectNameId\":\"World.GolfCart.09\",\"Position\":{\"x\":1184.64734,\"y\":130.15,\"z\":800.166},\"Rotation\":{\"y\":304.951}},{\"ObjectNameId\":\"World.GolfCart.10\",\"Position\":{\"x\":-1607.9,\"y\":67.324,\"z\":-1160.15},\"Rotation\":{\"y\":219.315521}},{\"ObjectNameId\":\"World.GolfCart.11\",\"Position\":{\"x\":-928.487061,\"y\":251.064,\"z\":-995.3917},\"Rotation\":{\"y\":185.738235}},{\"ObjectNameId\":\"World.GolfCart.12\",\"Position\":{\"x\":-891.3007,\"y\":251.091,\"z\":-918.248535},\"Rotation\":{\"y\":229.305862}},{\"ObjectNameId\":\"World.GolfCart.13\",\"Position\":{\"x\":1044.47864,\"y\":16.305,\"z\":1825.028},\"Rotation\":{\"x\":7.10553932}},{\"ObjectNameId\":\"World.GolfCart.14\",\"Position\":{\"x\":171.947128,\"y\":28.493,\"z\":-1769.59753},\"Rotation\":{\"x\":359.862122,\"y\":137.514755,\"z\":357.236084}},{\"ObjectNameId\":\"World.GolfCart.15\",\"Position\":{\"x\":1242.9292,\"y\":237.757111,\"z\":-660.3945},\"Rotation\":{\"x\":-4.514985E-06,\"y\":273.12616,\"z\":-0.0007552809},\"ItemStateData\":[{\"Power\":1000.0,\"StateDataTypeId\":1,\"Version\":\"0.0.0\"}]},{\"ObjectNameId\":\"World.GolfCart.16\",\"Position\":{\"x\":722.879639,\"y\":89.07212,\"z\":1682.75574},\"Rotation\":{\"x\":5.28792429,\"y\":38.0067444,\"z\":355.256653}},{\"ObjectNameId\":\"World.GolfCart.17\",\"Position\":{\"x\":715.53,\"y\":84.0,\"z\":1404.13},\"Rotation\":{\"x\":0.410387665,\"y\":24.0834351,\"z\":359.991516}},{\"ObjectNameId\":\"World.GolfCart.18\",\"Position\":{\"x\":930.87,\"y\":96.16,\"z\":1294.86},\"Rotation\":{\"x\":0.410387784,\"y\":283.935852,\"z\":359.991516}},{\"ObjectNameId\":\"World.GolfCart.19\",\"Position\":{\"x\":971.6999,\"y\":244.905457,\"z\":-409.3092},\"Rotation\":{\"x\":353.851929,\"y\":213.0677,\"z\":355.637177},\"ItemStateData\":[{\"Power\":1000.0,\"StateDataTypeId\":1,\"Version\":\"0.0.0\"}]},{\"ObjectNameId\":\"World.GolfCart.20\",\"Position\":{\"x\":971.5376,\"y\":245.563644,\"z\":-412.65274},\"Rotation\":{\"x\":26.8497353,\"y\":17.61602,\"z\":342.291168},\"ItemStateData\":[{\"Power\":1000.0,\"StateDataTypeId\":1,\"Version\":\"0.0.0\"}]},{\"ObjectNameId\":\"World.GolfCart.21\",\"Position\":{\"x\":664.294,\"y\":421.063,\"z\":531.001},\"Rotation\":{\"x\":359.598846,\"y\":92.8904,\"z\":0.08696169}},{\"ObjectNameId\":\"World.GolfCart.23\",\"Position\":{\"x\":385.599,\"y\":443.785,\"z\":-657.816},\"Rotation\":{\"x\":359.811981,\"y\":42.38057,\"z\":0.36489}},{\"ObjectNameId\":\"World.GolfCart.24\",\"Position\":{\"x\":-1011.76129,\"y\":115.575958,\"z\":-42.14659},\"Rotation\":{\"x\":0.000102883,\"y\":77.75804,\"z\":-0.000107876833},\"ItemStateData\":[{\"Power\":1000.0,\"StateDataTypeId\":1,\"Version\":\"0.0.0\"}]},{\"ObjectNameId\":\"World.GolfCart.25\",\"Position\":{\"x\":321.208374,\"y\":524.044556,\"z\":-211.495834},\"Rotation\":{\"x\":359.18692,\"y\":67.81485,\"z\":356.182159},\"ItemStateData\":[{\"Power\":1000.0,\"StateDataTypeId\":1,\"Version\":\"0.0.0\"}]},{\"ObjectNameId\":\"World.GolfCart.26\",\"Position\":{\"x\":329.358154,\"y\":524.1208,\"z\":-206.824356},\"Rotation\":{\"x\":-0.000663145038,\"y\":295.0162,\"z\":0.00171899039},\"ItemStateData\":[{\"Power\":1000.0,\"StateDataTypeId\":1,\"Version\":\"0.0.0\"}]},{\"ObjectNameId\":\"World.GolfCart.27\",\"Position\":{\"x\":2.463,\"y\":82.778,\"z\":1236.282},\"Rotation\":{\"x\":359.648254,\"y\":82.8643,\"z\":0.7333647}},{\"ObjectNameId\":\"World.GolfCart.28\",\"Position\":{\"x\":-1013.16919,\"y\":115.652054,\"z\":-27.2861214},\"Rotation\":{\"x\":4.45296335,\"y\":181.795029,\"z\":0.8164248},\"ItemStateData\":[{\"Power\":1000.0,\"StateDataTypeId\":1,\"Version\":\"0.0.0\"}]},{\"ObjectNameId\":\"World.GolfCart.29\",\"Position\":{\"x\":577.92,\"y\":147.13,\"z\":1082.82},\"Rotation\":{\"x\":4.145351,\"y\":72.4333038,\"z\":1.06938589}},{\"ObjectNameId\":\"World.GolfCart.30\",\"Position\":{\"x\":1166.989,\"y\":245.099,\"z\":-494.032},\"Rotation\":{\"x\":0.4769757,\"y\":14.955411,\"z\":-0.00131030788}},{\"ObjectNameId\":\"World.GolfCart.31\",\"Position\":{\"x\":1240.46533,\"y\":237.730072,\"z\":-671.741638},\"Rotation\":{\"x\":0.0630939156,\"y\":89.57008,\"z\":359.64032},\"ItemStateData\":[{\"Power\":1000.0,\"StateDataTypeId\":1,\"Version\":\"0.0.0\"}]},{\"ObjectNameId\":\"World.HangGlider.01\",\"ItemId\":626,\"Position\":{\"x\":-504.4314,\"y\":322.9,\"z\":-307.391937},\"Rotation\":{\"x\":348.309,\"y\":323.544159,\"z\":14.5050135},\"State\":1},{\"ObjectNameId\":\"World.HangGlider.02\",\"ItemId\":626,\"Position\":{\"x\":-129.602,\"y\":409.213,\"z\":-1028.051},\"Rotation\":{\"x\":351.389984,\"y\":329.3657,\"z\":0.138631791}},{\"ObjectNameId\":\"World.HangGlider.03\",\"ItemId\":626,\"Position\":{\"x\":499.2,\"y\":557.097,\"z\":-230.5547},\"Rotation\":{\"x\":355.0499,\"y\":32.1509933,\"z\":359.1404}},{\"ObjectNameId\":\"World.HangGlider.04\",\"ItemId\":626,\"Position\":{\"x\":-1184.115,\"y\":222.064,\"z\":-1728.872},\"Rotation\":{\"x\":343.985382,\"y\":201.6662,\"z\":1.7791419}},{\"ObjectNameId\":\"World.HangGlider.05\",\"ItemId\":626,\"Position\":{\"x\":730.21,\"y\":369.44,\"z\":737.53},\"Rotation\":{\"x\":352.072418,\"y\":76.0602,\"z\":10.1163607}},{\"ObjectNameId\":\"World.HangGlider.06\",\"ItemId\":626,\"Position\":{\"x\":1083.83,\"y\":276.25,\"z\":-108.44},\"Rotation\":{\"x\":350.967682,\"y\":55.8634224,\"z\":358.586273}},{\"ObjectNameId\":\"World.HangGlider.07\",\"ItemId\":626,\"Position\":{\"x\":797.919,\"y\":227.604,\"z\":974.662},\"Rotation\":{\"x\":348.581268,\"y\":85.60433,\"z\":0.338460147}},{\"ObjectNameId\":\"World.HangGlider.08\",\"ItemId\":626,\"Position\":{\"x\":-30.42196,\"y\":250.851,\"z\":665.780762},\"Rotation\":{\"x\":349.07724,\"y\":29.4347,\"z\":359.718079}},{\"ObjectNameId\":\"World.HangGlider.09\",\"ItemId\":626,\"Position\":{\"x\":1297.427,\"y\":193.902,\"z\":-30.833},\"Rotation\":{\"x\":343.768463,\"y\":97.55601,\"z\":358.8292}},{\"ObjectNameId\":\"World.HangGlider.10\",\"ItemId\":626,\"Position\":{\"x\":789.7307,\"y\":400.973053,\"z\":273.9027},\"Rotation\":{\"x\":347.482727,\"y\":134.715927,\"z\":6.64512062}},{\"ObjectNameId\":\"World.HangGlider.11\",\"ItemId\":626,\"Position\":{\"x\":-1772.019,\"y\":83.742,\"z\":1171.201},\"Rotation\":{\"x\":343.949432,\"y\":260.051025,\"z\":358.352417}},{\"ObjectNameId\":\"World.HangGlider.12\",\"ItemId\":626,\"Position\":{\"x\":-1297.05,\"y\":79.94,\"z\":1740.64},\"Rotation\":{\"x\":351.4062,\"y\":52.2687378,\"z\":2.82513452}},{\"ObjectNameId\":\"World.HangGlider.13\",\"ItemId\":626,\"Position\":{\"x\":-799.537,\"y\":189.46,\"z\":-281.768},\"Rotation\":{\"x\":346.713776,\"y\":326.310059,\"z\":358.165375},\"State\":1},{\"ObjectNameId\":\"World.HangGlider.14\",\"ItemId\":626,\"Position\":{\"x\":845.957,\"y\":208.618,\"z\":1105.196},\"Rotation\":{\"x\":346.472382,\"y\":357.72287,\"z\":357.372742}},{\"ObjectNameId\":\"World.HangGlider.15\",\"ItemId\":626,\"Position\":{\"x\":299.62,\"y\":424.83,\"z\":-973.85},\"Rotation\":{\"x\":340.809021,\"y\":111.135727,\"z\":1.38758492}},{\"ObjectNameId\":\"World.HangGlider.16\",\"ItemId\":626,\"Position\":{\"x\":408.771,\"y\":404.545,\"z\":611.245},\"Rotation\":{\"x\":354.255676,\"y\":17.3717937,\"z\":358.3483}},{\"ObjectNameId\":\"World.HangGlider.17\",\"ItemId\":626,\"Position\":{\"x\":413.76,\"y\":141.39,\"z\":1078.72},\"Rotation\":{\"x\":341.3796,\"y\":346.3183,\"z\":358.759583}},{\"ObjectNameId\":\"World.HangGlider.18\",\"ItemId\":626,\"Position\":{\"x\":-1438.968,\"y\":230.311,\"z\":-1124.439},\"Rotation\":{\"x\":352.443146,\"y\":275.240723,\"z\":0.7870886}},{\"ObjectNameId\":\"World.HangGlider.19\",\"ItemId\":626,\"Position\":{\"x\":247.743,\"y\":102.447,\"z\":1087.013},\"Rotation\":{\"x\":345.982452,\"y\":64.1192856,\"z\":1.88516533}},{\"ObjectNameId\":\"World.HangGlider.20\",\"ItemId\":626,\"Position\":{\"x\":56.173,\"y\":230.577,\"z\":-1561.909},\"Rotation\":{\"x\":356.160583,\"y\":174.8172,\"z\":358.455231}},{\"ObjectNameId\":\"World.HangGlider.21\",\"ItemId\":626,\"Position\":{\"x\":1259.93,\"y\":246.207,\"z\":-298.683},\"Rotation\":{\"x\":0.530085742,\"y\":122.454353,\"z\":359.37915}},{\"ObjectNameId\":\"World.HangGlider.22\",\"ItemId\":626,\"Position\":{\"x\":746.307,\"y\":464.81,\"z\":350.594},\"Rotation\":{\"x\":7.51800728,\"y\":107.1446,\"z\":9.459678}},{\"ObjectNameId\":\"World.KnightV.01\",\"ItemId\":630,\"Position\":{\"x\":-965.905,\"y\":272.927,\"z\":-783.445},\"Rotation\":{\"x\":359.526184,\"y\":297.6641,\"z\":310.8762}},{\"ObjectNameId\":\"World.KnightV.02\",\"ItemId\":630,\"Position\":{\"x\":1750.97,\"y\":34.09,\"z\":805.73},\"Rotation\":{\"x\":1.4592706,\"y\":74.8456955,\"z\":299.778442}},{\"ObjectNameId\":\"World.KnightV.03\",\"ItemId\":630,\"Position\":{\"x\":-238.128,\"y\":97.089,\"z\":950.960266},\"Rotation\":{\"x\":356.628723,\"y\":69.52765,\"z\":37.52209}},{\"ObjectNameId\":\"World.KnightV.04\",\"ItemId\":630,\"Position\":{\"x\":-1031.791,\"y\":226.86,\"z\":-625.11},\"Rotation\":{\"x\":351.3573,\"y\":158.840546,\"z\":335.1593}},{\"ObjectNameId\":\"World.KnightV.05\",\"ItemId\":630,\"Position\":{\"x\":1285.29871,\"y\":228.157,\"z\":-725.347},\"Rotation\":{\"x\":354.536316,\"y\":258.733917,\"z\":33.54773},\"State\":1},{\"ObjectNameId\":\"World.KnightV.06\",\"ItemId\":630,\"Position\":{\"x\":1106.58667,\"y\":87.5037155,\"z\":1622.528},\"Rotation\":{\"x\":353.512939,\"y\":186.727982,\"z\":59.38967}},{\"ObjectNameId\":\"World.KnightV.07\",\"ItemId\":630,\"Position\":{\"x\":1454.986,\"y\":192.25,\"z\":-417.372},\"Rotation\":{\"x\":355.17334,\"y\":306.921143,\"z\":323.681152},\"State\":1},{\"ObjectNameId\":\"World.KnightV.08\",\"ItemId\":630,\"Position\":{\"x\":-485.31,\"y\":128.368,\"z\":486.94},\"Rotation\":{\"x\":0.08705421,\"y\":213.052643,\"z\":54.72652}},{\"ObjectNameId\":\"World.KnightV.09\",\"ItemId\":630,\"Position\":{\"x\":-1177.635,\"y\":227.554,\"z\":-1697.917},\"Rotation\":{\"x\":0.430921555,\"y\":210.561981,\"z\":312.084717}},{\"ObjectNameId\":\"World.KnightV.10\",\"ItemId\":630,\"Position\":{\"x\":-973.578,\"y\":272.885,\"z\":-783.283},\"Rotation\":{\"x\":359.134064,\"y\":148.511169,\"z\":308.603241}},{\"ObjectNameId\":\"World.KnightV.11\",\"ItemId\":630,\"Position\":{\"x\":-472.11,\"y\":72.812,\"z\":-1643.805},\"Rotation\":{\"x\":358.67215,\"y\":271.981628,\"z\":324.2724}},{\"ObjectNameId\":\"World.KnightV.12\",\"ItemId\":630,\"Position\":{\"x\":-973.578,\"y\":272.885,\"z\":-783.283},\"Rotation\":{\"x\":359.134064,\"y\":148.511169,\"z\":308.603241}},{\"ObjectNameId\":\"World.KnightV.13\",\"ItemId\":630,\"Position\":{\"x\":-1132.82556,\"y\":278.821,\"z\":-1086.89417},\"Rotation\":{\"x\":356.135834,\"y\":114.3761,\"z\":40.2333832}},{\"ObjectNameId\":\"eb742875-01e7-47ca-b577-bde51e70707c\",\"ItemId\":626,\"Position\":{\"x\":-502.026672,\"y\":324.351746,\"z\":-311.403259},\"Rotation\":{\"y\":326.395874},\"RuntimeCreated\":true},{\"ObjectNameId\":\"f0609336-4ab7-434e-99a0-7d9a487dea6e\",\"ItemId\":630,\"Position\":{\"x\":1243.1377,\"y\":237.716858,\"z\":-669.5126},\"Rotation\":{\"x\":0.0106055764,\"y\":129.195755,\"z\":59.80533},\"RuntimeCreated\":true},{\"ObjectNameId\":\"2d243852-7882-4aa0-bc8a-19d533be9c28\",\"ItemId\":630,\"Position\":{\"x\":1251.003,\"y\":237.742828,\"z\":-650.2725},\"Rotation\":{\"x\":359.960724,\"y\":295.10144,\"z\":359.899841},\"State\":1,\"RuntimeCreated\":true},{\"ObjectNameId\":\"b6cbe428-8163-4f18-9c47-816662b9d0f3\",\"ItemId\":630,\"Position\":{\"x\":1452.32336,\"y\":192.445114,\"z\":-416.3082},\"Rotation\":{\"x\":358.65274,\"y\":270.51236,\"z\":-0.00303739239},\"State\":1,\"RuntimeCreated\":true},{\"ObjectNameId\":\"782b06a9-071f-4f22-84e9-420901a7a6ba\",\"ItemId\":630,\"Position\":{\"x\":1488.71436,\"y\":82.49102,\"z\":62.61608},\"Rotation\":{\"x\":6.59201765,\"y\":56.9551773,\"z\":229.015213},\"State\":1,\"RuntimeCreated\":true},{\"ObjectNameId\":\"1fed148f-ad7c-4058-ade2-ef139014aa28\",\"ItemId\":630,\"State\":1,\"RuntimeCreated\":true},{\"ObjectNameId\":\"430e4a3f-95cf-40a5-bd26-d653313c3fb4\",\"ItemId\":630,\"State\":1,\"RuntimeCreated\":true},{\"ObjectNameId\":\"274da411-6dd5-4bce-b8de-b3a821321e28\",\"ItemId\":630,\"State\":1,\"RuntimeCreated\":true},{\"ObjectNameId\":\"65794dc2-6a19-4b94-a834-2a56a2dcf92f\",\"ItemId\":630,\"State\":1,\"RuntimeCreated\":true},{\"ObjectNameId\":\"14a712b7-a904-4d3c-aa17-798892198bd1\",\"ItemId\":630,\"State\":1,\"RuntimeCreated\":true},{\"ObjectNameId\":\"1646439e-9b18-446b-b547-41b5be0beaca\",\"ItemId\":630,\"State\":1,\"RuntimeCreated\":true},{\"ObjectNameId\":\"67e637d9-d940-4344-88d7-4b35804c5a80\",\"ItemId\":630,\"State\":1,\"RuntimeCreated\":true},{\"ObjectNameId\":\"4e4072d3-13d2-4346-a068-48334800524e\",\"ItemId\":630,\"State\":1,\"RuntimeCreated\":true},{\"ObjectNameId\":\"6bd0dc74-fdb9-4ff0-a7b1-22108ebd73bc\",\"ItemId\":630,\"State\":1,\"RuntimeCreated\":true},{\"ObjectNameId\":\"d0c720c8-b129-4a61-9c86-938958dc4be3\",\"ItemId\":630,\"State\":1,\"RuntimeCreated\":true},{\"ObjectNameId\":\"cbdab547-b291-4ffd-9d84-4e453f92bca3\",\"ItemId\":630,\"State\":1,\"RuntimeCreated\":true},{\"ObjectNameId\":\"0549ead9-8c21-430d-8a22-4ab7223c85c1\",\"ItemId\":630,\"Position\":{\"x\":1561.1355,\"y\":191.6763,\"z\":-375.1209},\"Rotation\":{\"x\":359.9603,\"y\":207.460556,\"z\":359.9015},\"RuntimeCreated\":true},{\"ObjectNameId\":\"ba8a2b53-1c7c-451e-9e70-9c179da22f16\",\"ItemId\":630,\"Position\":{\"x\":1534.49658,\"y\":187.422409,\"z\":-476.7634},\"Rotation\":{\"x\":8.790733,\"y\":107.252396,\"z\":54.16871},\"State\":1,\"RuntimeCreated\":true},{\"ObjectNameId\":\"778ed8c3-60e2-485b-9f0d-a21901f3345e\",\"ItemId\":630,\"Position\":{\"x\":1532.97485,\"y\":188.122849,\"z\":-473.468384},\"Rotation\":{\"x\":345.971466,\"y\":286.296021,\"z\":5.45467758},\"State\":1,\"RuntimeCreated\":true},{\"ObjectNameId\":\"e169a9a8-3414-44fc-883c-ff706412b7bb\",\"ItemId\":630,\"State\":1,\"RuntimeCreated\":true},{\"ObjectNameId\":\"4ad47b89-1191-464e-8558-d71aa7f9afd4\",\"ItemId\":630,\"State\":1,\"RuntimeCreated\":true},{\"ObjectNameId\":\"94d57110-9a8f-4fd3-a534-0100497c652a\",\"ItemId\":630,\"State\":1,\"RuntimeCreated\":true},{\"ObjectNameId\":\"4331f388-493f-4cf4-a619-1699664f201f\",\"ItemId\":626,\"State\":1,\"RuntimeCreated\":true},{\"ObjectNameId\":\"04f2f9ff-e3cc-4fd2-b38d-02fbeb1d27e6\",\"ItemId\":626,\"State\":1,\"RuntimeCreated\":true},{\"ObjectNameId\":\"bc488ddf-e746-4f2f-aee7-a4f2cab88874\",\"ItemId\":630,\"Position\":{\"x\":1249.68115,\"y\":237.742752,\"z\":-666.203857},\"Rotation\":{\"x\":359.9643,\"y\":275.5385,\"z\":2.24788356},\"RuntimeCreated\":true},{\"ObjectNameId\":\"ab0bee3b-d654-4834-bd33-e3abd5aed8d1\",\"ItemId\":626,\"State\":1,\"RuntimeCreated\":true},{\"ObjectNameId\":\"d0a9c358-88a7-4777-a12f-7d21dd041270\",\"ItemId\":626,\"State\":1,\"RuntimeCreated\":true},{\"ObjectNameId\":\"0d893e83-4e03-4852-8db8-c88e060c9440\",\"ItemId\":630,\"Position\":{\"x\":1242.83057,\"y\":238.5522,\"z\":-659.680359},\"Rotation\":{\"x\":20.43896,\"y\":182.163757,\"z\":345.165253},\"RuntimeCreated\":true},{\"ObjectNameId\":\"11142e17-d1b7-4c52-a6d1-12718f653779\",\"ItemId\":626,\"State\":1,\"RuntimeCreated\":true},{\"ObjectNameId\":\"29093f6d-5eb3-4407-80fb-81b5986138fa\",\"ItemId\":630,\"State\":1,\"RuntimeCreated\":true},{\"ObjectNameId\":\"74a24542-db30-475d-86c1-f8ef1169e95a\",\"ItemId\":626,\"State\":1,\"RuntimeCreated\":true},{\"ObjectNameId\":\"927738a3-a69d-4bde-a6dd-fc65efa634b8\",\"ItemId\":626,\"State\":1,\"RuntimeCreated\":true},{\"ObjectNameId\":\"9969f24f-a274-418e-ad20-33df635ace87\",\"ItemId\":626,\"State\":1,\"RuntimeCreated\":true},{\"ObjectNameId\":\"272222a5-81db-4ef3-824e-79c3343f1b60\",\"ItemId\":630,\"Position\":{\"x\":1256.179,\"y\":237.742844,\"z\":-675.4353},\"Rotation\":{\"x\":359.959625,\"y\":15.440239,\"z\":359.901947},\"RuntimeCreated\":true},{\"ObjectNameId\":\"53d09fcc-7163-4aae-9875-c2c0fc6629ea\",\"ItemId\":626,\"State\":1,\"RuntimeCreated\":true},{\"ObjectNameId\":\"1d76a811-64a5-4f66-8aeb-e18e3febbbeb\",\"ItemId\":630,\"State\":1,\"RuntimeCreated\":true},{\"ObjectNameId\":\"06918ca5-cea8-4c34-b26d-d8a6a78d7695\",\"ItemId\":630,\"State\":1,\"RuntimeCreated\":true},{\"ObjectNameId\":\"33102273-3a91-4c56-9ec3-43dedd9e9584\",\"ItemId\":630,\"Position\":{\"x\":-1006.71185,\"y\":116.002258,\"z\":-41.7739029},\"Rotation\":{\"x\":2.46370873E-05,\"y\":157.946838,\"z\":-0.0004784168},\"RuntimeCreated\":true},{\"ObjectNameId\":\"ba683144-98c2-4d31-89f2-18996272c6a9\",\"ItemId\":630,\"State\":1,\"RuntimeCreated\":true},{\"ObjectNameId\":\"42b4a2b4-56fc-4a9c-8e27-b81f8b01d4fa\",\"ItemId\":630,\"Position\":{\"x\":-1004.79724,\"y\":116.002205,\"z\":-39.07421},\"Rotation\":{\"x\":-0.00287031569,\"y\":14.3385944,\"z\":0.00168721925},\"State\":1,\"RuntimeCreated\":true},{\"ObjectNameId\":\"6c793b7c-3ac1-4710-accb-6ed16ba715e8\",\"ItemId\":630,\"State\":1,\"RuntimeCreated\":true},{\"ObjectNameId\":\"347fdc20-4d85-404c-80ec-2cee8d2a033a\",\"ItemId\":630,\"State\":1,\"RuntimeCreated\":true},{\"ObjectNameId\":\"a50c06fe-f848-4e6e-a30e-482118bdca4b\",\"ItemId\":630,\"Position\":{\"x\":-1006.16479,\"y\":116.014488,\"z\":-40.0608444},\"Rotation\":{\"x\":306.815979,\"y\":20.2277641,\"z\":359.99295},\"State\":1,\"RuntimeCreated\":true},{\"ObjectNameId\":\"ecf91bf0-d4f2-40a7-bfb2-88233445fcb9\",\"ItemId\":630,\"Position\":{\"x\":-1007.23468,\"y\":115.976913,\"z\":-37.4767952},\"Rotation\":{\"x\":-0.000918660429,\"y\":274.183655,\"z\":300.3723},\"State\":1,\"RuntimeCreated\":true},{\"ObjectNameId\":\"07f8a3c3-3e5e-411d-a9dc-435393d91baa\",\"ItemId\":630,\"State\":1,\"RuntimeCreated\":true},{\"ObjectNameId\":\"902175aa-97a6-4ba6-a2c2-274bf0402dbe\",\"ItemId\":630,\"State\":1,\"RuntimeCreated\":true},{\"ObjectNameId\":\"e80b7a38-e8c8-4984-b695-066be3976e3f\",\"ItemId\":630,\"Position\":{\"x\":-1008.0813,\"y\":115.5605,\"z\":-52.02587},\"Rotation\":{\"x\":-0.00341111654,\"y\":274.180359,\"z\":0.005105337},\"RuntimeCreated\":true},{\"ObjectNameId\":\"1af03ac7-ff52-4825-8f59-a27dac2c1bf7\",\"ItemId\":630,\"State\":1,\"RuntimeCreated\":true},{\"ObjectNameId\":\"6f9de8e0-e31a-40d5-ba12-d102fd60636d\",\"ItemId\":630,\"Position\":{\"x\":-1005.34375,\"y\":121.401413,\"z\":-39.40743},\"Rotation\":{\"x\":49.5343437,\"y\":350.133484,\"z\":298.8103},\"RuntimeCreated\":true}]}"}}