{"Version":"0.0.0","Data":{"ZipLineManager":"{\"Version\":\"0.0.0\",\"Ziplines\":[{\"_anchorAPosition\":{\"x\":-1028.12207,\"y\":121.009468,\"z\":-59.02774},\"_anchorBPosition\":{\"x\":-1043.92468,\"y\":137.579559,\"z\":-130.06752},\"_canBeDismantled\":true},{\"_anchorAPosition\":{\"x\":-1005.42255,\"y\":125.857117,\"z\":-32.713562},\"_anchorBPosition\":{\"x\":-1003.39514,\"y\":123.170425,\"z\":-1.233676},\"_canBeDismantled\":true},{\"_anchorAPosition\":{\"x\":-1006.79504,\"y\":125.05471,\"z\":-38.0927467},\"_anchorBPosition\":{\"x\":-1030.05945,\"y\":119.761635,\"z\":-58.2517128},\"_canBeDismantled\":true}]}"}}