{"Version":"0.0.0","Data":{"PlayerInventory":"{\"Version\":\"1.0.0\",\"QuickSelect\":{\"Version\":\"0.0.0\",\"Slots\":[{\"ItemId\":379,\"Age\":169.588715},{\"ItemId\":359,\"Age\":169.588715},{\"ItemId\":355,\"Age\":169.588715},{},{\"ItemId\":437,\"Age\":169.588715},{\"ItemId\":440,\"Age\":169.588715},{\"ItemId\":381,\"Age\":169.588715},{\"ItemId\":418,\"Age\":10643.9023},{\"ItemId\":589,\"Age\":169.588715}]},\"EquippedItems\":[{\"ItemId\":474,\"Modules\":[{\"Version\":\"0.0.0\"},{\"AmmoType\":474,\"CurrentAmmo\":1,\"WeaponModIds\":[],\"Version\":\"0.0.0\",\"ModuleId\":4}]}],\"ItemInstanceManagerData\":{\"Version\":\"0.0.0\",\"ItemBlocks\":[{\"ItemId\":402,\"TotalCount\":1,\"UniqueItems\":[{\"Modules\":[{\"Version\":\"0.0.0\"}]}]},{\"ItemId\":380,\"TotalCount\":1,\"UniqueItems\":[{\"Modules\":[{\"Version\":\"0.0.0\"}]}]},{\"ItemId\":351,\"TotalCount\":1,\"UniqueItems\":[]},{\"ItemId\":552,\"TotalCount\":1,\"UniqueItems\":[]},{\"ItemId\":690,\"TotalCount\":1,\"UniqueItems\":[]},{\"ItemId\":486,\"TotalCount\":1,\"UniqueItems\":[]},{\"ItemId\":437,\"TotalCount\":5,\"UniqueItems\":[]},{\"ItemId\":419,\"TotalCount\":16,\"UniqueItems\":[]},{\"ItemId\":440,\"TotalCount\":2,\"UniqueItems\":[]},{\"ItemId\":387,\"TotalCount\":4,\"UniqueItems\":[]},{\"ItemId\":504,\"TotalCount\":4,\"UniqueItems\":[]},{\"ItemId\":410,\"TotalCount\":8,\"UniqueItems\":[]},{\"ItemId\":381,\"TotalCount\":2,\"UniqueItems\":[]},{\"ItemId\":418,\"TotalCount\":6,\"UniqueItems\":[]},{\"ItemId\":368,\"TotalCount\":20,\"UniqueItems\":[]},{\"ItemId\":379,\"TotalCount\":1,\"UniqueItems\":[{\"Modules\":[{\"Version\":\"0.0.0\"},{\"Version\":\"0.0.0\",\"ModuleId\":8}]}]},{\"ItemId\":412,\"TotalCount\":1,\"UniqueItems\":[]},{\"ItemId\":413,\"TotalCount\":1,\"UniqueItems\":[]},{\"ItemId\":589,\"TotalCount\":1,\"UniqueItems\":[]},{\"ItemId\":476,\"TotalCount\":30,\"UniqueItems\":[]},{\"ItemId\":634,\"TotalCount\":3,\"UniqueItems\":[]},{\"ItemId\":359,\"TotalCount\":1,\"UniqueItems\":[{\"Modules\":[{\"Version\":\"0.0.0\"},{\"Version\":\"0.0.0\",\"ModuleId\":8}]}]},{\"ItemId\":441,\"TotalCount\":8,\"UniqueItems\":[]},{\"ItemId\":523,\"TotalCount\":3,\"UniqueItems\":[]},{\"ItemId\":439,\"TotalCount\":10,\"UniqueItems\":[]},{\"ItemId\":479,\"TotalCount\":66,\"UniqueItems\":[]},{\"ItemId\":648,\"TotalCount\":1,\"UniqueItems\":[]},{\"ItemId\":484,\"TotalCount\":130,\"UniqueItems\":[]},{\"ItemId\":650,\"TotalCount\":1,\"UniqueItems\":[]},{\"ItemId\":401,\"TotalCount\":3,\"UniqueItems\":[]},{\"ItemId\":502,\"TotalCount\":127,\"UniqueItems\":[]},{\"ItemId\":469,\"TotalCount\":2,\"UniqueItems\":[]},{\"ItemId\":445,\"TotalCount\":20,\"UniqueItems\":[]},{\"ItemId\":599,\"TotalCount\":7,\"UniqueItems\":[]},{\"ItemId\":595,\"TotalCount\":8,\"UniqueItems\":[]},{\"ItemId\":598,\"TotalCount\":3,\"UniqueItems\":[]},{\"ItemId\":518,\"TotalCount\":1,\"UniqueItems\":[]},{\"ItemId\":637,\"TotalCount\":1,\"UniqueItems\":[]},{\"ItemId\":414,\"TotalCount\":2,\"UniqueItems\":[]},{\"ItemId\":695,\"TotalCount\":1,\"UniqueItems\":[]},{\"ItemId\":425,\"TotalCount\":4,\"UniqueItems\":[]},{\"ItemId\":697,\"TotalCount\":1,\"UniqueItems\":[]},{\"ItemId\":612,\"TotalCount\":1,\"UniqueItems\":[]},{\"ItemId\":631,\"TotalCount\":1,\"UniqueItems\":[]},{\"ItemId\":633,\"TotalCount\":1,\"UniqueItems\":[]},{\"ItemId\":495,\"TotalCount\":2,\"UniqueItems\":[]},{\"ItemId\":447,\"TotalCount\":20,\"UniqueItems\":[]},{\"ItemId\":604,\"TotalCount\":6,\"UniqueItems\":[]},{\"ItemId\":364,\"TotalCount\":26,\"UniqueItems\":[]},{\"ItemId\":400,\"TotalCount\":11,\"UniqueItems\":[]},{\"ItemId\":453,\"TotalCount\":20,\"UniqueItems\":[]},{\"ItemId\":529,\"TotalCount\":3,\"UniqueItems\":[{\"Modules\":[{\"IconIndex\":10,\"Version\":\"0.0.0\",\"ModuleId\":2}]},{\"Modules\":[{\"IconIndex\":7,\"Version\":\"0.0.0\",\"ModuleId\":2}]},{\"Modules\":[{\"IconIndex\":7,\"Version\":\"0.0.0\",\"ModuleId\":2}]}]},{\"ItemId\":471,\"TotalCount\":1,\"UniqueItems\":[{\"Modules\":[{\"RecipeId\":-1,\"CurrentVolume\":75,\"Version\":\"0.0.0\",\"ModuleId\":7}]}]},{\"ItemId\":452,\"TotalCount\":8,\"UniqueItems\":[]},{\"ItemId\":450,\"TotalCount\":20,\"UniqueItems\":[]},{\"ItemId\":615,\"TotalCount\":1,\"UniqueItems\":[]},{\"ItemId\":438,\"TotalCount\":1,\"UniqueItems\":[]},{\"ItemId\":694,\"TotalCount\":1,\"UniqueItems\":[]},{\"ItemId\":661,\"TotalCount\":3,\"UniqueItems\":[]},{\"ItemId\":398,\"TotalCount\":20,\"UniqueItems\":[]},{\"ItemId\":397,\"TotalCount\":14,\"UniqueItems\":[]},{\"ItemId\":446,\"TotalCount\":18,\"UniqueItems\":[]},{\"ItemId\":601,\"TotalCount\":11,\"UniqueItems\":[]},{\"ItemId\":715,\"TotalCount\":1,\"UniqueItems\":[]},{\"ItemId\":644,\"TotalCount\":1,\"UniqueItems\":[]},{\"ItemId\":603,\"TotalCount\":20,\"UniqueItems\":[]},{\"ItemId\":422,\"TotalCount\":1,\"UniqueItems\":[{\"Modules\":[{\"Version\":\"0.0.0\"}]}]},{\"ItemId\":496,\"TotalCount\":749,\"UniqueItems\":[]},{\"ItemId\":602,\"TotalCount\":1,\"UniqueItems\":[]},{\"ItemId\":503,\"TotalCount\":1,\"UniqueItems\":[{\"Modules\":[{\"Version\":\"0.0.0\"}]}]},{\"ItemId\":451,\"TotalCount\":8,\"UniqueItems\":[]},{\"ItemId\":724,\"TotalCount\":5,\"UniqueItems\":[]},{\"ItemId\":448,\"TotalCount\":5,\"UniqueItems\":[]},{\"ItemId\":388,\"TotalCount\":6,\"UniqueItems\":[]},{\"ItemId\":415,\"TotalCount\":16,\"UniqueItems\":[]},{\"ItemId\":403,\"TotalCount\":8,\"UniqueItems\":[]},{\"ItemId\":399,\"TotalCount\":2,\"UniqueItems\":[]},{\"ItemId\":454,\"TotalCount\":5,\"UniqueItems\":[]},{\"ItemId\":597,\"TotalCount\":2,\"UniqueItems\":[]},{\"ItemId\":613,\"TotalCount\":1,\"UniqueItems\":[]},{\"ItemId\":443,\"TotalCount\":1,\"UniqueItems\":[{\"Modules\":[{\"AmmoType\":507,\"CurrentAmmo\":1,\"WeaponModIds\":[],\"Version\":\"0.0.0\",\"ModuleId\":4}]}]},{\"ItemId\":606,\"TotalCount\":3,\"UniqueItems\":[]},{\"ItemId\":369,\"TotalCount\":7,\"UniqueItems\":[]},{\"ItemId\":666,\"TotalCount\":1,\"UniqueItems\":[]},{\"ItemId\":662,\"TotalCount\":1,\"UniqueItems\":[]},{\"ItemId\":353,\"TotalCount\":1,\"UniqueItems\":[{\"Modules\":[{\"AmmoType\":369,\"WeaponModIds\":[],\"Version\":\"0.0.0\",\"ModuleId\":4}]}]},{\"ItemId\":519,\"TotalCount\":1,\"UniqueItems\":[]},{\"ItemId\":575,\"TotalCount\":1,\"UniqueItems\":[]},{\"ItemId\":426,\"TotalCount\":1,\"UniqueItems\":[{\"Modules\":[{\"RecipeId\":-521362042,\"CurrentVolume\":750,\"Version\":\"0.0.0\",\"ModuleId\":7}]}]},{\"ItemId\":391,\"TotalCount\":1,\"UniqueItems\":[]},{\"ItemId\":554,\"TotalCount\":1,\"UniqueItems\":[]},{\"ItemId\":396,\"TotalCount\":1,\"UniqueItems\":[{\"Modules\":[{\"RecipeId\":-1,\"CurrentVolume\":30,\"Version\":\"0.0.0\",\"ModuleId\":7},{\"ChannelWeights\":{\"x\":0.449999839},\"Version\":\"0.0.0\"}]}]},{\"ItemId\":545,\"TotalCount\":1,\"UniqueItems\":[]},{\"ItemId\":468,\"TotalCount\":1,\"UniqueItems\":[{\"Modules\":[{\"Version\":\"0.0.0\",\"ModuleId\":8}]}]},{\"ItemId\":521,\"TotalCount\":1,\"UniqueItems\":[]},{\"ItemId\":540,\"TotalCount\":1,\"UniqueItems\":[]},{\"ItemId\":522,\"TotalCount\":1,\"UniqueItems\":[{\"Modules\":[{\"AmmoType\":523,\"CurrentAmmo\":1,\"WeaponModIds\":[],\"Version\":\"0.0.0\",\"ModuleId\":4}]}]},{\"ItemId\":449,\"TotalCount\":10,\"UniqueItems\":[]},{\"ItemId\":432,\"TotalCount\":1,\"UniqueItems\":[]},{\"ItemId\":596,\"TotalCount\":1,\"UniqueItems\":[]},{\"ItemId\":646,\"TotalCount\":1,\"UniqueItems\":[]},{\"ItemId\":356,\"TotalCount\":1,\"UniqueItems\":[{\"Modules\":[{\"ChannelWeights\":{\"x\":9.09413842E-08},\"Version\":\"0.0.0\"},{\"Version\":\"0.0.0\",\"ModuleId\":8}]}]},{\"ItemId\":647,\"TotalCount\":1,\"UniqueItems\":[]},{\"ItemId\":405,\"TotalCount\":3,\"UniqueItems\":[]},{\"ItemId\":507,\"TotalCount\":8,\"UniqueItems\":[{\"Modules\":[{\"Version\":\"0.0.0\",\"ModuleId\":9}]},{\"Modules\":[{\"Version\":\"0.0.0\",\"ModuleId\":9}]},{\"Modules\":[{\"Version\":\"0.0.0\",\"ModuleId\":9}]},{\"Modules\":[{\"Version\":\"0.0.0\",\"ModuleId\":9}]},{\"Modules\":[{\"Version\":\"0.0.0\",\"ModuleId\":9}]},{\"Modules\":[{\"Version\":\"0.0.0\",\"ModuleId\":9}]},{\"Modules\":[{\"Version\":\"0.0.0\",\"ModuleId\":9}]},{\"Modules\":[{\"Version\":\"0.0.0\",\"ModuleId\":9}]}]},{\"ItemId\":474,\"TotalCount\":3,\"UniqueItems\":[{\"Modules\":[{\"ChannelWeights\":{\"x\":1.0},\"Version\":\"0.0.0\"},{\"AmmoType\":474,\"CurrentAmmo\":1,\"WeaponModIds\":[],\"Version\":\"0.0.0\",\"ModuleId\":4}]},{\"Modules\":[{\"Version\":\"0.0.0\"}]},{\"Modules\":[{\"Version\":\"0.0.0\"}]}]},{\"ItemId\":472,\"TotalCount\":3,\"UniqueItems\":[]},{\"ItemId\":433,\"TotalCount\":1,\"UniqueItems\":[{\"Modules\":[{\"CurrentState\":1,\"TimeRemainingInState\":27225.4082,\"Version\":\"0.0.0\",\"ModuleId\":3}]}]},{\"ItemId\":508,\"TotalCount\":6,\"UniqueItems\":[]},{\"ItemId\":459,\"TotalCount\":1,\"UniqueItems\":[{\"Modules\":[{\"AmmoType\":476,\"CurrentAmmo\":1,\"WeaponModIds\":[],\"Version\":\"0.0.0\",\"ModuleId\":4}]}]},{\"ItemId\":527,\"TotalCount\":2,\"UniqueItems\":[]},{\"ItemId\":487,\"TotalCount\":1,\"UniqueItems\":[]},{\"ItemId\":499,\"TotalCount\":1,\"UniqueItems\":[]},{\"ItemId\":373,\"TotalCount\":7,\"UniqueItems\":[{\"Modules\":[{\"Version\":\"0.0.0\",\"ModuleId\":9}]},{\"Modules\":[{\"Version\":\"0.0.0\",\"ModuleId\":9}]},{\"Modules\":[{\"Version\":\"0.0.0\",\"ModuleId\":9}]},{\"Modules\":[{\"Version\":\"0.0.0\",\"ModuleId\":9}]},{\"Modules\":[{\"Version\":\"0.0.0\",\"ModuleId\":9}]},{\"Modules\":[{\"Version\":\"0.0.0\",\"ModuleId\":9}]},{\"Modules\":[{\"Version\":\"0.0.0\",\"ModuleId\":9}]}]},{\"ItemId\":430,\"TotalCount\":2,\"UniqueItems\":[]},{\"ItemId\":378,\"TotalCount\":1,\"UniqueItems\":[]},{\"ItemId\":593,\"TotalCount\":10,\"UniqueItems\":[]},{\"ItemId\":485,\"TotalCount\":1,\"UniqueItems\":[{\"Modules\":[{\"ChannelWeights\":{\"x\":0.02},\"Version\":\"0.0.0\"}]}]},{\"ItemId\":434,\"TotalCount\":2,\"UniqueItems\":[]},{\"ItemId\":635,\"TotalCount\":1,\"UniqueItems\":[]},{\"ItemId\":566,\"TotalCount\":1,\"UniqueItems\":[]},{\"ItemId\":538,\"TotalCount\":1,\"UniqueItems\":[]},{\"ItemId\":375,\"TotalCount\":1,\"UniqueItems\":[]},{\"ItemId\":376,\"TotalCount\":1,\"UniqueItems\":[]},{\"ItemId\":423,\"TotalCount\":1,\"UniqueItems\":[]},{\"ItemId\":355,\"TotalCount\":1,\"UniqueItems\":[{\"Modules\":[{\"ChannelWeights\":{\"x\":0.02},\"Version\":\"0.0.0\"},{\"Version\":\"0.0.0\",\"ModuleId\":8},{\"AmmoType\":362,\"CurrentAmmo\":2,\"WeaponModIds\":[],\"Version\":\"0.0.0\",\"ModuleId\":4}]}]},{\"ItemId\":489,\"TotalCount\":1,\"UniqueItems\":[]},{\"ItemId\":501,\"TotalCount\":1,\"UniqueItems\":[]},{\"ItemId\":618,\"TotalCount\":11,\"UniqueItems\":[{\"Modules\":[{\"Version\":\"0.0.0\",\"ModuleId\":9}]},{\"Modules\":[{\"Version\":\"0.0.0\",\"ModuleId\":9}]},{\"Modules\":[{\"Version\":\"0.0.0\",\"ModuleId\":9}]},{\"Modules\":[{\"Version\":\"0.0.0\",\"ModuleId\":9}]},{\"Modules\":[{\"Version\":\"0.0.0\",\"ModuleId\":9}]},{\"Modules\":[{\"Version\":\"0.0.0\",\"ModuleId\":9}]},{\"Modules\":[{\"Version\":\"0.0.0\",\"ModuleId\":9}]},{\"Modules\":[{\"UpgradeType\":1,\"Version\":\"0.0.0\",\"ModuleId\":9}]},{\"Modules\":[{\"UpgradeType\":1,\"Version\":\"0.0.0\",\"ModuleId\":9}]},{\"Modules\":[{\"Version\":\"0.0.0\",\"ModuleId\":9}]},{\"Modules\":[{\"Version\":\"0.0.0\",\"ModuleId\":9}]}]},{\"ItemId\":431,\"TotalCount\":1,\"UniqueItems\":[{\"Modules\":[{\"ChannelWeights\":{\"x\":1.72432877E-22},\"Version\":\"0.0.0\"},{\"Version\":\"0.0.0\",\"ModuleId\":8}]}]},{\"ItemId\":428,\"TotalCount\":1,\"UniqueItems\":[]},{\"ItemId\":365,\"TotalCount\":1,\"UniqueItems\":[{\"Modules\":[{\"AmmoType\":368,\"WeaponModIds\":[],\"Version\":\"0.0.0\",\"ModuleId\":4}]}]},{\"ItemId\":677,\"TotalCount\":1,\"UniqueItems\":[]},{\"ItemId\":568,\"TotalCount\":1,\"UniqueItems\":[]},{\"ItemId\":547,\"TotalCount\":1,\"UniqueItems\":[]},{\"ItemId\":346,\"TotalCount\":1,\"UniqueItems\":[]},{\"ItemId\":358,\"TotalCount\":1,\"UniqueItems\":[{\"Modules\":[{\"Version\":\"0.0.0\",\"ModuleId\":8},{\"AmmoType\":363,\"CurrentAmmo\":4,\"WeaponModIds\":[],\"Version\":\"0.0.0\",\"ModuleId\":4}]}]},{\"ItemId\":444,\"TotalCount\":1,\"UniqueItems\":[{\"Modules\":[{\"RecipeId\":-1,\"CurrentVolume\":174,\"Version\":\"0.0.0\",\"ModuleId\":7}]}]},{\"ItemId\":651,\"TotalCount\":1,\"UniqueItems\":[]},{\"ItemId\":392,\"TotalCount\":2,\"UniqueItems\":[]},{\"ItemId\":653,\"TotalCount\":1,\"UniqueItems\":[]},{\"ItemId\":705,\"TotalCount\":1,\"UniqueItems\":[]},{\"ItemId\":340,\"TotalCount\":1,\"UniqueItems\":[{\"Modules\":[{\"ChannelWeights\":{\"x\":0.139999986},\"Version\":\"0.0.0\"},{\"Version\":\"0.0.0\",\"ModuleId\":8}]}]},{\"ItemId\":467,\"TotalCount\":1,\"UniqueItems\":[]},{\"ItemId\":546,\"TotalCount\":1,\"UniqueItems\":[]},{\"ItemId\":693,\"TotalCount\":1,\"UniqueItems\":[]},{\"ItemId\":567,\"TotalCount\":1,\"UniqueItems\":[]},{\"ItemId\":543,\"TotalCount\":1,\"UniqueItems\":[]},{\"ItemId\":655,\"TotalCount\":1,\"UniqueItems\":[]},{\"ItemId\":611,\"TotalCount\":1,\"UniqueItems\":[]},{\"ItemId\":394,\"TotalCount\":1,\"UniqueItems\":[{\"Modules\":[{\"RecipeId\":-1,\"CurrentVolume\":16,\"Version\":\"0.0.0\",\"ModuleId\":7},{\"ChannelWeights\":{\"x\":0.04},\"Version\":\"0.0.0\"}]}]},{\"ItemId\":726,\"TotalCount\":1,\"UniqueItems\":[]},{\"ItemId\":600,\"TotalCount\":3,\"UniqueItems\":[]},{\"ItemId\":626,\"TotalCount\":1,\"UniqueItems\":[]},{\"ItemId\":590,\"TotalCount\":1,\"UniqueItems\":[]},{\"ItemId\":477,\"TotalCount\":1,\"UniqueItems\":[{\"Modules\":[{\"Version\":\"0.0.0\"},{\"Version\":\"0.0.0\",\"ModuleId\":8}]}]}]}}"}}