{"Version":"0.0.0","Data":{"ScrewStructureLinkerManager":"{\"_nodeLinkersData\":[],\"_builtLinkersData\":[null,null,null,null,null,null,null,null,null,null,null,null,null,null,null,null,null,null,null,null,null,null,null,null,null,null,null,null,null,null,null,null,null,null,null,null,null,null,null,null,null,null,null,null,null,null,null,null,null,null,null,null,null,null,null,null,null,null,null,null,null,null,null,null,null,null,null,null,null,null,null,null,null,null,null,null,null,null,null,null,null,null,null,null,null,null,null,null,null,null,null,null,null,null,null,null,null,null,null,null,null,null,null,{\"_supportingStructureIds\":[102]},{\"_supportingStructureIds\":[103]},null,null,null,null,null,null,null,null,null,null,null,{\"_supportingStructureIds\":[102]},null,null,null,null,{\"_supportingStructureIds\":[116,102]},{\"_supportingStructureIds\":[104,105]},null,{\"_supportingStructureIds\":[123]},{\"_supportingStructureIds\":[105,104]},{\"_supportingStructureIds\":[103,104]},{\"_supportingStructureIds\":[102,103]},{\"_supportingStructureIds\":[102,116]},{\"_supportingStructureIds\":[102,103]},{\"_supportingStructureIds\":[104,103]},null,{\"_supportingStructureIds\":[131]},null,null,null,null,null,null,null,null,null,null,null,null,null,null,null,null,null,null,null]}"}}