{"Version":"0.0.0","Data":{"StructureDestruction":"{\"Version\":\"0.0.0\",\"Data\":[{\"TypeID\":9,\"InstanceID\":1,\"Info\":{\"Health\":113.94,\"MaxHealth\":600.0,\"ElementCount\":1,\"MaxElements\":5,\"BreakCount\":4.0}},{\"TypeID\":33,\"InstanceID\":36,\"Info\":{\"Health\":90.0,\"MaxHealth\":60.0,\"ElementCount\":4,\"MaxElements\":1,\"BreakCount\":1.0,\"CanBreakTopElement\":true}},{\"TypeID\":33,\"InstanceID\":69,\"Info\":{\"Health\":180.0,\"MaxHealth\":60.0,\"ElementCount\":4,\"MaxElements\":1,\"BreakCount\":1.0,\"CanBreakTopElement\":true}},{\"TypeID\":3,\"InstanceID\":85,\"Info\":{\"Health\":1473.79309,\"MaxHealth\":1493.79309,\"ElementCount\":1,\"MaxElements\":1,\"BreakCount\":1.0}},{\"TypeID\":8,\"InstanceID\":20,\"Info\":{\"Health\":7794.591,\"MaxHealth\":7814.591,\"ElementCount\":5,\"MaxElements\":5,\"BreakCount\":4.0,\"CanBreakTopElement\":true}},{\"TypeID\":33,\"InstanceID\":42,\"Info\":{\"Health\":100.0,\"MaxHealth\":60.0,\"ElementCount\":4,\"MaxElements\":1,\"BreakCount\":1.0,\"CanBreakTopElement\":true}},{\"TypeID\":3,\"InstanceID\":48,\"Info\":{\"Health\":50.0,\"MaxHealth\":60.0,\"ElementCount\":1,\"MaxElements\":1,\"BreakCount\":1.0}},{\"TypeID\":8,\"InstanceID\":21,\"Info\":{\"Health\":10715.6514,\"MaxHealth\":10735.6514,\"ElementCount\":5,\"MaxElements\":5,\"BreakCount\":4.0,\"CanBreakTopElement\":true}},{\"TypeID\":33,\"InstanceID\":38,\"Info\":{\"Health\":180.0,\"MaxHealth\":60.0,\"ElementCount\":4,\"MaxElements\":1,\"BreakCount\":1.0,\"CanBreakTopElement\":true}},{\"TypeID\":21,\"InstanceID\":18,\"Info\":{\"Health\":4679.15,\"MaxHealth\":4741.65,\"ElementCount\":1,\"MaxElements\":1,\"BreakCount\":1.0}},{\"TypeID\":4,\"InstanceID\":37,\"Info\":{\"Health\":261.6,\"MaxHealth\":300.0,\"ElementCount\":5,\"MaxElements\":5,\"BreakCount\":4.0,\"CanBreakTopElement\":true}},{\"TypeID\":33,\"InstanceID\":76,\"Info\":{\"Health\":160.0,\"MaxHealth\":60.0,\"ElementCount\":4,\"MaxElements\":1,\"BreakCount\":1.0,\"CanBreakTopElement\":true}},{\"TypeID\":20,\"InstanceID\":7,\"Info\":{\"Health\":17188.6855,\"MaxHealth\":17241.0859,\"ElementCount\":1,\"MaxElements\":1,\"BreakCount\":1.0}},{\"TypeID\":21,\"InstanceID\":23,\"Info\":{\"Health\":5962.658,\"MaxHealth\":6015.058,\"ElementCount\":1,\"MaxElements\":1,\"BreakCount\":1.0}},{\"TypeID\":33,\"InstanceID\":6,\"Info\":{\"Health\":180.0,\"MaxHealth\":60.0,\"ElementCount\":4,\"MaxElements\":1,\"BreakCount\":1.0,\"CanBreakTopElement\":true}},{\"TypeID\":25,\"InstanceID\":5,\"Info\":{\"Health\":90.0,\"MaxHealth\":60.0,\"ElementCount\":2,\"MaxElements\":1,\"BreakCount\":1.0,\"CanBreakTopElement\":true}},{\"TypeID\":19,\"InstanceID\":10,\"Info\":{\"Health\":2336.5,\"MaxHealth\":2340.0,\"ElementCount\":5,\"MaxElements\":5,\"BreakCount\":4.0,\"CanBreakTopElement\":true}},{\"TypeID\":20,\"InstanceID\":66,\"Info\":{\"Health\":267.0,\"MaxHealth\":360.0,\"ElementCount\":1,\"MaxElements\":1,\"BreakCount\":1.0}},{\"TypeID\":4,\"InstanceID\":134,\"Info\":{\"Health\":296.5,\"MaxHealth\":300.0,\"ElementCount\":5,\"MaxElements\":5,\"BreakCount\":4.0,\"CanBreakTopElement\":true}},{\"TypeID\":3,\"InstanceID\":45,\"Info\":{\"Health\":563.110168,\"MaxHealth\":573.110168,\"ElementCount\":1,\"MaxElements\":1,\"BreakCount\":1.0}},{\"TypeID\":8,\"InstanceID\":32,\"Info\":{\"Health\":3421.961,\"MaxHealth\":3429.961,\"ElementCount\":5,\"MaxElements\":5,\"BreakCount\":4.0,\"CanBreakTopElement\":true}},{\"TypeID\":33,\"InstanceID\":48,\"Info\":{\"Health\":190.0,\"MaxHealth\":60.0,\"ElementCount\":4,\"MaxElements\":1,\"BreakCount\":1.0,\"CanBreakTopElement\":true}},{\"TypeID\":29,\"InstanceID\":21,\"Info\":{\"Health\":40.0,\"MaxHealth\":60.0,\"ElementCount\":1,\"MaxElements\":1,\"BreakCount\":1.0}},{\"TypeID\":25,\"InstanceID\":1,\"Info\":{\"Health\":225.0,\"MaxHealth\":60.0,\"ElementCount\":5,\"MaxElements\":1,\"BreakCount\":1.0,\"CanBreakTopElement\":true}},{\"TypeID\":4,\"InstanceID\":21,\"Info\":{\"Health\":270.0,\"MaxHealth\":300.0,\"ElementCount\":5,\"MaxElements\":5,\"BreakCount\":4.0,\"CanBreakTopElement\":true}},{\"TypeID\":19,\"InstanceID\":8,\"Info\":{\"Health\":66003.2344,\"MaxHealth\":66063.2344,\"ElementCount\":5,\"MaxElements\":5,\"BreakCount\":4.0,\"CanBreakTopElement\":true}},{\"TypeID\":33,\"InstanceID\":46,\"Info\":{\"Health\":120.0,\"MaxHealth\":60.0,\"ElementCount\":4,\"MaxElements\":1,\"BreakCount\":1.0,\"CanBreakTopElement\":true}},{\"TypeID\":33,\"InstanceID\":75,\"Info\":{\"Health\":210.0,\"MaxHealth\":60.0,\"ElementCount\":4,\"MaxElements\":1,\"BreakCount\":1.0,\"CanBreakTopElement\":true}},{\"TypeID\":33,\"InstanceID\":18,\"Info\":{\"Health\":170.0,\"MaxHealth\":60.0,\"ElementCount\":4,\"MaxElements\":1,\"BreakCount\":1.0,\"CanBreakTopElement\":true}},{\"TypeID\":1,\"InstanceID\":94,\"Info\":{\"Health\":459.1506,\"MaxHealth\":462.6506,\"ElementCount\":1,\"MaxElements\":1,\"BreakCount\":1.0}},{\"TypeID\":3,\"InstanceID\":15,\"Info\":{\"Health\":1330.35266,\"MaxHealth\":1333.85266,\"ElementCount\":1,\"MaxElements\":1,\"BreakCount\":1.0}},{\"TypeID\":33,\"InstanceID\":50,\"Info\":{\"Health\":65.0,\"MaxHealth\":60.0,\"ElementCount\":4,\"MaxElements\":1,\"BreakCount\":1.0,\"CanBreakTopElement\":true}},{\"TypeID\":33,\"InstanceID\":19,\"Info\":{\"Health\":160.0,\"MaxHealth\":60.0,\"ElementCount\":4,\"MaxElements\":1,\"BreakCount\":1.0,\"CanBreakTopElement\":true}},{\"TypeID\":33,\"InstanceID\":14,\"Info\":{\"Health\":180.0,\"MaxHealth\":60.0,\"ElementCount\":4,\"MaxElements\":1,\"BreakCount\":1.0,\"CanBreakTopElement\":true}},{\"TypeID\":33,\"InstanceID\":56,\"Info\":{\"Health\":90.0,\"MaxHealth\":60.0,\"ElementCount\":4,\"MaxElements\":1,\"BreakCount\":1.0,\"CanBreakTopElement\":true}},{\"TypeID\":4,\"InstanceID\":16,\"Info\":{\"Health\":261.600037,\"MaxHealth\":300.0,\"ElementCount\":5,\"MaxElements\":5,\"BreakCount\":4.0,\"CanBreakTopElement\":true}},{\"TypeID\":38,\"InstanceID\":1,\"Info\":{\"Health\":60.0,\"MaxHealth\":60.0,\"ElementCount\":1,\"MaxElements\":1,\"BreakCount\":1.0}},{\"TypeID\":3,\"InstanceID\":60,\"Info\":{\"Health\":2003.18408,\"MaxHealth\":2003.18408,\"ElementCount\":1,\"MaxElements\":1,\"BreakCount\":1.0}},{\"TypeID\":4,\"InstanceID\":97,\"Info\":{\"Health\":261.6,\"MaxHealth\":300.0,\"ElementCount\":5,\"MaxElements\":5,\"BreakCount\":4.0,\"CanBreakTopElement\":true}},{\"TypeID\":4,\"InstanceID\":125,\"Info\":{\"Health\":293.0,\"MaxHealth\":300.0,\"ElementCount\":5,\"MaxElements\":5,\"BreakCount\":4.0,\"CanBreakTopElement\":true}},{\"TypeID\":2,\"InstanceID\":139,\"Info\":{\"Health\":153.327484,\"MaxHealth\":208.687485,\"ElementCount\":1,\"MaxElements\":1,\"BreakCount\":1.0}},{\"TypeID\":33,\"InstanceID\":77,\"Info\":{\"Health\":180.0,\"MaxHealth\":60.0,\"ElementCount\":4,\"MaxElements\":1,\"BreakCount\":1.0,\"CanBreakTopElement\":true}},{\"TypeID\":33,\"InstanceID\":62,\"Info\":{\"Health\":150.0,\"MaxHealth\":60.0,\"ElementCount\":4,\"MaxElements\":1,\"BreakCount\":1.0,\"CanBreakTopElement\":true}},{\"TypeID\":20,\"InstanceID\":30,\"Info\":{\"Health\":13227.42,\"MaxHealth\":13289.92,\"ElementCount\":1,\"MaxElements\":1,\"BreakCount\":1.0}},{\"TypeID\":4,\"InstanceID\":120,\"Info\":{\"Health\":296.5,\"MaxHealth\":300.0,\"ElementCount\":5,\"MaxElements\":5,\"BreakCount\":4.0,\"CanBreakTopElement\":true}},{\"TypeID\":3,\"InstanceID\":234,\"Info\":{\"Health\":263.5,\"MaxHealth\":267.0,\"ElementCount\":1,\"MaxElements\":1,\"BreakCount\":1.0}},{\"TypeID\":33,\"InstanceID\":45,\"Info\":{\"Health\":200.0,\"MaxHealth\":60.0,\"ElementCount\":4,\"MaxElements\":1,\"BreakCount\":1.0,\"CanBreakTopElement\":true}},{\"TypeID\":20,\"InstanceID\":58,\"Info\":{\"Health\":214.0,\"MaxHealth\":360.0,\"ElementCount\":1,\"MaxElements\":1,\"BreakCount\":1.0}},{\"TypeID\":21,\"InstanceID\":9,\"Info\":{\"Health\":30472.8086,\"MaxHealth\":30612.8086,\"ElementCount\":3,\"MaxElements\":3,\"BreakCount\":2.0,\"CanBreakTopElement\":true}},{\"TypeID\":3,\"InstanceID\":387,\"Info\":{\"Health\":186.75,\"MaxHealth\":228.75,\"ElementCount\":1,\"MaxElements\":1,\"BreakCount\":1.0}},{\"TypeID\":33,\"InstanceID\":32,\"Info\":{\"Health\":160.0,\"MaxHealth\":60.0,\"ElementCount\":4,\"MaxElements\":1,\"BreakCount\":1.0,\"CanBreakTopElement\":true}},{\"TypeID\":4,\"InstanceID\":47,\"Info\":{\"Health\":286.9,\"MaxHealth\":300.0,\"ElementCount\":5,\"MaxElements\":5,\"BreakCount\":4.0,\"CanBreakTopElement\":true}},{\"TypeID\":33,\"InstanceID\":61,\"Info\":{\"Health\":210.0,\"MaxHealth\":60.0,\"ElementCount\":4,\"MaxElements\":1,\"BreakCount\":1.0,\"CanBreakTopElement\":true}},{\"TypeID\":33,\"InstanceID\":51,\"Info\":{\"Health\":236.5,\"MaxHealth\":60.0,\"ElementCount\":4,\"MaxElements\":1,\"BreakCount\":1.0,\"CanBreakTopElement\":true}},{\"TypeID\":2,\"InstanceID\":80,\"Info\":{\"Health\":3762.54883,\"MaxHealth\":3773.04883,\"ElementCount\":1,\"MaxElements\":1,\"BreakCount\":1.0}},{\"TypeID\":33,\"InstanceID\":29,\"Info\":{\"Health\":210.0,\"MaxHealth\":60.0,\"ElementCount\":4,\"MaxElements\":1,\"BreakCount\":1.0,\"CanBreakTopElement\":true}},{\"TypeID\":33,\"InstanceID\":31,\"Info\":{\"Health\":120.0,\"MaxHealth\":60.0,\"ElementCount\":3,\"MaxElements\":1,\"BreakCount\":1.0,\"CanBreakTopElement\":true}},{\"TypeID\":33,\"InstanceID\":39,\"Info\":{\"Health\":210.0,\"MaxHealth\":60.0,\"ElementCount\":4,\"MaxElements\":1,\"BreakCount\":1.0,\"CanBreakTopElement\":true}},{\"TypeID\":33,\"InstanceID\":16,\"Info\":{\"Health\":210.0,\"MaxHealth\":60.0,\"ElementCount\":4,\"MaxElements\":1,\"BreakCount\":1.0,\"CanBreakTopElement\":true}},{\"TypeID\":20,\"InstanceID\":32,\"Info\":{\"Health\":353.0,\"MaxHealth\":360.0,\"ElementCount\":1,\"MaxElements\":1,\"BreakCount\":1.0}},{\"TypeID\":33,\"InstanceID\":27,\"Info\":{\"Health\":150.0,\"MaxHealth\":60.0,\"ElementCount\":4,\"MaxElements\":1,\"BreakCount\":1.0,\"CanBreakTopElement\":true}},{\"TypeID\":33,\"InstanceID\":65,\"Info\":{\"Health\":210.0,\"MaxHealth\":60.0,\"ElementCount\":4,\"MaxElements\":1,\"BreakCount\":1.0,\"CanBreakTopElement\":true}},{\"TypeID\":3,\"InstanceID\":129,\"Info\":{\"Health\":135.0,\"MaxHealth\":150.0,\"ElementCount\":1,\"MaxElements\":1,\"BreakCount\":1.0}},{\"TypeID\":20,\"InstanceID\":64,\"Info\":{\"Health\":255.0,\"MaxHealth\":360.0,\"ElementCount\":1,\"MaxElements\":1,\"BreakCount\":1.0}},{\"TypeID\":19,\"InstanceID\":28,\"Info\":{\"Health\":1420.0,\"MaxHealth\":1800.0,\"ElementCount\":3,\"MaxElements\":5,\"BreakCount\":4.0}},{\"TypeID\":7,\"InstanceID\":12,\"Info\":{\"Health\":40.0,\"MaxHealth\":300.0,\"ElementCount\":1,\"MaxElements\":5,\"BreakCount\":4.0}},{\"TypeID\":33,\"InstanceID\":17,\"Info\":{\"Health\":180.0,\"MaxHealth\":60.0,\"ElementCount\":4,\"MaxElements\":1,\"BreakCount\":1.0,\"CanBreakTopElement\":true}},{\"TypeID\":33,\"InstanceID\":13,\"Info\":{\"Health\":210.0,\"MaxHealth\":60.0,\"ElementCount\":4,\"MaxElements\":1,\"BreakCount\":1.0,\"CanBreakTopElement\":true}},{\"TypeID\":8,\"InstanceID\":3,\"Info\":{\"Health\":5546.1167,\"MaxHealth\":5641.47656,\"ElementCount\":5,\"MaxElements\":5,\"BreakCount\":4.0,\"CanBreakTopElement\":true}},{\"TypeID\":33,\"InstanceID\":41,\"Info\":{\"Health\":210.0,\"MaxHealth\":60.0,\"ElementCount\":4,\"MaxElements\":1,\"BreakCount\":1.0,\"CanBreakTopElement\":true}},{\"TypeID\":20,\"InstanceID\":34,\"Info\":{\"Health\":6642.269,\"MaxHealth\":6767.269,\"ElementCount\":1,\"MaxElements\":1,\"BreakCount\":1.0}},{\"TypeID\":19,\"InstanceID\":25,\"Info\":{\"Health\":1364.0,\"MaxHealth\":2340.0,\"ElementCount\":3,\"MaxElements\":5,\"BreakCount\":4.0}},{\"TypeID\":33,\"InstanceID\":40,\"Info\":{\"Health\":180.0,\"MaxHealth\":60.0,\"ElementCount\":4,\"MaxElements\":1,\"BreakCount\":1.0,\"CanBreakTopElement\":true}},{\"TypeID\":33,\"InstanceID\":20,\"Info\":{\"Health\":210.0,\"MaxHealth\":60.0,\"ElementCount\":4,\"MaxElements\":1,\"BreakCount\":1.0,\"CanBreakTopElement\":true}},{\"TypeID\":21,\"InstanceID\":33,\"Info\":{\"Health\":1165.0,\"MaxHealth\":1179.0,\"ElementCount\":1,\"MaxElements\":1,\"BreakCount\":1.0}},{\"TypeID\":33,\"InstanceID\":7,\"Info\":{\"Health\":180.0,\"MaxHealth\":60.0,\"ElementCount\":4,\"MaxElements\":1,\"BreakCount\":1.0,\"CanBreakTopElement\":true}},{\"TypeID\":33,\"InstanceID\":30,\"Info\":{\"Health\":210.0,\"MaxHealth\":60.0,\"ElementCount\":4,\"MaxElements\":1,\"BreakCount\":1.0,\"CanBreakTopElement\":true}},{\"TypeID\":16,\"InstanceID\":1,\"Info\":{\"Health\":21.5999985,\"MaxHealth\":60.0,\"ElementCount\":1,\"MaxElements\":1,\"BreakCount\":1.0}},{\"TypeID\":8,\"InstanceID\":2,\"Info\":{\"Health\":3257.1875,\"MaxHealth\":3319.6875,\"ElementCount\":5,\"MaxElements\":5,\"BreakCount\":4.0,\"CanBreakTopElement\":true}},{\"TypeID\":3,\"InstanceID\":351,\"Info\":{\"Health\":318.75,\"MaxHealth\":588.75,\"ElementCount\":1,\"MaxElements\":1,\"BreakCount\":1.0}},{\"TypeID\":16,\"InstanceID\":2,\"Info\":{\"Health\":46.9,\"MaxHealth\":60.0,\"ElementCount\":1,\"MaxElements\":1,\"BreakCount\":1.0}},{\"TypeID\":32,\"InstanceID\":23,\"Info\":{\"Health\":116.5,\"MaxHealth\":60.0,\"ElementCount\":2,\"MaxElements\":1,\"BreakCount\":1.0,\"CanBreakTopElement\":true}},{\"TypeID\":4,\"InstanceID\":129,\"Info\":{\"Health\":296.5,\"MaxHealth\":300.0,\"ElementCount\":5,\"MaxElements\":5,\"BreakCount\":4.0,\"CanBreakTopElement\":true}},{\"TypeID\":32,\"InstanceID\":22,\"Info\":{\"Health\":20.0,\"MaxHealth\":60.0,\"ElementCount\":2,\"MaxElements\":1,\"BreakCount\":1.0,\"CanBreakTopElement\":true}},{\"TypeID\":33,\"InstanceID\":3,\"Info\":{\"Health\":210.0,\"MaxHealth\":60.0,\"ElementCount\":4,\"MaxElements\":1,\"BreakCount\":1.0,\"CanBreakTopElement\":true}},{\"TypeID\":3,\"InstanceID\":371,\"Info\":{\"Health\":44.25,\"MaxHealth\":194.25,\"ElementCount\":1,\"MaxElements\":1,\"BreakCount\":1.0}},{\"TypeID\":1,\"InstanceID\":136,\"Info\":{\"Health\":213.775,\"MaxHealth\":263.775,\"ElementCount\":1,\"MaxElements\":1,\"BreakCount\":1.0}}]}"}}