{"Version":"0.0.0","Data":{"FreeFormFreeLinksManager":"{\"_supportingStructuresData\":[{\"Structure\":{\"_typeId\":4,\"_instanceId\":50},\"List\":[{\"_typeId\":32,\"_instanceId\":14},{\"_typeId\":32,\"_instanceId\":21}]},{\"Structure\":{\"_typeId\":3,\"_instanceId\":238},\"List\":[{\"_typeId\":25,\"_instanceId\":4}]},{\"Structure\":{\"_typeId\":4,\"_instanceId\":51},\"List\":[{\"_typeId\":32,\"_instanceId\":15}]},{\"Structure\":{\"_typeId\":11,\"_instanceId\":1},\"List\":[{\"_typeId\":32,\"_instanceId\":12}]},{\"Structure\":{\"_typeId\":4,\"_instanceId\":23},\"List\":[{\"_typeId\":32,\"_instanceId\":9}]},{\"Structure\":{\"_typeId\":1,\"_instanceId\":102},\"List\":[{\"_typeId\":25,\"_instanceId\":4}]},{\"Structure\":{\"_typeId\":35,\"_instanceId\":1},\"List\":[{\"_typeId\":25,\"_instanceId\":3},{\"_typeId\":25,\"_instanceId\":5},{\"_typeId\":25,\"_instanceId\":6},{\"_typeId\":25,\"_instanceId\":7},{\"_typeId\":25,\"_instanceId\":8},{\"_typeId\":25,\"_instanceId\":9},{\"_typeId\":25,\"_instanceId\":10}]},{\"Structure\":{\"_typeId\":5,\"_instanceId\":7},\"List\":[{\"_typeId\":42,\"_instanceId\":1},{\"_typeId\":42,\"_instanceId\":9}]},{\"Structure\":{\"_typeId\":5,\"_instanceId\":8},\"List\":[{\"_typeId\":42,\"_instanceId\":2},{\"_typeId\":42,\"_instanceId\":3},{\"_typeId\":42,\"_instanceId\":10},{\"_typeId\":42,\"_instanceId\":11}]},{\"Structure\":{\"_typeId\":5,\"_instanceId\":9},\"List\":[{\"_typeId\":42,\"_instanceId\":4}]},{\"Structure\":{\"_typeId\":5,\"_instanceId\":11},\"List\":[{\"_typeId\":42,\"_instanceId\":5}]},{\"Structure\":{\"_typeId\":5,\"_instanceId\":10},\"List\":[{\"_typeId\":42,\"_instanceId\":6}]},{\"Structure\":{\"_typeId\":5,\"_instanceId\":6},\"List\":[{\"_typeId\":42,\"_instanceId\":7}]},{\"Structure\":{\"_typeId\":4,\"_instanceId\":87},\"List\":[{\"_typeId\":42,\"_instanceId\":16}]},{\"Structure\":{\"_typeId\":4,\"_instanceId\":74},\"List\":[{\"_typeId\":42,\"_instanceId\":20}]},{\"Structure\":{\"_typeId\":4,\"_instanceId\":70},\"List\":[{\"_typeId\":42,\"_instanceId\":8}]},{\"Structure\":{\"_typeId\":4,\"_instanceId\":56},\"List\":[{\"_typeId\":42,\"_instanceId\":14},{\"_typeId\":42,\"_instanceId\":19}]},{\"Structure\":{\"_typeId\":4,\"_instanceId\":79},\"List\":[{\"_typeId\":42,\"_instanceId\":13},{\"_typeId\":42,\"_instanceId\":12},{\"_typeId\":42,\"_instanceId\":17},{\"_typeId\":42,\"_instanceId\":18}]},{\"Structure\":{\"_typeId\":4,\"_instanceId\":89},\"List\":[{\"_typeId\":42,\"_instanceId\":15}]}],\"_supportedByStructuresData\":[{\"Structure\":{\"_typeId\":25,\"_instanceId\":5},\"List\":[{\"_typeId\":35,\"_instanceId\":1}]},{\"Structure\":{\"_typeId\":25,\"_instanceId\":6},\"List\":[{\"_typeId\":35,\"_instanceId\":1}]},{\"Structure\":{\"_typeId\":25,\"_instanceId\":3},\"List\":[{\"_typeId\":35,\"_instanceId\":1}]},{\"Structure\":{\"_typeId\":25,\"_instanceId\":4},\"List\":[{\"_typeId\":1,\"_instanceId\":102},{\"_typeId\":3,\"_instanceId\":238}]},{\"Structure\":{\"_typeId\":32,\"_instanceId\":14},\"List\":[{\"_typeId\":4,\"_instanceId\":50}]},{\"Structure\":{\"_typeId\":32,\"_instanceId\":15},\"List\":[{\"_typeId\":4,\"_instanceId\":51}]},{\"Structure\":{\"_typeId\":32,\"_instanceId\":12},\"List\":[{\"_typeId\":11,\"_instanceId\":1}]},{\"Structure\":{\"_typeId\":25,\"_instanceId\":7},\"List\":[{\"_typeId\":35,\"_instanceId\":1}]},{\"Structure\":{\"_typeId\":25,\"_instanceId\":8},\"List\":[{\"_typeId\":35,\"_instanceId\":1}]},{\"Structure\":{\"_typeId\":25,\"_instanceId\":9},\"List\":[{\"_typeId\":35,\"_instanceId\":1}]},{\"Structure\":{\"_typeId\":25,\"_instanceId\":10},\"List\":[{\"_typeId\":35,\"_instanceId\":1}]},{\"Structure\":{\"_typeId\":32,\"_instanceId\":9},\"List\":[{\"_typeId\":4,\"_instanceId\":23}]},{\"Structure\":{\"_typeId\":42,\"_instanceId\":1},\"List\":[{\"_typeId\":5,\"_instanceId\":7}]},{\"Structure\":{\"_typeId\":42,\"_instanceId\":2},\"List\":[{\"_typeId\":5,\"_instanceId\":8}]},{\"Structure\":{\"_typeId\":42,\"_instanceId\":3},\"List\":[{\"_typeId\":5,\"_instanceId\":8}]},{\"Structure\":{\"_typeId\":42,\"_instanceId\":4},\"List\":[{\"_typeId\":5,\"_instanceId\":9}]},{\"Structure\":{\"_typeId\":42,\"_instanceId\":5},\"List\":[{\"_typeId\":5,\"_instanceId\":11}]},{\"Structure\":{\"_typeId\":42,\"_instanceId\":6},\"List\":[{\"_typeId\":5,\"_instanceId\":10}]},{\"Structure\":{\"_typeId\":42,\"_instanceId\":7},\"List\":[{\"_typeId\":5,\"_instanceId\":6}]},{\"Structure\":{\"_typeId\":42,\"_instanceId\":18},\"List\":[{\"_typeId\":4,\"_instanceId\":79}]},{\"Structure\":{\"_typeId\":42,\"_instanceId\":8},\"List\":[{\"_typeId\":4,\"_instanceId\":70}]},{\"Structure\":{\"_typeId\":42,\"_instanceId\":9},\"List\":[{\"_typeId\":5,\"_instanceId\":7}]},{\"Structure\":{\"_typeId\":42,\"_instanceId\":10},\"List\":[{\"_typeId\":5,\"_instanceId\":8}]},{\"Structure\":{\"_typeId\":42,\"_instanceId\":11},\"List\":[{\"_typeId\":5,\"_instanceId\":8}]},{\"Structure\":{\"_typeId\":42,\"_instanceId\":14},\"List\":[{\"_typeId\":4,\"_instanceId\":56}]},{\"Structure\":{\"_typeId\":42,\"_instanceId\":19},\"List\":[{\"_typeId\":4,\"_instanceId\":56}]},{\"Structure\":{\"_typeId\":42,\"_instanceId\":13},\"List\":[{\"_typeId\":4,\"_instanceId\":79}]},{\"Structure\":{\"_typeId\":42,\"_instanceId\":17},\"List\":[{\"_typeId\":4,\"_instanceId\":79}]},{\"Structure\":{\"_typeId\":42,\"_instanceId\":12},\"List\":[{\"_typeId\":4,\"_instanceId\":79}]},{\"Structure\":{\"_typeId\":42,\"_instanceId\":15},\"List\":[{\"_typeId\":4,\"_instanceId\":89}]},{\"Structure\":{\"_typeId\":42,\"_instanceId\":16},\"List\":[{\"_typeId\":4,\"_instanceId\":87}]},{\"Structure\":{\"_typeId\":42,\"_instanceId\":20},\"List\":[{\"_typeId\":4,\"_instanceId\":74}]},{\"Structure\":{\"_typeId\":32,\"_instanceId\":21},\"List\":[{\"_typeId\":4,\"_instanceId\":50}]}]}"}}