{"Version":"0.0.0","Data":{"FreeFormStructureLinkerManager":"{\"_nodeLinkersData\":[null,null,null,null,null,null],\"_builtLinkersData\":[null,null,null,null,null,{\"_typeId\":4,\"_instanceId\":65},{\"_typeId\":4,\"_instanceId\":65},{\"_typeId\":4,\"_instanceId\":35},{\"_typeId\":4,\"_instanceId\":65},{\"_typeId\":19,\"_instanceId\":12},null,null,null,null,null,null,{\"_typeId\":4,\"_instanceId\":66},null,{\"_typeId\":4,\"_instanceId\":33},{\"_typeId\":4,\"_instanceId\":29},{\"_typeId\":3,\"_instanceId\":27},null,null,null,null,{\"_typeId\":4,\"_instanceId\":36},{\"_typeId\":4,\"_instanceId\":13},{\"_typeId\":4,\"_instanceId\":13},{\"_typeId\":4,\"_instanceId\":98},{\"_typeId\":4,\"_instanceId\":98},{\"_typeId\":4,\"_instanceId\":98},{\"_typeId\":4,\"_instanceId\":8},{\"_typeId\":4,\"_instanceId\":7},{\"_typeId\":4,\"_instanceId\":7},{\"_typeId\":4,\"_instanceId\":83},{\"_typeId\":4,\"_instanceId\":36},null,null,{\"_typeId\":4,\"_instanceId\":3},{\"_typeId\":4,\"_instanceId\":42},{\"_typeId\":4,\"_instanceId\":37},{\"_typeId\":4,\"_instanceId\":12},{\"_typeId\":4,\"_instanceId\":12},{\"_typeId\":4,\"_instanceId\":54},{\"_typeId\":4,\"_instanceId\":72},{\"_typeId\":4,\"_instanceId\":31},{\"_typeId\":4,\"_instanceId\":77},{\"_typeId\":4,\"_instanceId\":14},{\"_typeId\":4,\"_instanceId\":14},null,null,null,null,null,null,null,{\"_typeId\":4,\"_instanceId\":8},{\"_typeId\":4,\"_instanceId\":1},null,null,null,null,null,null,{\"_typeId\":3,\"_instanceId\":22},null,null,null,null,null,null,null,null,null,{\"_typeId\":4,\"_instanceId\":50},{\"_typeId\":4,\"_instanceId\":51}]}"}}