{"Version":"0.0.0","Data":{"PlayerInventory":"{\"Version\":\"1.0.0\",\"QuickSelect\":{\"Version\":\"0.0.0\",\"Slots\":[{\"ItemId\":379,\"Age\":19890.9023},{\"ItemId\":359,\"Age\":19890.9023},{\"ItemId\":417,\"Age\":19890.9023},{\"ItemId\":393,\"Age\":19890.9023},{\"ItemId\":437,\"Age\":19890.9023},{\"ItemId\":440,\"Age\":19890.9023},{\"ItemId\":381,\"Age\":19890.9023},{\"ItemId\":418,\"Age\":19890.9023},{\"ItemId\":589,\"Age\":19890.9023}]},\"EquippedItems\":[],\"ItemInstanceManagerData\":{\"Version\":\"0.0.0\",\"ItemBlocks\":[{\"ItemId\":402,\"TotalCount\":1,\"UniqueItems\":[{\"Modules\":[{\"Version\":\"0.0.0\"}]}]},{\"ItemId\":380,\"TotalCount\":1,\"UniqueItems\":[{\"Modules\":[{\"Version\":\"0.0.0\"}]}]},{\"ItemId\":489,\"TotalCount\":1,\"UniqueItems\":[]},{\"ItemId\":351,\"TotalCount\":1,\"UniqueItems\":[]},{\"ItemId\":552,\"TotalCount\":1,\"UniqueItems\":[]},{\"ItemId\":690,\"TotalCount\":1,\"UniqueItems\":[]},{\"ItemId\":486,\"TotalCount\":1,\"UniqueItems\":[]},{\"ItemId\":437,\"TotalCount\":6,\"UniqueItems\":[]},{\"ItemId\":419,\"TotalCount\":17,\"UniqueItems\":[]},{\"ItemId\":440,\"TotalCount\":9,\"UniqueItems\":[]},{\"ItemId\":362,\"TotalCount\":30,\"UniqueItems\":[]},{\"ItemId\":387,\"TotalCount\":2,\"UniqueItems\":[]},{\"ItemId\":504,\"TotalCount\":4,\"UniqueItems\":[]},{\"ItemId\":410,\"TotalCount\":4,\"UniqueItems\":[]},{\"ItemId\":381,\"TotalCount\":2,\"UniqueItems\":[]},{\"ItemId\":418,\"TotalCount\":15,\"UniqueItems\":[]},{\"ItemId\":368,\"TotalCount\":5,\"UniqueItems\":[]},{\"ItemId\":379,\"TotalCount\":1,\"UniqueItems\":[{\"Modules\":[{\"Version\":\"0.0.0\"},{\"Version\":\"0.0.0\",\"ModuleId\":8}]}]},{\"ItemId\":412,\"TotalCount\":1,\"UniqueItems\":[]},{\"ItemId\":413,\"TotalCount\":1,\"UniqueItems\":[]},{\"ItemId\":589,\"TotalCount\":1,\"UniqueItems\":[]},{\"ItemId\":393,\"TotalCount\":7,\"UniqueItems\":[]},{\"ItemId\":476,\"TotalCount\":30,\"UniqueItems\":[]},{\"ItemId\":634,\"TotalCount\":2,\"UniqueItems\":[]},{\"ItemId\":421,\"TotalCount\":2,\"UniqueItems\":[]},{\"ItemId\":359,\"TotalCount\":1,\"UniqueItems\":[{\"Modules\":[{\"Version\":\"0.0.0\"},{\"Version\":\"0.0.0\",\"ModuleId\":8}]}]},{\"ItemId\":441,\"TotalCount\":3,\"UniqueItems\":[]},{\"ItemId\":523,\"TotalCount\":1,\"UniqueItems\":[]},{\"ItemId\":390,\"TotalCount\":200,\"UniqueItems\":[]},{\"ItemId\":439,\"TotalCount\":5,\"UniqueItems\":[]},{\"ItemId\":479,\"TotalCount\":93,\"UniqueItems\":[]},{\"ItemId\":648,\"TotalCount\":1,\"UniqueItems\":[]},{\"ItemId\":484,\"TotalCount\":321,\"UniqueItems\":[]},{\"ItemId\":635,\"TotalCount\":3,\"UniqueItems\":[]},{\"ItemId\":506,\"TotalCount\":2,\"UniqueItems\":[]},{\"ItemId\":474,\"TotalCount\":4,\"UniqueItems\":[{\"Modules\":[{\"Version\":\"0.0.0\"}]},{\"Modules\":[{\"Version\":\"0.0.0\"}]},{\"Modules\":[{\"Version\":\"0.0.0\"}]},{\"Modules\":[{\"ChannelWeights\":{\"x\":1.07060041E-08},\"Version\":\"0.0.0\"},{\"AmmoType\":474,\"CurrentAmmo\":1,\"WeaponModIds\":[],\"Version\":\"0.0.0\",\"ModuleId\":4}]}]},{\"ItemId\":650,\"TotalCount\":1,\"UniqueItems\":[]},{\"ItemId\":401,\"TotalCount\":4,\"UniqueItems\":[]},{\"ItemId\":508,\"TotalCount\":4,\"UniqueItems\":[]},{\"ItemId\":502,\"TotalCount\":83,\"UniqueItems\":[]},{\"ItemId\":469,\"TotalCount\":4,\"UniqueItems\":[]},{\"ItemId\":445,\"TotalCount\":20,\"UniqueItems\":[]},{\"ItemId\":599,\"TotalCount\":8,\"UniqueItems\":[]},{\"ItemId\":595,\"TotalCount\":7,\"UniqueItems\":[]},{\"ItemId\":598,\"TotalCount\":3,\"UniqueItems\":[]},{\"ItemId\":518,\"TotalCount\":1,\"UniqueItems\":[]},{\"ItemId\":637,\"TotalCount\":1,\"UniqueItems\":[]},{\"ItemId\":414,\"TotalCount\":6,\"UniqueItems\":[]},{\"ItemId\":695,\"TotalCount\":1,\"UniqueItems\":[]},{\"ItemId\":425,\"TotalCount\":1,\"UniqueItems\":[]},{\"ItemId\":697,\"TotalCount\":1,\"UniqueItems\":[]},{\"ItemId\":612,\"TotalCount\":1,\"UniqueItems\":[]},{\"ItemId\":631,\"TotalCount\":1,\"UniqueItems\":[]},{\"ItemId\":633,\"TotalCount\":1,\"UniqueItems\":[]},{\"ItemId\":495,\"TotalCount\":2,\"UniqueItems\":[]},{\"ItemId\":501,\"TotalCount\":1,\"UniqueItems\":[]},{\"ItemId\":447,\"TotalCount\":20,\"UniqueItems\":[]},{\"ItemId\":604,\"TotalCount\":6,\"UniqueItems\":[]},{\"ItemId\":363,\"TotalCount\":20,\"UniqueItems\":[]},{\"ItemId\":364,\"TotalCount\":7,\"UniqueItems\":[]},{\"ItemId\":400,\"TotalCount\":11,\"UniqueItems\":[]},{\"ItemId\":453,\"TotalCount\":18,\"UniqueItems\":[]},{\"ItemId\":529,\"TotalCount\":2,\"UniqueItems\":[{\"Modules\":[{\"IconIndex\":10,\"Version\":\"0.0.0\",\"ModuleId\":2}]},{\"Modules\":[{\"IconIndex\":7,\"Version\":\"0.0.0\",\"ModuleId\":2}]}]},{\"ItemId\":471,\"TotalCount\":1,\"UniqueItems\":[{\"Modules\":[{\"RecipeId\":-1,\"Version\":\"0.0.0\",\"ModuleId\":7}]}]},{\"ItemId\":452,\"TotalCount\":3,\"UniqueItems\":[]},{\"ItemId\":450,\"TotalCount\":16,\"UniqueItems\":[]},{\"ItemId\":615,\"TotalCount\":1,\"UniqueItems\":[]},{\"ItemId\":438,\"TotalCount\":1,\"UniqueItems\":[]},{\"ItemId\":417,\"TotalCount\":2,\"UniqueItems\":[]},{\"ItemId\":694,\"TotalCount\":1,\"UniqueItems\":[]},{\"ItemId\":661,\"TotalCount\":1,\"UniqueItems\":[]},{\"ItemId\":398,\"TotalCount\":20,\"UniqueItems\":[]},{\"ItemId\":397,\"TotalCount\":9,\"UniqueItems\":[]},{\"ItemId\":446,\"TotalCount\":13,\"UniqueItems\":[]},{\"ItemId\":601,\"TotalCount\":10,\"UniqueItems\":[]},{\"ItemId\":715,\"TotalCount\":1,\"UniqueItems\":[]},{\"ItemId\":651,\"TotalCount\":1,\"UniqueItems\":[]},{\"ItemId\":644,\"TotalCount\":1,\"UniqueItems\":[]},{\"ItemId\":603,\"TotalCount\":15,\"UniqueItems\":[]},{\"ItemId\":422,\"TotalCount\":1,\"UniqueItems\":[{\"Modules\":[{\"Version\":\"0.0.0\"}]}]},{\"ItemId\":496,\"TotalCount\":76,\"UniqueItems\":[]},{\"ItemId\":602,\"TotalCount\":1,\"UniqueItems\":[]},{\"ItemId\":503,\"TotalCount\":1,\"UniqueItems\":[{\"Modules\":[{\"Version\":\"0.0.0\"}]}]},{\"ItemId\":451,\"TotalCount\":3,\"UniqueItems\":[]},{\"ItemId\":724,\"TotalCount\":6,\"UniqueItems\":[]},{\"ItemId\":448,\"TotalCount\":2,\"UniqueItems\":[]},{\"ItemId\":433,\"TotalCount\":4,\"UniqueItems\":[{\"Modules\":[{\"CurrentState\":1,\"TimeRemainingInState\":83641.9844,\"Version\":\"0.0.0\",\"ModuleId\":3}]},{\"Modules\":[{\"CurrentState\":1,\"TimeRemainingInState\":85540.32,\"Version\":\"0.0.0\",\"ModuleId\":3}]}]},{\"ItemId\":388,\"TotalCount\":2,\"UniqueItems\":[]},{\"ItemId\":415,\"TotalCount\":9,\"UniqueItems\":[]},{\"ItemId\":355,\"TotalCount\":1,\"UniqueItems\":[{\"Modules\":[{\"ChannelWeights\":{\"x\":1.821688E-44},\"Version\":\"0.0.0\"},{\"Version\":\"0.0.0\",\"ModuleId\":8},{\"AmmoType\":362,\"CurrentAmmo\":10,\"WeaponModIds\":[],\"Version\":\"0.0.0\",\"ModuleId\":4}]}]},{\"ItemId\":403,\"TotalCount\":6,\"UniqueItems\":[]},{\"ItemId\":399,\"TotalCount\":1,\"UniqueItems\":[]},{\"ItemId\":454,\"TotalCount\":5,\"UniqueItems\":[]},{\"ItemId\":597,\"TotalCount\":2,\"UniqueItems\":[]},{\"ItemId\":613,\"TotalCount\":1,\"UniqueItems\":[]},{\"ItemId\":443,\"TotalCount\":1,\"UniqueItems\":[{\"Modules\":[{\"AmmoType\":373,\"WeaponModIds\":[],\"Version\":\"0.0.0\",\"ModuleId\":4}]}]},{\"ItemId\":606,\"TotalCount\":3,\"UniqueItems\":[]},{\"ItemId\":416,\"TotalCount\":3,\"UniqueItems\":[]},{\"ItemId\":369,\"TotalCount\":7,\"UniqueItems\":[]},{\"ItemId\":666,\"TotalCount\":1,\"UniqueItems\":[]},{\"ItemId\":662,\"TotalCount\":1,\"UniqueItems\":[]},{\"ItemId\":353,\"TotalCount\":1,\"UniqueItems\":[{\"Modules\":[{\"AmmoType\":369,\"WeaponModIds\":[],\"Version\":\"0.0.0\",\"ModuleId\":4}]}]},{\"ItemId\":519,\"TotalCount\":1,\"UniqueItems\":[]},{\"ItemId\":444,\"TotalCount\":1,\"UniqueItems\":[{\"Modules\":[{\"RecipeId\":-1,\"CurrentVolume\":528,\"Version\":\"0.0.0\",\"ModuleId\":7}]}]},{\"ItemId\":575,\"TotalCount\":1,\"UniqueItems\":[]},{\"ItemId\":426,\"TotalCount\":1,\"UniqueItems\":[{\"Modules\":[{\"RecipeId\":-1,\"Version\":\"0.0.0\",\"ModuleId\":7}]}]},{\"ItemId\":391,\"TotalCount\":1,\"UniqueItems\":[]},{\"ItemId\":455,\"TotalCount\":1,\"UniqueItems\":[]},{\"ItemId\":456,\"TotalCount\":2,\"UniqueItems\":[]},{\"ItemId\":554,\"TotalCount\":1,\"UniqueItems\":[]},{\"ItemId\":396,\"TotalCount\":1,\"UniqueItems\":[{\"Modules\":[{\"RecipeId\":-1,\"CurrentVolume\":100,\"Version\":\"0.0.0\",\"ModuleId\":7},{\"ChannelWeights\":{\"x\":2.242078E-44},\"Version\":\"0.0.0\"}]}]},{\"ItemId\":545,\"TotalCount\":1,\"UniqueItems\":[]},{\"ItemId\":468,\"TotalCount\":1,\"UniqueItems\":[{\"Modules\":[{\"Version\":\"0.0.0\",\"ModuleId\":8}]}]},{\"ItemId\":521,\"TotalCount\":1,\"UniqueItems\":[]},{\"ItemId\":540,\"TotalCount\":1,\"UniqueItems\":[]},{\"ItemId\":522,\"TotalCount\":1,\"UniqueItems\":[{\"Modules\":[{\"AmmoType\":523,\"WeaponModIds\":[],\"Version\":\"0.0.0\",\"ModuleId\":4}]}]},{\"ItemId\":449,\"TotalCount\":4,\"UniqueItems\":[]},{\"ItemId\":432,\"TotalCount\":1,\"UniqueItems\":[]},{\"ItemId\":482,\"TotalCount\":1,\"UniqueItems\":[{\"Modules\":[{\"SourceActorType\":54,\"Version\":\"0.0.0\",\"ModuleId\":1},{\"CurrentState\":3,\"Version\":\"0.0.0\",\"ModuleId\":3}]}]},{\"ItemId\":596,\"TotalCount\":2,\"UniqueItems\":[]},{\"ItemId\":646,\"TotalCount\":1,\"UniqueItems\":[]},{\"ItemId\":356,\"TotalCount\":1,\"UniqueItems\":[{\"Modules\":[{\"Version\":\"0.0.0\"},{\"Version\":\"0.0.0\",\"ModuleId\":8}]}]},{\"ItemId\":593,\"TotalCount\":5,\"UniqueItems\":[]},{\"ItemId\":647,\"TotalCount\":1,\"UniqueItems\":[]}]}}"}}