{"Version":"0.0.0","Data":{"ScrewStructureNodeInstances":"{\"_structures\":[{\"Id\":29,\"Pos\":{\"x\":-942.4821,\"y\":115.707085,\"z\":-66.24377},\"Rot\":{\"x\":-0.0030057393,\"y\":-0.9515741,\"z\":0.0185305383,\"w\":-0.306845933}},{\"Id\":29,\"Pos\":{\"x\":-943.3446,\"y\":115.799507,\"z\":-67.1057358},\"Rot\":{\"x\":0.0473664477,\"y\":-0.958619654,\"z\":-0.0522311032,\"w\":-0.275820136}},{\"Id\":24,\"Pos\":{\"x\":-1004.05316,\"y\":120.636795,\"z\":-39.62006},\"Rot\":{\"y\":0.9959483,\"w\":0.08992758},\"Added\":7},{\"Id\":24,\"Pos\":{\"x\":-988.3961,\"y\":118.612839,\"z\":-37.64436},\"Rot\":{\"y\":0.5424184,\"w\":0.8401085},\"Added\":5},{\"Id\":97,\"Pos\":{\"x\":-1001.85535,\"y\":115.733032,\"z\":-33.27822},\"Rot\":{\"y\":0.9952113,\"w\":0.0977472961},\"Added\":19},{\"Id\":97,\"Pos\":{\"x\":-1002.8988,\"y\":115.733032,\"z\":-33.4849358},\"Rot\":{\"y\":0.9952578,\"w\":0.09727283},\"Added\":19},{\"Id\":91,\"Pos\":{\"x\":-1001.22742,\"y\":115.733032,\"z\":-35.01663},\"Rot\":{\"y\":0.781087,\"w\":-0.6244223},\"Added\":23}]}"}}