{"Version":"0.0.0","Data":{"StructureDestruction":"{\"Version\":\"0.0.0\",\"Data\":[{\"TypeID\":9,\"InstanceID\":1,\"Info\":{\"Health\":113.94,\"MaxHealth\":600.0,\"ElementCount\":1,\"MaxElements\":5,\"BreakCount\":4.0}},{\"TypeID\":32,\"InstanceID\":11,\"Info\":{\"Health\":100.0,\"MaxHealth\":60.0,\"ElementCount\":2,\"MaxElements\":1,\"BreakCount\":1.0,\"CanBreakTopElement\":true}},{\"TypeID\":33,\"InstanceID\":10,\"Info\":{\"Health\":180.0,\"MaxHealth\":60.0,\"ElementCount\":4,\"MaxElements\":1,\"BreakCount\":1.0,\"CanBreakTopElement\":true}},{\"TypeID\":33,\"InstanceID\":80,\"Info\":{\"Health\":50.0,\"MaxHealth\":60.0,\"ElementCount\":1,\"MaxElements\":1,\"BreakCount\":1.0}},{\"TypeID\":2,\"InstanceID\":121,\"Info\":{\"Health\":110.0,\"MaxHealth\":138.0,\"ElementCount\":1,\"MaxElements\":1,\"BreakCount\":1.0}},{\"TypeID\":32,\"InstanceID\":5,\"Info\":{\"Health\":457.5,\"MaxHealth\":60.0,\"ElementCount\":8,\"MaxElements\":1,\"BreakCount\":1.0,\"CanBreakTopElement\":true}},{\"TypeID\":21,\"InstanceID\":30,\"Info\":{\"Health\":519.0,\"MaxHealth\":594.0,\"ElementCount\":1,\"MaxElements\":1,\"BreakCount\":1.0}},{\"TypeID\":8,\"InstanceID\":17,\"Info\":{\"Health\":1042.5,\"MaxHealth\":1155.0,\"ElementCount\":5,\"MaxElements\":5,\"BreakCount\":4.0,\"CanBreakTopElement\":true}},{\"TypeID\":29,\"InstanceID\":27,\"Info\":{\"Health\":50.0,\"MaxHealth\":60.0,\"ElementCount\":1,\"MaxElements\":1,\"BreakCount\":1.0}},{\"TypeID\":33,\"InstanceID\":79,\"Info\":{\"Health\":110.0,\"MaxHealth\":60.0,\"ElementCount\":2,\"MaxElements\":1,\"BreakCount\":1.0,\"CanBreakTopElement\":true}},{\"TypeID\":32,\"InstanceID\":6,\"Info\":{\"Health\":457.5,\"MaxHealth\":60.0,\"ElementCount\":8,\"MaxElements\":1,\"BreakCount\":1.0,\"CanBreakTopElement\":true}},{\"TypeID\":33,\"InstanceID\":18,\"Info\":{\"Health\":180.0,\"MaxHealth\":60.0,\"ElementCount\":4,\"MaxElements\":1,\"BreakCount\":1.0,\"CanBreakTopElement\":true}},{\"TypeID\":21,\"InstanceID\":8,\"Info\":{\"Health\":8996.409,\"MaxHealth\":9036.409,\"ElementCount\":1,\"MaxElements\":1,\"BreakCount\":1.0}},{\"TypeID\":3,\"InstanceID\":169,\"Info\":{\"Health\":36.3749847,\"MaxHealth\":148.874985,\"ElementCount\":1,\"MaxElements\":1,\"BreakCount\":1.0}},{\"TypeID\":33,\"InstanceID\":8,\"Info\":{\"Health\":150.0,\"MaxHealth\":60.0,\"ElementCount\":4,\"MaxElements\":1,\"BreakCount\":1.0,\"CanBreakTopElement\":true}},{\"TypeID\":8,\"InstanceID\":6,\"Info\":{\"Health\":1117.5,\"MaxHealth\":1230.0,\"ElementCount\":5,\"MaxElements\":5,\"BreakCount\":4.0,\"CanBreakTopElement\":true}},{\"TypeID\":33,\"InstanceID\":5,\"Info\":{\"Health\":158.0,\"MaxHealth\":60.0,\"ElementCount\":3,\"MaxElements\":1,\"BreakCount\":1.0,\"CanBreakTopElement\":true}},{\"TypeID\":4,\"InstanceID\":22,\"Info\":{\"Health\":250.0,\"MaxHealth\":300.0,\"ElementCount\":5,\"MaxElements\":5,\"BreakCount\":4.0,\"CanBreakTopElement\":true}},{\"TypeID\":33,\"InstanceID\":38,\"Info\":{\"Health\":202.0,\"MaxHealth\":60.0,\"ElementCount\":4,\"MaxElements\":1,\"BreakCount\":1.0,\"CanBreakTopElement\":true}},{\"TypeID\":33,\"InstanceID\":11,\"Info\":{\"Health\":120.0,\"MaxHealth\":60.0,\"ElementCount\":4,\"MaxElements\":1,\"BreakCount\":1.0,\"CanBreakTopElement\":true}},{\"TypeID\":33,\"InstanceID\":48,\"Info\":{\"Health\":156.0,\"MaxHealth\":60.0,\"ElementCount\":4,\"MaxElements\":1,\"BreakCount\":1.0,\"CanBreakTopElement\":true}},{\"TypeID\":3,\"InstanceID\":87,\"Info\":{\"Health\":702.6093,\"MaxHealth\":822.6093,\"ElementCount\":1,\"MaxElements\":1,\"BreakCount\":1.0}},{\"TypeID\":29,\"InstanceID\":22,\"Info\":{\"Health\":10.0,\"MaxHealth\":60.0,\"ElementCount\":1,\"MaxElements\":1,\"BreakCount\":1.0}},{\"TypeID\":29,\"InstanceID\":23,\"Info\":{\"Health\":40.5,\"MaxHealth\":60.0,\"ElementCount\":1,\"MaxElements\":1,\"BreakCount\":1.0}},{\"TypeID\":38,\"InstanceID\":3,\"Info\":{\"Health\":55.2,\"MaxHealth\":60.0,\"ElementCount\":1,\"MaxElements\":1,\"BreakCount\":1.0}},{\"TypeID\":8,\"InstanceID\":4,\"Info\":{\"Health\":1490.0,\"MaxHealth\":1530.0,\"ElementCount\":5,\"MaxElements\":5,\"BreakCount\":4.0,\"CanBreakTopElement\":true}},{\"TypeID\":25,\"InstanceID\":5,\"Info\":{\"Health\":90.0,\"MaxHealth\":60.0,\"ElementCount\":2,\"MaxElements\":1,\"BreakCount\":1.0,\"CanBreakTopElement\":true}},{\"TypeID\":33,\"InstanceID\":59,\"Info\":{\"Health\":106.0,\"MaxHealth\":60.0,\"ElementCount\":4,\"MaxElements\":1,\"BreakCount\":1.0,\"CanBreakTopElement\":true}},{\"TypeID\":33,\"InstanceID\":6,\"Info\":{\"Health\":120.0,\"MaxHealth\":60.0,\"ElementCount\":4,\"MaxElements\":1,\"BreakCount\":1.0,\"CanBreakTopElement\":true}},{\"TypeID\":2,\"InstanceID\":151,\"Info\":{\"Health\":118.0,\"MaxHealth\":138.0,\"ElementCount\":1,\"MaxElements\":1,\"BreakCount\":1.0}},{\"TypeID\":4,\"InstanceID\":68,\"Info\":{\"Health\":298.0,\"MaxHealth\":300.0,\"ElementCount\":5,\"MaxElements\":5,\"BreakCount\":4.0,\"CanBreakTopElement\":true}},{\"TypeID\":33,\"InstanceID\":35,\"Info\":{\"Health\":177.5,\"MaxHealth\":60.0,\"ElementCount\":4,\"MaxElements\":1,\"BreakCount\":1.0,\"CanBreakTopElement\":true}},{\"TypeID\":33,\"InstanceID\":68,\"Info\":{\"Health\":210.0,\"MaxHealth\":60.0,\"ElementCount\":4,\"MaxElements\":1,\"BreakCount\":1.0,\"CanBreakTopElement\":true}},{\"TypeID\":3,\"InstanceID\":32,\"Info\":{\"Health\":235.749985,\"MaxHealth\":237.749985,\"ElementCount\":1,\"MaxElements\":1,\"BreakCount\":1.0}},{\"TypeID\":4,\"InstanceID\":36,\"Info\":{\"Health\":239.493729,\"MaxHealth\":300.0,\"ElementCount\":5,\"MaxElements\":5,\"BreakCount\":4.0,\"CanBreakTopElement\":true}},{\"TypeID\":8,\"InstanceID\":16,\"Info\":{\"Health\":1230.0,\"MaxHealth\":1380.0,\"ElementCount\":5,\"MaxElements\":5,\"BreakCount\":4.0,\"CanBreakTopElement\":true}},{\"TypeID\":25,\"InstanceID\":2,\"Info\":{\"Health\":260.0,\"MaxHealth\":60.0,\"ElementCount\":5,\"MaxElements\":1,\"BreakCount\":1.0,\"CanBreakTopElement\":true}},{\"TypeID\":33,\"InstanceID\":50,\"Info\":{\"Health\":60.0,\"MaxHealth\":60.0,\"ElementCount\":4,\"MaxElements\":1,\"BreakCount\":1.0,\"CanBreakTopElement\":true}},{\"TypeID\":3,\"InstanceID\":92,\"Info\":{\"Health\":200.0,\"MaxHealth\":225.0,\"ElementCount\":1,\"MaxElements\":1,\"BreakCount\":1.0}},{\"TypeID\":33,\"InstanceID\":12,\"Info\":{\"Health\":180.0,\"MaxHealth\":60.0,\"ElementCount\":4,\"MaxElements\":1,\"BreakCount\":1.0,\"CanBreakTopElement\":true}},{\"TypeID\":33,\"InstanceID\":15,\"Info\":{\"Health\":120.0,\"MaxHealth\":60.0,\"ElementCount\":4,\"MaxElements\":1,\"BreakCount\":1.0,\"CanBreakTopElement\":true}},{\"TypeID\":3,\"InstanceID\":245,\"Info\":{\"Health\":114.0,\"MaxHealth\":150.0,\"ElementCount\":1,\"MaxElements\":1,\"BreakCount\":1.0}},{\"TypeID\":2,\"InstanceID\":36,\"Info\":{\"Health\":1111.77185,\"MaxHealth\":1224.27185,\"ElementCount\":1,\"MaxElements\":1,\"BreakCount\":1.0}},{\"TypeID\":8,\"InstanceID\":25,\"Info\":{\"Health\":705.0,\"MaxHealth\":780.0,\"ElementCount\":5,\"MaxElements\":5,\"BreakCount\":4.0,\"CanBreakTopElement\":true}},{\"TypeID\":19,\"InstanceID\":6,\"Info\":{\"Health\":26610.5313,\"MaxHealth\":26890.0313,\"ElementCount\":5,\"MaxElements\":5,\"BreakCount\":4.0,\"CanBreakTopElement\":true}},{\"TypeID\":3,\"InstanceID\":233,\"Info\":{\"Health\":238.0,\"MaxHealth\":267.0,\"ElementCount\":1,\"MaxElements\":1,\"BreakCount\":1.0}},{\"TypeID\":33,\"InstanceID\":16,\"Info\":{\"Health\":210.0,\"MaxHealth\":60.0,\"ElementCount\":4,\"MaxElements\":1,\"BreakCount\":1.0,\"CanBreakTopElement\":true}},{\"TypeID\":3,\"InstanceID\":232,\"Info\":{\"Health\":204.5,\"MaxHealth\":267.0,\"ElementCount\":1,\"MaxElements\":1,\"BreakCount\":1.0}},{\"TypeID\":33,\"InstanceID\":37,\"Info\":{\"Health\":107.5,\"MaxHealth\":60.0,\"ElementCount\":4,\"MaxElements\":1,\"BreakCount\":1.0,\"CanBreakTopElement\":true}},{\"TypeID\":21,\"InstanceID\":12,\"Info\":{\"Health\":2910.525,\"MaxHealth\":2913.525,\"ElementCount\":1,\"MaxElements\":1,\"BreakCount\":1.0}},{\"TypeID\":33,\"InstanceID\":61,\"Info\":{\"Health\":50.0,\"MaxHealth\":60.0,\"ElementCount\":4,\"MaxElements\":1,\"BreakCount\":1.0,\"CanBreakTopElement\":true}},{\"TypeID\":33,\"InstanceID\":76,\"Info\":{\"Health\":147.5,\"MaxHealth\":60.0,\"ElementCount\":4,\"MaxElements\":1,\"BreakCount\":1.0,\"CanBreakTopElement\":true}},{\"TypeID\":20,\"InstanceID\":11,\"Info\":{\"Health\":19510.1523,\"MaxHealth\":19547.6523,\"ElementCount\":1,\"MaxElements\":1,\"BreakCount\":1.0}},{\"TypeID\":33,\"InstanceID\":39,\"Info\":{\"Health\":180.0,\"MaxHealth\":60.0,\"ElementCount\":4,\"MaxElements\":1,\"BreakCount\":1.0,\"CanBreakTopElement\":true}},{\"TypeID\":33,\"InstanceID\":62,\"Info\":{\"Health\":120.0,\"MaxHealth\":60.0,\"ElementCount\":4,\"MaxElements\":1,\"BreakCount\":1.0,\"CanBreakTopElement\":true}},{\"TypeID\":20,\"InstanceID\":56,\"Info\":{\"Health\":410.0,\"MaxHealth\":630.0,\"ElementCount\":1,\"MaxElements\":1,\"BreakCount\":1.0}},{\"TypeID\":33,\"InstanceID\":57,\"Info\":{\"Health\":47.5,\"MaxHealth\":60.0,\"ElementCount\":4,\"MaxElements\":1,\"BreakCount\":1.0,\"CanBreakTopElement\":true}},{\"TypeID\":33,\"InstanceID\":58,\"Info\":{\"Health\":128.0,\"MaxHealth\":60.0,\"ElementCount\":4,\"MaxElements\":1,\"BreakCount\":1.0,\"CanBreakTopElement\":true}},{\"TypeID\":8,\"InstanceID\":24,\"Info\":{\"Health\":705.0,\"MaxHealth\":780.0,\"ElementCount\":5,\"MaxElements\":5,\"BreakCount\":4.0,\"CanBreakTopElement\":true}},{\"TypeID\":33,\"InstanceID\":60,\"Info\":{\"Health\":150.0,\"MaxHealth\":60.0,\"ElementCount\":4,\"MaxElements\":1,\"BreakCount\":1.0,\"CanBreakTopElement\":true}},{\"TypeID\":33,\"InstanceID\":73,\"Info\":{\"Health\":210.0,\"MaxHealth\":60.0,\"ElementCount\":4,\"MaxElements\":1,\"BreakCount\":1.0,\"CanBreakTopElement\":true}},{\"TypeID\":33,\"InstanceID\":74,\"Info\":{\"Health\":180.0,\"MaxHealth\":60.0,\"ElementCount\":4,\"MaxElements\":1,\"BreakCount\":1.0,\"CanBreakTopElement\":true}},{\"TypeID\":33,\"InstanceID\":75,\"Info\":{\"Health\":124.0,\"MaxHealth\":60.0,\"ElementCount\":4,\"MaxElements\":1,\"BreakCount\":1.0,\"CanBreakTopElement\":true}},{\"TypeID\":33,\"InstanceID\":84,\"Info\":{\"Health\":94.0,\"MaxHealth\":60.0,\"ElementCount\":4,\"MaxElements\":1,\"BreakCount\":1.0,\"CanBreakTopElement\":true}},{\"TypeID\":33,\"InstanceID\":91,\"Info\":{\"Health\":90.0,\"MaxHealth\":60.0,\"ElementCount\":4,\"MaxElements\":1,\"BreakCount\":1.0,\"CanBreakTopElement\":true}},{\"TypeID\":33,\"InstanceID\":69,\"Info\":{\"Health\":120.0,\"MaxHealth\":60.0,\"ElementCount\":4,\"MaxElements\":1,\"BreakCount\":1.0,\"CanBreakTopElement\":true}},{\"TypeID\":33,\"InstanceID\":33,\"Info\":{\"Health\":210.0,\"MaxHealth\":60.0,\"ElementCount\":4,\"MaxElements\":1,\"BreakCount\":1.0,\"CanBreakTopElement\":true}},{\"TypeID\":33,\"InstanceID\":34,\"Info\":{\"Health\":210.0,\"MaxHealth\":60.0,\"ElementCount\":4,\"MaxElements\":1,\"BreakCount\":1.0,\"CanBreakTopElement\":true}},{\"TypeID\":33,\"InstanceID\":70,\"Info\":{\"Health\":120.0,\"MaxHealth\":60.0,\"ElementCount\":4,\"MaxElements\":1,\"BreakCount\":1.0,\"CanBreakTopElement\":true}},{\"TypeID\":33,\"InstanceID\":89,\"Info\":{\"Health\":60.0,\"MaxHealth\":60.0,\"ElementCount\":4,\"MaxElements\":1,\"BreakCount\":1.0,\"CanBreakTopElement\":true}},{\"TypeID\":33,\"InstanceID\":51,\"Info\":{\"Health\":90.0,\"MaxHealth\":60.0,\"ElementCount\":4,\"MaxElements\":1,\"BreakCount\":1.0,\"CanBreakTopElement\":true}},{\"TypeID\":38,\"InstanceID\":1,\"Info\":{\"Health\":60.0,\"MaxHealth\":60.0,\"ElementCount\":1,\"MaxElements\":1,\"BreakCount\":1.0}},{\"TypeID\":19,\"InstanceID\":23,\"Info\":{\"Health\":675.999939,\"MaxHealth\":3419.99976,\"ElementCount\":1,\"MaxElements\":5,\"BreakCount\":4.0}},{\"TypeID\":20,\"InstanceID\":46,\"Info\":{\"Health\":206.0,\"MaxHealth\":360.0,\"ElementCount\":1,\"MaxElements\":1,\"BreakCount\":1.0}},{\"TypeID\":33,\"InstanceID\":56,\"Info\":{\"Health\":150.0,\"MaxHealth\":60.0,\"ElementCount\":4,\"MaxElements\":1,\"BreakCount\":1.0,\"CanBreakTopElement\":true}},{\"TypeID\":33,\"InstanceID\":14,\"Info\":{\"Health\":210.0,\"MaxHealth\":60.0,\"ElementCount\":4,\"MaxElements\":1,\"BreakCount\":1.0,\"CanBreakTopElement\":true}},{\"TypeID\":33,\"InstanceID\":77,\"Info\":{\"Health\":210.0,\"MaxHealth\":60.0,\"ElementCount\":4,\"MaxElements\":1,\"BreakCount\":1.0,\"CanBreakTopElement\":true}},{\"TypeID\":33,\"InstanceID\":85,\"Info\":{\"Health\":120.0,\"MaxHealth\":60.0,\"ElementCount\":4,\"MaxElements\":1,\"BreakCount\":1.0,\"CanBreakTopElement\":true}},{\"TypeID\":33,\"InstanceID\":90,\"Info\":{\"Health\":30.0,\"MaxHealth\":60.0,\"ElementCount\":4,\"MaxElements\":1,\"BreakCount\":1.0,\"CanBreakTopElement\":true}},{\"TypeID\":33,\"InstanceID\":44,\"Info\":{\"Health\":210.0,\"MaxHealth\":60.0,\"ElementCount\":4,\"MaxElements\":1,\"BreakCount\":1.0,\"CanBreakTopElement\":true}},{\"TypeID\":33,\"InstanceID\":36,\"Info\":{\"Health\":85.0,\"MaxHealth\":60.0,\"ElementCount\":4,\"MaxElements\":1,\"BreakCount\":1.0,\"CanBreakTopElement\":true}},{\"TypeID\":33,\"InstanceID\":43,\"Info\":{\"Health\":138.0,\"MaxHealth\":60.0,\"ElementCount\":4,\"MaxElements\":1,\"BreakCount\":1.0,\"CanBreakTopElement\":true}},{\"TypeID\":33,\"InstanceID\":4,\"Info\":{\"Health\":210.0,\"MaxHealth\":60.0,\"ElementCount\":4,\"MaxElements\":1,\"BreakCount\":1.0,\"CanBreakTopElement\":true}},{\"TypeID\":33,\"InstanceID\":29,\"Info\":{\"Health\":210.0,\"MaxHealth\":60.0,\"ElementCount\":4,\"MaxElements\":1,\"BreakCount\":1.0,\"CanBreakTopElement\":true}},{\"TypeID\":2,\"InstanceID\":1,\"Info\":{\"Health\":94.5,\"MaxHealth\":99.0,\"ElementCount\":1,\"MaxElements\":1,\"BreakCount\":1.0}},{\"TypeID\":33,\"InstanceID\":87,\"Info\":{\"Health\":60.0,\"MaxHealth\":60.0,\"ElementCount\":4,\"MaxElements\":1,\"BreakCount\":1.0,\"CanBreakTopElement\":true}},{\"TypeID\":33,\"InstanceID\":53,\"Info\":{\"Health\":6.5,\"MaxHealth\":60.0,\"ElementCount\":4,\"MaxElements\":1,\"BreakCount\":1.0,\"CanBreakTopElement\":true}},{\"TypeID\":3,\"InstanceID\":47,\"Info\":{\"Health\":85.0,\"MaxHealth\":105.0,\"ElementCount\":1,\"MaxElements\":1,\"BreakCount\":1.0}},{\"TypeID\":3,\"InstanceID\":84,\"Info\":{\"Health\":549.9062,\"MaxHealth\":551.9062,\"ElementCount\":1,\"MaxElements\":1,\"BreakCount\":1.0}},{\"TypeID\":33,\"InstanceID\":72,\"Info\":{\"Health\":210.0,\"MaxHealth\":60.0,\"ElementCount\":4,\"MaxElements\":1,\"BreakCount\":1.0,\"CanBreakTopElement\":true}},{\"TypeID\":25,\"InstanceID\":1,\"Info\":{\"Health\":112.5,\"MaxHealth\":60.0,\"ElementCount\":5,\"MaxElements\":1,\"BreakCount\":1.0,\"CanBreakTopElement\":true}},{\"TypeID\":19,\"InstanceID\":7,\"Info\":{\"Health\":38414.375,\"MaxHealth\":38473.875,\"ElementCount\":5,\"MaxElements\":5,\"BreakCount\":4.0,\"CanBreakTopElement\":true}},{\"TypeID\":33,\"InstanceID\":63,\"Info\":{\"Health\":73.25,\"MaxHealth\":60.0,\"ElementCount\":4,\"MaxElements\":1,\"BreakCount\":1.0,\"CanBreakTopElement\":true}},{\"TypeID\":20,\"InstanceID\":34,\"Info\":{\"Health\":6311.163,\"MaxHealth\":6313.163,\"ElementCount\":1,\"MaxElements\":1,\"BreakCount\":1.0}},{\"TypeID\":20,\"InstanceID\":42,\"Info\":{\"Health\":660.999939,\"MaxHealth\":980.999939,\"ElementCount\":1,\"MaxElements\":1,\"BreakCount\":1.0}},{\"TypeID\":29,\"InstanceID\":26,\"Info\":{\"Health\":40.0,\"MaxHealth\":60.0,\"ElementCount\":1,\"MaxElements\":1,\"BreakCount\":1.0}},{\"TypeID\":20,\"InstanceID\":6,\"Info\":{\"Health\":6587.15967,\"MaxHealth\":6675.15967,\"ElementCount\":1,\"MaxElements\":1,\"BreakCount\":1.0}},{\"TypeID\":3,\"InstanceID\":287,\"Info\":{\"Health\":343.744354,\"MaxHealth\":378.744354,\"ElementCount\":1,\"MaxElements\":1,\"BreakCount\":1.0}},{\"TypeID\":20,\"InstanceID\":43,\"Info\":{\"Health\":1020.0,\"MaxHealth\":360.0,\"ElementCount\":3,\"MaxElements\":1,\"BreakCount\":1.0,\"CanBreakTopElement\":true}},{\"TypeID\":19,\"InstanceID\":9,\"Info\":{\"Health\":35273.9961,\"MaxHealth\":35311.4961,\"ElementCount\":5,\"MaxElements\":5,\"BreakCount\":4.0,\"CanBreakTopElement\":true}},{\"TypeID\":3,\"InstanceID\":18,\"Info\":{\"Health\":1767.19763,\"MaxHealth\":1810.94763,\"ElementCount\":1,\"MaxElements\":1,\"BreakCount\":1.0}},{\"TypeID\":3,\"InstanceID\":23,\"Info\":{\"Health\":429.25,\"MaxHealth\":431.25,\"ElementCount\":1,\"MaxElements\":1,\"BreakCount\":1.0}},{\"TypeID\":2,\"InstanceID\":28,\"Info\":{\"Health\":161.5,\"MaxHealth\":196.5,\"ElementCount\":1,\"MaxElements\":1,\"BreakCount\":1.0}},{\"TypeID\":4,\"InstanceID\":57,\"Info\":{\"Health\":265.0,\"MaxHealth\":300.0,\"ElementCount\":5,\"MaxElements\":5,\"BreakCount\":4.0,\"CanBreakTopElement\":true}},{\"TypeID\":3,\"InstanceID\":96,\"Info\":{\"Health\":305.703125,\"MaxHealth\":345.703125,\"ElementCount\":1,\"MaxElements\":1,\"BreakCount\":1.0}},{\"TypeID\":4,\"InstanceID\":46,\"Info\":{\"Health\":265.0,\"MaxHealth\":300.0,\"ElementCount\":5,\"MaxElements\":5,\"BreakCount\":4.0,\"CanBreakTopElement\":true}},{\"TypeID\":4,\"InstanceID\":13,\"Info\":{\"Health\":275.0,\"MaxHealth\":300.0,\"ElementCount\":5,\"MaxElements\":5,\"BreakCount\":4.0,\"CanBreakTopElement\":true}},{\"TypeID\":4,\"InstanceID\":83,\"Info\":{\"Health\":260.0,\"MaxHealth\":300.0,\"ElementCount\":5,\"MaxElements\":5,\"BreakCount\":4.0,\"CanBreakTopElement\":true}},{\"TypeID\":33,\"InstanceID\":71,\"Info\":{\"Health\":122.0,\"MaxHealth\":60.0,\"ElementCount\":4,\"MaxElements\":1,\"BreakCount\":1.0,\"CanBreakTopElement\":true}},{\"TypeID\":19,\"InstanceID\":10,\"Info\":{\"Health\":2302.5,\"MaxHealth\":2340.0,\"ElementCount\":5,\"MaxElements\":5,\"BreakCount\":4.0,\"CanBreakTopElement\":true}},{\"TypeID\":33,\"InstanceID\":52,\"Info\":{\"Health\":30.0,\"MaxHealth\":60.0,\"ElementCount\":4,\"MaxElements\":1,\"BreakCount\":1.0,\"CanBreakTopElement\":true}},{\"TypeID\":20,\"InstanceID\":27,\"Info\":{\"Health\":4980.506,\"MaxHealth\":5018.006,\"ElementCount\":1,\"MaxElements\":1,\"BreakCount\":1.0}},{\"TypeID\":3,\"InstanceID\":249,\"Info\":{\"Health\":309.312469,\"MaxHealth\":349.312469,\"ElementCount\":1,\"MaxElements\":1,\"BreakCount\":1.0}},{\"TypeID\":4,\"InstanceID\":78,\"Info\":{\"Health\":265.0,\"MaxHealth\":300.0,\"ElementCount\":5,\"MaxElements\":5,\"BreakCount\":4.0,\"CanBreakTopElement\":true}},{\"TypeID\":47,\"InstanceID\":3,\"Info\":{\"Health\":95.0,\"MaxHealth\":270.0,\"ElementCount\":1,\"MaxElements\":1,\"BreakCount\":1.0}},{\"TypeID\":29,\"InstanceID\":10,\"Info\":{\"Health\":37.0,\"MaxHealth\":60.0,\"ElementCount\":1,\"MaxElements\":1,\"BreakCount\":1.0}},{\"TypeID\":3,\"InstanceID\":43,\"Info\":{\"Health\":193.0,\"MaxHealth\":195.0,\"ElementCount\":1,\"MaxElements\":1,\"BreakCount\":1.0}},{\"TypeID\":33,\"InstanceID\":67,\"Info\":{\"Health\":210.0,\"MaxHealth\":60.0,\"ElementCount\":4,\"MaxElements\":1,\"BreakCount\":1.0,\"CanBreakTopElement\":true}},{\"TypeID\":3,\"InstanceID\":198,\"Info\":{\"Health\":677.4438,\"MaxHealth\":709.4438,\"ElementCount\":1,\"MaxElements\":1,\"BreakCount\":1.0}},{\"TypeID\":20,\"InstanceID\":41,\"Info\":{\"Health\":4130.68457,\"MaxHealth\":4170.68457,\"ElementCount\":1,\"MaxElements\":1,\"BreakCount\":1.0}},{\"TypeID\":20,\"InstanceID\":2,\"Info\":{\"Health\":29652.168,\"MaxHealth\":29687.168,\"ElementCount\":1,\"MaxElements\":1,\"BreakCount\":1.0}},{\"TypeID\":20,\"InstanceID\":59,\"Info\":{\"Health\":338.0,\"MaxHealth\":360.0,\"ElementCount\":1,\"MaxElements\":1,\"BreakCount\":1.0}},{\"TypeID\":20,\"InstanceID\":53,\"Info\":{\"Health\":280.0,\"MaxHealth\":360.0,\"ElementCount\":1,\"MaxElements\":1,\"BreakCount\":1.0}},{\"TypeID\":33,\"InstanceID\":65,\"Info\":{\"Health\":150.0,\"MaxHealth\":60.0,\"ElementCount\":4,\"MaxElements\":1,\"BreakCount\":1.0,\"CanBreakTopElement\":true}},{\"TypeID\":8,\"InstanceID\":3,\"Info\":{\"Health\":5581.47656,\"MaxHealth\":5641.47656,\"ElementCount\":5,\"MaxElements\":5,\"BreakCount\":4.0,\"CanBreakTopElement\":true}},{\"TypeID\":19,\"InstanceID\":5,\"Info\":{\"Health\":32927.64,\"MaxHealth\":33007.64,\"ElementCount\":5,\"MaxElements\":5,\"BreakCount\":4.0,\"CanBreakTopElement\":true}},{\"TypeID\":21,\"InstanceID\":7,\"Info\":{\"Health\":10937.1084,\"MaxHealth\":11007.1084,\"ElementCount\":1,\"MaxElements\":1,\"BreakCount\":1.0}},{\"TypeID\":3,\"InstanceID\":28,\"Info\":{\"Health\":727.8508,\"MaxHealth\":762.8508,\"ElementCount\":1,\"MaxElements\":1,\"BreakCount\":1.0}},{\"TypeID\":21,\"InstanceID\":31,\"Info\":{\"Health\":631.0,\"MaxHealth\":828.0,\"ElementCount\":1,\"MaxElements\":1,\"BreakCount\":1.0}},{\"TypeID\":19,\"InstanceID\":1,\"Info\":{\"Health\":34265.8164,\"MaxHealth\":34445.8164,\"ElementCount\":5,\"MaxElements\":5,\"BreakCount\":4.0,\"CanBreakTopElement\":true}},{\"TypeID\":20,\"InstanceID\":54,\"Info\":{\"Health\":162.0,\"MaxHealth\":360.0,\"ElementCount\":1,\"MaxElements\":1,\"BreakCount\":1.0}},{\"TypeID\":33,\"InstanceID\":88,\"Info\":{\"Health\":130.0,\"MaxHealth\":60.0,\"ElementCount\":4,\"MaxElements\":1,\"BreakCount\":1.0,\"CanBreakTopElement\":true}},{\"TypeID\":21,\"InstanceID\":11,\"Info\":{\"Health\":7576.497,\"MaxHealth\":7608.497,\"ElementCount\":1,\"MaxElements\":1,\"BreakCount\":1.0}},{\"TypeID\":33,\"InstanceID\":82,\"Info\":{\"Health\":180.0,\"MaxHealth\":60.0,\"ElementCount\":4,\"MaxElements\":1,\"BreakCount\":1.0,\"CanBreakTopElement\":true}},{\"TypeID\":3,\"InstanceID\":22,\"Info\":{\"Health\":368.75,\"MaxHealth\":431.25,\"ElementCount\":1,\"MaxElements\":1,\"BreakCount\":1.0}},{\"TypeID\":33,\"InstanceID\":21,\"Info\":{\"Health\":180.0,\"MaxHealth\":60.0,\"ElementCount\":4,\"MaxElements\":1,\"BreakCount\":1.0,\"CanBreakTopElement\":true}},{\"TypeID\":33,\"InstanceID\":64,\"Info\":{\"Health\":90.0,\"MaxHealth\":60.0,\"ElementCount\":4,\"MaxElements\":1,\"BreakCount\":1.0,\"CanBreakTopElement\":true}},{\"TypeID\":3,\"InstanceID\":81,\"Info\":{\"Health\":757.3068,\"MaxHealth\":792.3068,\"ElementCount\":1,\"MaxElements\":1,\"BreakCount\":1.0}},{\"TypeID\":33,\"InstanceID\":41,\"Info\":{\"Health\":210.0,\"MaxHealth\":60.0,\"ElementCount\":4,\"MaxElements\":1,\"BreakCount\":1.0,\"CanBreakTopElement\":true}},{\"TypeID\":33,\"InstanceID\":40,\"Info\":{\"Health\":210.0,\"MaxHealth\":60.0,\"ElementCount\":4,\"MaxElements\":1,\"BreakCount\":1.0,\"CanBreakTopElement\":true}},{\"TypeID\":33,\"InstanceID\":66,\"Info\":{\"Health\":180.0,\"MaxHealth\":60.0,\"ElementCount\":4,\"MaxElements\":1,\"BreakCount\":1.0,\"CanBreakTopElement\":true}},{\"TypeID\":33,\"InstanceID\":27,\"Info\":{\"Health\":210.0,\"MaxHealth\":60.0,\"ElementCount\":4,\"MaxElements\":1,\"BreakCount\":1.0,\"CanBreakTopElement\":true}},{\"TypeID\":4,\"InstanceID\":26,\"Info\":{\"Health\":256.25,\"MaxHealth\":300.0,\"ElementCount\":5,\"MaxElements\":5,\"BreakCount\":4.0,\"CanBreakTopElement\":true}},{\"TypeID\":8,\"InstanceID\":15,\"Info\":{\"Health\":11165.5654,\"MaxHealth\":11200.5654,\"ElementCount\":5,\"MaxElements\":5,\"BreakCount\":4.0,\"CanBreakTopElement\":true}},{\"TypeID\":33,\"InstanceID\":54,\"Info\":{\"Health\":70.0,\"MaxHealth\":60.0,\"ElementCount\":4,\"MaxElements\":1,\"BreakCount\":1.0,\"CanBreakTopElement\":true}},{\"TypeID\":33,\"InstanceID\":55,\"Info\":{\"Health\":130.0,\"MaxHealth\":60.0,\"ElementCount\":4,\"MaxElements\":1,\"BreakCount\":1.0,\"CanBreakTopElement\":true}},{\"TypeID\":3,\"InstanceID\":114,\"Info\":{\"Health\":207.0,\"MaxHealth\":267.0,\"ElementCount\":1,\"MaxElements\":1,\"BreakCount\":1.0}},{\"TypeID\":19,\"InstanceID\":3,\"Info\":{\"Health\":44884.86,\"MaxHealth\":44972.86,\"ElementCount\":5,\"MaxElements\":5,\"BreakCount\":4.0,\"CanBreakTopElement\":true}},{\"TypeID\":29,\"InstanceID\":25,\"Info\":{\"Health\":16.95,\"MaxHealth\":60.0,\"ElementCount\":1,\"MaxElements\":1,\"BreakCount\":1.0}},{\"TypeID\":4,\"InstanceID\":9,\"Info\":{\"Health\":275.0,\"MaxHealth\":300.0,\"ElementCount\":5,\"MaxElements\":5,\"BreakCount\":4.0,\"CanBreakTopElement\":true}},{\"TypeID\":21,\"InstanceID\":13,\"Info\":{\"Health\":8542.086,\"MaxHealth\":8586.086,\"ElementCount\":1,\"MaxElements\":1,\"BreakCount\":1.0}},{\"TypeID\":3,\"InstanceID\":60,\"Info\":{\"Health\":2003.18408,\"MaxHealth\":2003.18408,\"ElementCount\":1,\"MaxElements\":1,\"BreakCount\":1.0}},{\"TypeID\":7,\"InstanceID\":1,\"Info\":{\"Health\":238.0,\"MaxHealth\":300.0,\"ElementCount\":2,\"MaxElements\":5,\"BreakCount\":4.0}},{\"TypeID\":33,\"InstanceID\":17,\"Info\":{\"Health\":210.0,\"MaxHealth\":60.0,\"ElementCount\":4,\"MaxElements\":1,\"BreakCount\":1.0,\"CanBreakTopElement\":true}},{\"TypeID\":33,\"InstanceID\":30,\"Info\":{\"Health\":120.0,\"MaxHealth\":60.0,\"ElementCount\":4,\"MaxElements\":1,\"BreakCount\":1.0,\"CanBreakTopElement\":true}},{\"TypeID\":29,\"InstanceID\":4,\"Info\":{\"Health\":36.0,\"MaxHealth\":60.0,\"ElementCount\":1,\"MaxElements\":1,\"BreakCount\":1.0}},{\"TypeID\":8,\"InstanceID\":8,\"Info\":{\"Health\":6386.62451,\"MaxHealth\":6446.62451,\"ElementCount\":5,\"MaxElements\":5,\"BreakCount\":4.0,\"CanBreakTopElement\":true}},{\"TypeID\":47,\"InstanceID\":1,\"Info\":{\"Health\":230.0,\"MaxHealth\":270.0,\"ElementCount\":1,\"MaxElements\":1,\"BreakCount\":1.0}},{\"TypeID\":2,\"InstanceID\":139,\"Info\":{\"Health\":38.6874847,\"MaxHealth\":208.687485,\"ElementCount\":1,\"MaxElements\":1,\"BreakCount\":1.0}},{\"TypeID\":3,\"InstanceID\":289,\"Info\":{\"Health\":68.75,\"MaxHealth\":228.75,\"ElementCount\":1,\"MaxElements\":1,\"BreakCount\":1.0}},{\"TypeID\":4,\"InstanceID\":16,\"Info\":{\"Health\":300.0,\"MaxHealth\":300.0,\"ElementCount\":5,\"MaxElements\":5,\"BreakCount\":4.0,\"CanBreakTopElement\":true}},{\"TypeID\":8,\"InstanceID\":20,\"Info\":{\"Health\":7779.591,\"MaxHealth\":7814.591,\"ElementCount\":5,\"MaxElements\":5,\"BreakCount\":4.0,\"CanBreakTopElement\":true}},{\"TypeID\":3,\"InstanceID\":82,\"Info\":{\"Health\":1073.3584,\"MaxHealth\":1113.3584,\"ElementCount\":1,\"MaxElements\":1,\"BreakCount\":1.0}},{\"TypeID\":8,\"InstanceID\":29,\"Info\":{\"Health\":4792.25,\"MaxHealth\":4877.25,\"ElementCount\":5,\"MaxElements\":5,\"BreakCount\":4.0,\"CanBreakTopElement\":true}},{\"TypeID\":19,\"InstanceID\":4,\"Info\":{\"Health\":36073.8,\"MaxHealth\":36255.8,\"ElementCount\":5,\"MaxElements\":5,\"BreakCount\":4.0,\"CanBreakTopElement\":true}},{\"TypeID\":19,\"InstanceID\":14,\"Info\":{\"Health\":14157.5,\"MaxHealth\":14197.5,\"ElementCount\":5,\"MaxElements\":5,\"BreakCount\":4.0,\"CanBreakTopElement\":true}},{\"TypeID\":16,\"InstanceID\":1,\"Info\":{\"Health\":38.0,\"MaxHealth\":60.0,\"ElementCount\":1,\"MaxElements\":1,\"BreakCount\":1.0}},{\"TypeID\":3,\"InstanceID\":219,\"Info\":{\"Health\":20.0,\"MaxHealth\":60.0,\"ElementCount\":1,\"MaxElements\":1,\"BreakCount\":1.0}},{\"TypeID\":2,\"InstanceID\":130,\"Info\":{\"Health\":79.0,\"MaxHealth\":99.0,\"ElementCount\":1,\"MaxElements\":1,\"BreakCount\":1.0}},{\"TypeID\":3,\"InstanceID\":191,\"Info\":{\"Health\":98.0,\"MaxHealth\":120.0,\"ElementCount\":1,\"MaxElements\":1,\"BreakCount\":1.0}},{\"TypeID\":5,\"InstanceID\":3,\"Info\":{\"Health\":436.0,\"MaxHealth\":480.0,\"ElementCount\":8,\"MaxElements\":8,\"BreakCount\":6.0,\"CanBreakTopElement\":true}},{\"TypeID\":8,\"InstanceID\":2,\"Info\":{\"Health\":2799.875,\"MaxHealth\":2821.875,\"ElementCount\":5,\"MaxElements\":5,\"BreakCount\":4.0,\"CanBreakTopElement\":true}},{\"TypeID\":19,\"InstanceID\":8,\"Info\":{\"Health\":57972.45,\"MaxHealth\":58029.05,\"ElementCount\":5,\"MaxElements\":5,\"BreakCount\":4.0,\"CanBreakTopElement\":true}},{\"TypeID\":33,\"InstanceID\":81,\"Info\":{\"Health\":210.0,\"MaxHealth\":60.0,\"ElementCount\":4,\"MaxElements\":1,\"BreakCount\":1.0,\"CanBreakTopElement\":true}},{\"TypeID\":33,\"InstanceID\":83,\"Info\":{\"Health\":210.0,\"MaxHealth\":60.0,\"ElementCount\":4,\"MaxElements\":1,\"BreakCount\":1.0,\"CanBreakTopElement\":true}},{\"TypeID\":20,\"InstanceID\":57,\"Info\":{\"Health\":1735.14355,\"MaxHealth\":2545.14355,\"ElementCount\":1,\"MaxElements\":1,\"BreakCount\":1.0}},{\"TypeID\":3,\"InstanceID\":129,\"Info\":{\"Health\":135.0,\"MaxHealth\":150.0,\"ElementCount\":1,\"MaxElements\":1,\"BreakCount\":1.0}},{\"TypeID\":21,\"InstanceID\":19,\"Info\":{\"Health\":8434.332,\"MaxHealth\":8524.332,\"ElementCount\":1,\"MaxElements\":1,\"BreakCount\":1.0}},{\"TypeID\":20,\"InstanceID\":28,\"Info\":{\"Health\":6499.80029,\"MaxHealth\":6769.80029,\"ElementCount\":1,\"MaxElements\":1,\"BreakCount\":1.0}},{\"TypeID\":21,\"InstanceID\":14,\"Info\":{\"Health\":10822.3164,\"MaxHealth\":11182.3164,\"ElementCount\":1,\"MaxElements\":1,\"BreakCount\":1.0}},{\"TypeID\":33,\"InstanceID\":45,\"Info\":{\"Health\":210.0,\"MaxHealth\":60.0,\"ElementCount\":4,\"MaxElements\":1,\"BreakCount\":1.0,\"CanBreakTopElement\":true}}]}"}}