{"Version":"0.0.0","Data":{"Fires":"{\"Version\":\"0.0.0\",\"FiresPerStructureType\":{\"32\":[{\"PutOutChance\":1,\"Fuel\":120.0,\"FuelDrainRate\":1.0},{\"PutOutChance\":1,\"Fuel\":120.0,\"FuelDrainRate\":1.0},{\"PutOutChance\":1,\"Fuel\":120.0,\"FuelDrainRate\":1.0},{\"PutOutChance\":1,\"Fuel\":120.0,\"FuelDrainRate\":1.0},{\"PutOutChance\":1,\"Fuel\":120.0,\"FuelDrainRate\":0.25},{\"PutOutChance\":1,\"Fuel\":120.0,\"FuelDrainRate\":0.25},{\"PutOutChance\":1,\"Fuel\":120.0,\"FuelDrainRate\":1.0},{\"PutOutChance\":1,\"Fuel\":120.0,\"FuelDrainRate\":1.0},{\"PutOutChance\":1,\"Fuel\":120.0,\"FuelDrainRate\":1.0},{\"PutOutChance\":1,\"Fuel\":120.0,\"FuelDrainRate\":1.0},{\"PutOutChance\":1,\"Fuel\":120.0,\"FuelDrainRate\":1.0},{\"PutOutChance\":1,\"Fuel\":120.0,\"FuelDrainRate\":0.0999999642},{\"PutOutChance\":2,\"Fuel\":120.0,\"FuelDrainRate\":1.0},{\"PutOutChance\":1,\"Fuel\":120.0,\"FuelDrainRate\":0.25},{\"PutOutChance\":1,\"Fuel\":540.0,\"FuelDrainRate\":1.0},{\"PutOutChance\":1,\"Fuel\":120.0,\"FuelDrainRate\":1.0},{\"PutOutChance\":1,\"Fuel\":1020.0,\"FuelDrainRate\":1.0},{\"PutOutChance\":1,\"Fuel\":120.0,\"FuelDrainRate\":1.0},{\"PutOutChance\":1,\"Fuel\":120.0,\"FuelDrainRate\":1.0},{\"PutOutChance\":1,\"Fuel\":120.0,\"FuelDrainRate\":1.0},{\"IsLit\":true,\"PutOutChance\":1,\"Fuel\":1220.25842,\"FuelDrainRate\":0.25},{\"PutOutChance\":1,\"Fuel\":120.0,\"FuelDrainRate\":1.0},{\"PutOutChance\":1,\"Fuel\":120.0,\"FuelDrainRate\":1.0},{\"PutOutChance\":1,\"Fuel\":120.0,\"FuelDrainRate\":1.0}]}}"}}