{"Version":"0.0.0","Data":{"PlayerState":"{\"Version\":\"1.0.0\",\"_entries\":[{\"Name\":\"GotTutorialTarp\",\"BoolValue\":true},{\"Name\":\"isNewItemInInventory_00000486\"},{\"Name\":\"isNewItemInInventory_00000380\"},{\"Name\":\"isNewItemInInventory_00000483\"},{\"Name\":\"crafted.00000379\",\"SettingType\":1,\"IntValue\":1},{\"Name\":\"crafted.00000412\",\"SettingType\":1,\"IntValue\":1},{\"Name\":\"crafted.00000413\",\"SettingType\":1,\"IntValue\":1},{\"Name\":\"crafted.00000589\",\"SettingType\":1,\"IntValue\":1},{\"Name\":\"isNewCraftingRecipe_StartingEmergencyPackRecipe\"},{\"Name\":\"seenFirstTimeEquip_00000379\",\"BoolValue\":true},{\"Name\":\"HasSeenBuildStorageTutorial\",\"BoolValue\":true},{\"Name\":\"seenFirstTimeEquip_00000359\",\"BoolValue\":true},{\"Name\":\"consumed.00000466\",\"SettingType\":1,\"IntValue\":9},{\"Name\":\"isNewItemInInventory_00000379\"},{\"Name\":\"isNewItemInInventory_00000359\"},{\"Name\":\"isNewItemInInventory_00000589\"},{\"Name\":\"isNewItemInInventory_00000466\"},{\"Name\":\"isNewItemInInventory_00000517\"},{\"Name\":\"isNewItemInInventory_00000634\"},{\"Name\":\"isNewItemInInventory_00000402\"},{\"Name\":\"isNewItemInInventory_00000368\"},{\"Name\":\"isNewItemInInventory_00000412\"},{\"Name\":\"isNewItemInInventory_00000440\"},{\"Name\":\"isNewItemInInventory_00000381\"},{\"Name\":\"InventoryLightsActive\"},{\"Name\":\"isNewCraftingRecipeTutorial_CraftedArrowsRecipe\"},{\"Name\":\"isNewCraftingRecipeTutorial_CraftedSpearRecipe\"},{\"Name\":\"consumed.00000433\",\"SettingType\":1,\"IntValue\":30},{\"Name\":\"isNewItemInInventory_00000474\"},{\"Name\":\"isNewItemInInventory_00000416\"},{\"Name\":\"isNewItemInInventory_00000527\"},{\"Name\":\"isNewItemInInventory_00000635\"},{\"Name\":\"isNewItemInInventory_00000439\"},{\"Name\":\"isNewItemInInventory_00000392\"},{\"Name\":\"isNewItemInInventory_00000420\"},{\"Name\":\"consumed.00000401\",\"SettingType\":1,\"IntValue\":1},{\"Name\":\"isNewCraftingRecipeTutorial_CraftedAxeRecipe\"},{\"Name\":\"isNewCraftingRecipeTutorial_CraftedBowRecipe\"},{\"Name\":\"isNewCraftingRecipeTutorial_CraftedClubRecipe\"},{\"Name\":\"ShowMissingTacticalsTutorial\"},{\"Name\":\"ShowMissingPufftonsTutorial\"},{\"Name\":\"seenFirstTimeEquip_00000412\",\"BoolValue\":true},{\"Name\":\"isNewCraftingRecipeTutorial_TimeBombRecipe\"},{\"Name\":\"isNewItemInInventory_00000403\"},{\"Name\":\"isNewItemInInventory_00000476\"},{\"Name\":\"isNewItemInInventory_00000393\"},{\"Name\":\"isNewItemInInventory_00000419\"},{\"Name\":\"crafted.00000443\",\"SettingType\":1,\"IntValue\":1},{\"Name\":\"isNewCraftingRecipe_CraftedBowRecipe\"},{\"Name\":\"isNewItemInInventory_00000410\"},{\"Name\":\"isNewItemInInventory_00000443\"},{\"Name\":\"isNewItemInInventory_00000479\"},{\"Name\":\"crafted.00000507\",\"SettingType\":1,\"IntValue\":120},{\"Name\":\"isNewCraftingRecipe_CraftedArrowsRecipe\"},{\"Name\":\"isNewCraftingRecipeTutorial_CraftedArrowExplosiveUpgradeRecipe\"},{\"Name\":\"isNewCraftingRecipeTutorial_CraftedArrowShockUpgradeRecipe\"},{\"Name\":\"isNewItemInInventory_00000418\"},{\"Name\":\"seenFirstTimeEquip_00000413\",\"BoolValue\":true},{\"Name\":\"Strength\",\"SettingType\":2,\"FloatValue\":24.1569118},{\"Name\":\"StrengthLevel\",\"SettingType\":1,\"IntValue\":28},{\"Name\":\"CurrentStrength\",\"SettingType\":2,\"FloatValue\":2294.583},{\"Name\":\"RequiredCurrentStrengthPerLevel\",\"SettingType\":2,\"FloatValue\":9498.66},{\"Name\":\"MaxHealth\",\"SettingType\":2,\"FloatValue\":154.0},{\"Name\":\"CurrentHealth\",\"SettingType\":2,\"FloatValue\":27.0},{\"Name\":\"TargetHealth\",\"SettingType\":2,\"FloatValue\":27.0},{\"Name\":\"Sickness\",\"SettingType\":2},{\"Name\":\"Hydration\",\"SettingType\":2,\"FloatValue\":33.28591},{\"Name\":\"Fullness\",\"SettingType\":2},{\"Name\":\"Rest\",\"SettingType\":2,\"FloatValue\":9.605269},{\"Name\":\"Stamina\",\"SettingType\":2,\"FloatValue\":22.934206},{\"Name\":\"HydrationBuff\",\"SettingType\":2,\"FloatValue\":-1.27860951},{\"Name\":\"FullnessBuff\",\"SettingType\":2,\"FloatValue\":-31.9049454},{\"Name\":\"RestBuff\",\"SettingType\":2,\"FloatValue\":-1.21444464E-05},{\"Name\":\"CookingBuffTimeRemaining\",\"SettingType\":2,\"FloatValue\":-0.762295246},{\"Name\":\"CookingBuffRecipe\",\"SettingType\":1,\"IntValue\":-1},{\"Name\":\"player.position\",\"SettingType\":4,\"FloatArrayValue\":[-1004.63373,115.733032,-42.3785553]},{\"Name\":\"player.rotation\",\"SettingType\":4,\"FloatArrayValue\":[0.0,-0.85673517,0.0,0.5157566]},{\"Name\":\"player.areaMask\",\"SettingType\":1},{\"Name\":\"isNewItemInInventory_00000433\"},{\"Name\":\"isNewItemInInventory_00000648\"},{\"Name\":\"isNewItemInInventory_00000504\"},{\"Name\":\"isNewItemInInventory_00000506\"},{\"Name\":\"isNewItemInInventory_00000430\"},{\"Name\":\"hasOwned_00000402\",\"BoolValue\":true},{\"Name\":\"ActionCameraVideoCollected_CultistsArrival\",\"BoolValue\":true},{\"Name\":\"CurrentActionVideoIndex\",\"SettingType\":1,\"IntValue\":1},{\"Name\":\"seenFirstTimeEquip_00000637\",\"BoolValue\":true},{\"Name\":\"hasViewedFoundRecording_CultistsArrival\",\"BoolValue\":true},{\"Name\":\"isNewCraftingRecipeTutorial_LeafArmourRecipe\"},{\"Name\":\"isNewCraftingRecipeTutorial_TorchRecipe\"},{\"Name\":\"isNewCraftingRecipeTutorial_CraftedArrowFireUpgradeRecipe\"},{\"Name\":\"isNewCraftingRecipeTutorial_MolotovRecipe\"},{\"Name\":\"hasOwned_00000695\",\"BoolValue\":true},{\"Name\":\"hasOwned_00000697\",\"BoolValue\":true},{\"Name\":\"hasOwned_00000612\",\"BoolValue\":true},{\"Name\":\"seenFirstTimeEquip_00000631\",\"BoolValue\":true},{\"Name\":\"hasOwned_00000487\",\"BoolValue\":true},{\"Name\":\"seenFirstTimeEquip_00000633\",\"BoolValue\":true},{\"Name\":\"isNewItemInInventory_00000401\"},{\"Name\":\"isNewItemInInventory_00000469\"},{\"Name\":\"isNewItemInInventory_00000487\"},{\"Name\":\"isNewItemInInventory_00000495\"},{\"Name\":\"hasOwned_00000489\",\"BoolValue\":true},{\"Name\":\"hasOwned_00000501\",\"BoolValue\":true},{\"Name\":\"isNewItemInInventory_00000434\"},{\"Name\":\"isNewItemInInventory_00000502\"},{\"Name\":\"isNewItemInInventory_00000631\"},{\"Name\":\"isNewItemInInventory_00000633\"},{\"Name\":\"isNewItemInInventory_00000690\"},{\"Name\":\"isNewItemInInventory_00000508\"},{\"Name\":\"crafted.00000502\",\"SettingType\":1,\"IntValue\":15},{\"Name\":\"crafted.00000418\",\"SettingType\":1,\"IntValue\":18},{\"Name\":\"crafted.00000362\",\"SettingType\":1,\"IntValue\":2},{\"Name\":\"crafted.00000419\",\"SettingType\":1,\"IntValue\":28},{\"Name\":\"crafted.00000437\",\"SettingType\":1,\"IntValue\":17},{\"Name\":\"isNewCraftingRecipe_LootPouchRecipe\"},{\"Name\":\"GpsZoomTutorialComplete\",\"BoolValue\":true},{\"Name\":\"GPSZoomLevel\",\"SettingType\":1,\"IntValue\":2},{\"Name\":\"HasDismountedFromGolfCartBefore\",\"BoolValue\":true},{\"Name\":\"MissingTacticalFound_Hanging\",\"BoolValue\":true},{\"Name\":\"MissingTacticalsFound\",\"SettingType\":1,\"IntValue\":3},{\"Name\":\"isNewCraftingRecipeTutorial_FlashlightRechargeRecipe\"},{\"Name\":\"hasOwned_00000615\",\"BoolValue\":true},{\"Name\":\"isNewItemInInventory_00000438\"},{\"Name\":\"isNewItemInInventory_00000441\"},{\"Name\":\"isNewItemInInventory_00000471\"},{\"Name\":\"isNewItemInInventory_00000356\"},{\"Name\":\"isNewItemInInventory_00000437\"},{\"Name\":\"crafted.00000417\",\"SettingType\":1,\"IntValue\":7},{\"Name\":\"isNewCraftingRecipe_TimeBombRecipe\"},{\"Name\":\"isNewItemInInventory_00000417\"},{\"Name\":\"isNewItemInInventory_00000390\"},{\"Name\":\"isNewItemInInventory_00000414\"},{\"Name\":\"isNewItemInInventory_00000637\"},{\"Name\":\"isNewItemInInventory_00000413\"},{\"Name\":\"isNewItemInInventory_00000484\"},{\"Name\":\"isNewItemInInventory_00000387\"},{\"Name\":\"isNewItemInInventory_00000523\"},{\"Name\":\"isNewItemInInventory_00000650\"},{\"Name\":\"isNewItemInInventory_00000593\"},{\"Name\":\"isNewItemInInventory_00000373\"},{\"Name\":\"isNewItemInInventory_00000529\"},{\"Name\":\"isNewItemInInventory_00000421\"},{\"Name\":\"GolfCartRadioActive\"},{\"Name\":\"hasOwned_00000694\",\"BoolValue\":true},{\"Name\":\"isNewItemInInventory_00000362\"},{\"Name\":\"isNewItemInInventory_00000363\"},{\"Name\":\"seenFirstTimeEquip_00000589\",\"BoolValue\":true},{\"Name\":\"SCREWBookLastUsed\",\"BoolValue\":true},{\"Name\":\"BlueprintBookPageIndex\",\"SettingType\":1,\"IntValue\":9},{\"Name\":\"isNewItemInInventory_00000507\"},{\"Name\":\"seenFirstTimeEquip_00000486\",\"BoolValue\":true},{\"Name\":\"DoneRemoveStructureElementTutorial\",\"BoolValue\":true},{\"Name\":\"consumed.00000453\",\"SettingType\":1,\"IntValue\":30},{\"Name\":\"isNewItemInInventory_00000405\"},{\"Name\":\"consumed.00000436\",\"SettingType\":1,\"IntValue\":22},{\"Name\":\"isNewItemInInventory_00000661\"},{\"Name\":\"isNewItemInInventory_00000518\"},{\"Name\":\"isNewItemInInventory_00000482\"},{\"Name\":\"isNewItemInInventory_00000453\"},{\"Name\":\"consumed.00000517\",\"SettingType\":1,\"IntValue\":3},{\"Name\":\"isNewItemInInventory_00000436\"},{\"Name\":\"isNewItemInInventory_00000415\"},{\"Name\":\"isNewItemInInventory_00000715\"},{\"Name\":\"HasBeenTiredBefore\",\"BoolValue\":true},{\"Name\":\"isNewItemInInventory_00000425\"},{\"Name\":\"isNewCraftingRecipeTutorial_BoneArmourRecipe\"},{\"Name\":\"isNewItemInInventory_00000480\"},{\"Name\":\"isNewItemInInventory_00000595\"},{\"Name\":\"isNewItemInInventory_00000604\"},{\"Name\":\"isNewItemInInventory_00000452\"},{\"Name\":\"isNewItemInInventory_00000599\"},{\"Name\":\"isNewItemInInventory_00000598\"},{\"Name\":\"isNewItemInInventory_00000447\"},{\"Name\":\"consumed.00000398\",\"SettingType\":1,\"IntValue\":9},{\"Name\":\"crafted.00000422\",\"SettingType\":1,\"IntValue\":1},{\"Name\":\"isNewCraftingRecipe_CraftedAxeRecipe\"},{\"Name\":\"isNewItemInInventory_00000422\"},{\"Name\":\"consumed.00000449\",\"SettingType\":1,\"IntValue\":1},{\"Name\":\"crafted.00000466\",\"SettingType\":1,\"IntValue\":6},{\"Name\":\"crafted.00000441\",\"SettingType\":1,\"IntValue\":5},{\"Name\":\"crafted.00000496\",\"SettingType\":1,\"IntValue\":7},{\"Name\":\"crafted.00000439\",\"SettingType\":1,\"IntValue\":4},{\"Name\":\"consumed.00000437\",\"SettingType\":1,\"IntValue\":19},{\"Name\":\"DoneBuildFireTutorial\",\"BoolValue\":true},{\"Name\":\"crafted.00000415\",\"SettingType\":1,\"IntValue\":6},{\"Name\":\"TutorialBookPageIndex\",\"SettingType\":1,\"IntValue\":3},{\"Name\":\"isNewCraftingRecipeTutorial_DeerHideArmourRecipe\"},{\"Name\":\"isNewItemInInventory_00000603\"},{\"Name\":\"isNewItemInInventory_00000472\"},{\"Name\":\"consumed.00000594\",\"SettingType\":1,\"IntValue\":1},{\"Name\":\"crafted.00000503\",\"SettingType\":1,\"IntValue\":1},{\"Name\":\"isNewCraftingRecipe_TorchRecipe\"},{\"Name\":\"isNewItemInInventory_00000450\"},{\"Name\":\"isNewItemInInventory_00000446\"},{\"Name\":\"isNewItemInInventory_00000601\"},{\"Name\":\"isNewCraftingRecipeTutorial_HealthMixPlusRecipe\"},{\"Name\":\"isNewCraftingRecipeTutorial_HealthMixRecipe\"},{\"Name\":\"isNewItemInInventory_00000503\"},{\"Name\":\"isNewItemInInventory_00000481\"},{\"Name\":\"isNewItemInInventory_00000496\"},{\"Name\":\"crafted.00000448\",\"SettingType\":1,\"IntValue\":2},{\"Name\":\"crafted.00000476\",\"SettingType\":1,\"IntValue\":1},{\"Name\":\"TorchWasLit\"},{\"Name\":\"consumed.00000450\",\"SettingType\":1,\"IntValue\":36},{\"Name\":\"consumed.00000480\",\"SettingType\":1,\"IntValue\":2},{\"Name\":\"crafted.00000410\",\"SettingType\":1,\"IntValue\":6},{\"Name\":\"crafted.00000447\",\"SettingType\":1,\"IntValue\":2},{\"Name\":\"isNewItemInInventory_00000651\"},{\"Name\":\"crafted.00000479\",\"SettingType\":1,\"IntValue\":4},{\"Name\":\"crafted.00000446\",\"SettingType\":1,\"IntValue\":1},{\"Name\":\"crafted.00000445\",\"SettingType\":1,\"IntValue\":2},{\"Name\":\"isNewCraftingRecipeTutorial_CraftedArrowPoisonUpgradeRecipe\"},{\"Name\":\"isNewItemInInventory_00000364\"},{\"Name\":\"crafted.00000388\",\"SettingType\":1,\"IntValue\":8},{\"Name\":\"isNewCraftingRecipe_MolotovRecipe\"},{\"Name\":\"crafted.00000471\",\"SettingType\":1,\"IntValue\":3},{\"Name\":\"isNewCraftingRecipe_FlashlightRechargeRecipe\"},{\"Name\":\"isNewItemInInventory_00000451\"},{\"Name\":\"isNewItemInInventory_00000398\"},{\"Name\":\"consumed.00000397\",\"SettingType\":1,\"IntValue\":4},{\"Name\":\"isNewItemInInventory_00000388\"},{\"Name\":\"consumed.00000439\",\"SettingType\":1,\"IntValue\":15},{\"Name\":\"MissingTacticalFound_Raft\",\"BoolValue\":true},{\"Name\":\"seenFirstTimeEquip_00000355\",\"BoolValue\":true},{\"Name\":\"isNewItemInInventory_00000355\"},{\"Name\":\"isNewItemInInventory_00000590\"},{\"Name\":\"consumed.00000445\",\"SettingType\":1,\"IntValue\":8},{\"Name\":\"consumed.00000400\",\"SettingType\":1,\"IntValue\":2},{\"Name\":\"crafted.00000433\",\"SettingType\":1,\"IntValue\":1},{\"Name\":\"isNewCraftingRecipe_CraftedArrowFireUpgradeRecipe\"},{\"Name\":\"PointOfInterestFound_Bunker Entertainment\",\"BoolValue\":true},{\"Name\":\"hasOwned_00000613\",\"BoolValue\":true},{\"Name\":\"hasOwned_00000444\",\"BoolValue\":true},{\"Name\":\"seenFirstTimeEquip_00000444\",\"BoolValue\":true},{\"Name\":\"consumed.00000438\",\"SettingType\":1,\"IntValue\":7},{\"Name\":\"consumed.00000452\",\"SettingType\":1,\"IntValue\":3},{\"Name\":\"isNewItemInInventory_00000644\"},{\"Name\":\"isNewItemInInventory_00000444\"},{\"Name\":\"isNewItemInInventory_00000597\"},{\"Name\":\"hasOwned_00000666\",\"BoolValue\":true},{\"Name\":\"DiscoverablePageUnlocked_666\",\"BoolValue\":true},{\"Name\":\"seenFirstTimeEquip_00000662\",\"BoolValue\":true},{\"Name\":\"seenFirstTimeEquip_00000471\",\"BoolValue\":true},{\"Name\":\"seenFirstTimeEquip_00000353\",\"BoolValue\":true},{\"Name\":\"consumed.00000465\",\"SettingType\":1,\"IntValue\":4},{\"Name\":\"consumed.00000441\",\"SettingType\":1,\"IntValue\":4},{\"Name\":\"isNewItemInInventory_00000448\"},{\"Name\":\"crafted.00000519\",\"SettingType\":1,\"IntValue\":1},{\"Name\":\"isNewCraftingRecipe_DeerHideArmourRecipe\"},{\"Name\":\"isNewItemInInventory_00000519\"},{\"Name\":\"isNewItemInInventory_00000353\"},{\"Name\":\"crafted.00000618\",\"SettingType\":1,\"IntValue\":15},{\"Name\":\"seenFirstTimeEquip_00000575\",\"BoolValue\":true},{\"Name\":\"isNewCraftingRecipeTutorial_TacticalArrowFireUpgradeRecipe\"},{\"Name\":\"isNewCraftingRecipeTutorial_TacticalArrowPoisonUpgradeRecipe\"},{\"Name\":\"crafted.00000426\",\"SettingType\":1,\"IntValue\":3},{\"Name\":\"isNewCraftingRecipeTutorial_TacticalArrowExplosiveUpgradeRecipe\"},{\"Name\":\"isNewCraftingRecipeTutorial_TacticalArrowShockUpgradeRecipe\"},{\"Name\":\"crafted.00000391\",\"SettingType\":1,\"IntValue\":5},{\"Name\":\"crafted.00000553\",\"SettingType\":1,\"IntValue\":2},{\"Name\":\"isNewCraftingRecipeTutorial_TechArmourRecipe\"},{\"Name\":\"seenFirstTimeEquip_00000391\",\"BoolValue\":true},{\"Name\":\"crafted.00000560\",\"SettingType\":1,\"IntValue\":2},{\"Name\":\"isNewCraftingRecipeTutorial_ZiplineRopeRecipe\"},{\"Name\":\"isNewItemInInventory_00000369\"},{\"Name\":\"isNewItemInInventory_00000606\"},{\"Name\":\"isNewItemInInventory_00000426\"},{\"Name\":\"isNewItemInInventory_00000560\"},{\"Name\":\"crafted.00000523\",\"SettingType\":1,\"IntValue\":1},{\"Name\":\"isNewCraftingRecipe_ZiplineRopeRecipe\"},{\"Name\":\"isNewItemInInventory_00000724\"},{\"Name\":\"isNewItemInInventory_00000454\"},{\"Name\":\"isNewItemInInventory_00000400\"},{\"Name\":\"isNewItemInInventory_00000397\"},{\"Name\":\"crafted.00000455\",\"SettingType\":1,\"IntValue\":1},{\"Name\":\"isNewCraftingRecipe_HealthMixRecipe\"},{\"Name\":\"crafted.00000456\",\"SettingType\":1,\"IntValue\":3},{\"Name\":\"isNewCraftingRecipe_HealthMixPlusRecipe\"},{\"Name\":\"isNewItemInInventory_00000553\"},{\"Name\":\"crafted.00000554\",\"SettingType\":1,\"IntValue\":1},{\"Name\":\"isNewCraftingRecipe_TechArmourRecipe\"},{\"Name\":\"isNewItemInInventory_00000554\"},{\"Name\":\"isNewItemInInventory_00000391\"},{\"Name\":\"seenFirstTimeEquip_00000396\",\"BoolValue\":true},{\"Name\":\"isNewItemInInventory_00000396\"},{\"Name\":\"hasOwned_00000545\",\"BoolValue\":true},{\"Name\":\"seenFirstTimeEquip_00000468\",\"BoolValue\":true},{\"Name\":\"hasOwned_00000521\",\"BoolValue\":true},{\"Name\":\"hasOwned_00000540\",\"BoolValue\":true},{\"Name\":\"isNewItemInInventory_00000468\"},{\"Name\":\"seenFirstTimeEquip_00000522\",\"BoolValue\":true},{\"Name\":\"isNewCraftingRecipeTutorial_CatFoodRecipe\"},{\"Name\":\"isNewItemInInventory_00000456\"},{\"Name\":\"isNewItemInInventory_00000432\"},{\"Name\":\"isNewItemInInventory_00000522\"},{\"Name\":\"isNewItemInInventory_00000602\"},{\"Name\":\"isNewItemInInventory_00000662\"},{\"Name\":\"isNewItemInInventory_00000449\"},{\"Name\":\"isNewItemInInventory_00000445\"},{\"Name\":\"consumed.00000481\",\"SettingType\":1,\"IntValue\":1},{\"Name\":\"consumed.00000447\",\"SettingType\":1,\"IntValue\":2},{\"Name\":\"isNewItemInInventory_00000646\"},{\"Name\":\"isNewItemInInventory_00000575\"},{\"Name\":\"isNewItemInInventory_00000455\"},{\"Name\":\"consumed.00000455\",\"SettingType\":1,\"IntValue\":1},{\"Name\":\"consumed.00000456\",\"SettingType\":1,\"IntValue\":3},{\"Name\":\"isNewItemInInventory_00000647\"},{\"Name\":\"isNewItemInInventory_00000596\"},{\"Name\":\"hasOwned_00000499\",\"BoolValue\":true},{\"Name\":\"consumed.00000421\",\"SettingType\":1,\"IntValue\":4},{\"Name\":\"PointOfInterestFound_Bunker A\",\"BoolValue\":true},{\"Name\":\"isNewItemInInventory_00000378\"},{\"Name\":\"isNewItemInInventory_00000459\"},{\"Name\":\"isNewItemInInventory_00000485\"},{\"Name\":\"hasOwned_00000566\",\"BoolValue\":true},{\"Name\":\"seenFirstTimeEquip_00000566\",\"BoolValue\":true},{\"Name\":\"hasOwned_00000538\",\"BoolValue\":true},{\"Name\":\"PointOfInterestFound_Bunker Food\",\"BoolValue\":true},{\"Name\":\"hasOwned_00000492\",\"BoolValue\":true},{\"Name\":\"seenFirstTimeEquip_00000423\",\"BoolValue\":true},{\"Name\":\"isNewItemInInventory_00000499\"},{\"Name\":\"isNewItemInInventory_00000492\"},{\"Name\":\"isNewCraftingRecipeTutorial_PrintedArrowFireUpgradeRecipe\"},{\"Name\":\"isNewCraftingRecipeTutorial_PrintedArrowPoisonUpgradeRecipe\"},{\"Name\":\"crafted.00000428\",\"SettingType\":1,\"IntValue\":1},{\"Name\":\"consumed.00000425\",\"SettingType\":1,\"IntValue\":2},{\"Name\":\"isNewItemInInventory_00000431\"},{\"Name\":\"seenFirstTimeEquip_00000365\",\"BoolValue\":true},{\"Name\":\"hasOwned_00000677\",\"BoolValue\":true},{\"Name\":\"PointOfInterestFound_Bunker Residential\",\"BoolValue\":true},{\"Name\":\"hasOwned_00000568\",\"BoolValue\":true},{\"Name\":\"seenFirstTimeEquip_00000568\",\"BoolValue\":true},{\"Name\":\"hasOwned_00000547\",\"BoolValue\":true},{\"Name\":\"isNewItemInInventory_00000375\"},{\"Name\":\"consumed.00000571\",\"SettingType\":1,\"IntValue\":6},{\"Name\":\"isNewItemInInventory_00000462\"},{\"Name\":\"consumed.00000462\",\"SettingType\":1,\"IntValue\":1},{\"Name\":\"isNewItemInInventory_00000428\"},{\"Name\":\"MissingTacticalFound_Buried\",\"BoolValue\":true},{\"Name\":\"seenFirstTimeEquip_00000358\",\"BoolValue\":true},{\"Name\":\"isNewCraftingRecipeTutorial_PrintedArrowExplosiveUpgradeRecipe\"},{\"Name\":\"isNewCraftingRecipeTutorial_PrintedArrowShockUpgradeRecipe\"},{\"Name\":\"isNewItemInInventory_00000570\"},{\"Name\":\"isNewItemInInventory_00000571\"},{\"Name\":\"isNewItemInInventory_00000358\"},{\"Name\":\"isNewItemInInventory_00000376\"}],\"NamedInts\":[{\"SaveObjectNameId\":\"BunkerLuxury.Cutscene.MutantBossIntro\"},{\"SaveObjectNameId\":\"BunkerResidential.Cutscene.GetDownSon\"}]}"}}