{"Version":"0.0.0","Data":{"ScrewStructureInstances":"{\"_structures\":[{\"Id\":35,\"Pos\":{\"x\":-992.6408,\"y\":113.907005,\"z\":-51.73462},\"Rot\":{\"x\":0.0613069125,\"y\":0.7705696,\"z\":-0.0352925733,\"w\":0.633418},\"Storages\":[{\"Version\":\"0.0.0\",\"ItemBlocks\":[{\"ItemId\":436,\"TotalCount\":5,\"UniqueItems\":[{\"Modules\":[{\"CurrentState\":1,\"TimeRemainingInState\":86400.0,\"PauseDecay\":true,\"Version\":\"0.0.0\",\"ModuleId\":3}]},{\"Modules\":[{\"CurrentState\":1,\"TimeRemainingInState\":86400.0,\"PauseDecay\":true,\"Version\":\"0.0.0\",\"ModuleId\":3}]},{\"Modules\":[{\"CurrentState\":1,\"TimeRemainingInState\":86400.0,\"PauseDecay\":true,\"Version\":\"0.0.0\",\"ModuleId\":3}]},{\"Modules\":[{\"CurrentState\":1,\"TimeRemainingInState\":86400.0,\"PauseDecay\":true,\"Version\":\"0.0.0\",\"ModuleId\":3}]},{\"Modules\":[{\"CurrentState\":1,\"TimeRemainingInState\":86400.0,\"PauseDecay\":true,\"Version\":\"0.0.0\",\"ModuleId\":3}]}]}]}],\"Modules\":[]},{\"Id\":35,\"Pos\":{\"x\":-992.435547,\"y\":113.861435,\"z\":-50.9919472},\"Rot\":{\"x\":0.06567719,\"y\":0.80361706,\"z\":-0.0481818244,\"w\":0.5895462},\"Storages\":[{\"Version\":\"0.0.0\",\"ItemBlocks\":[{\"ItemId\":436,\"TotalCount\":5,\"UniqueItems\":[{\"Modules\":[{\"CurrentState\":1,\"TimeRemainingInState\":86400.0,\"PauseDecay\":true,\"Version\":\"0.0.0\",\"ModuleId\":3}]},{\"Modules\":[{\"CurrentState\":1,\"TimeRemainingInState\":86400.0,\"PauseDecay\":true,\"Version\":\"0.0.0\",\"ModuleId\":3}]},{\"Modules\":[{\"CurrentState\":1,\"TimeRemainingInState\":86400.0,\"PauseDecay\":true,\"Version\":\"0.0.0\",\"ModuleId\":3}]},{\"Modules\":[{\"CurrentState\":1,\"TimeRemainingInState\":86400.0,\"PauseDecay\":true,\"Version\":\"0.0.0\",\"ModuleId\":3}]},{\"Modules\":[{\"CurrentState\":1,\"TimeRemainingInState\":86400.0,\"PauseDecay\":true,\"Version\":\"0.0.0\",\"ModuleId\":3}]}]}]}],\"Modules\":[]},{\"Id\":35,\"Pos\":{\"x\":-992.699036,\"y\":113.908928,\"z\":-52.4901772},\"Rot\":{\"x\":0.04371899,\"y\":0.7693745,\"z\":-0.0209733248,\"w\":0.636955},\"Storages\":[{\"Version\":\"0.0.0\",\"ItemBlocks\":[{\"ItemId\":436,\"TotalCount\":5,\"UniqueItems\":[{\"Modules\":[{\"CurrentState\":1,\"TimeRemainingInState\":86400.0,\"PauseDecay\":true,\"Version\":\"0.0.0\",\"ModuleId\":3}]},{\"Modules\":[{\"CurrentState\":1,\"TimeRemainingInState\":86400.0,\"PauseDecay\":true,\"Version\":\"0.0.0\",\"ModuleId\":3}]},{\"Modules\":[{\"CurrentState\":1,\"TimeRemainingInState\":86400.0,\"PauseDecay\":true,\"Version\":\"0.0.0\",\"ModuleId\":3}]},{\"Modules\":[{\"CurrentState\":1,\"TimeRemainingInState\":86400.0,\"PauseDecay\":true,\"Version\":\"0.0.0\",\"ModuleId\":3}]},{\"Modules\":[{\"CurrentState\":1,\"TimeRemainingInState\":86400.0,\"PauseDecay\":true,\"Version\":\"0.0.0\",\"ModuleId\":3}]}]}]}],\"Modules\":[]},{\"Id\":35,\"Pos\":{\"x\":-992.7791,\"y\":113.944107,\"z\":-53.1995049},\"Rot\":{\"x\":0.05004956,\"y\":0.7147147,\"z\":-0.0160898156,\"w\":0.6974376},\"Storages\":[{\"Version\":\"0.0.0\",\"ItemBlocks\":[{\"ItemId\":436,\"TotalCount\":5,\"UniqueItems\":[{\"Modules\":[{\"CurrentState\":1,\"TimeRemainingInState\":86400.0,\"PauseDecay\":true,\"Version\":\"0.0.0\",\"ModuleId\":3}]},{\"Modules\":[{\"CurrentState\":1,\"TimeRemainingInState\":86400.0,\"PauseDecay\":true,\"Version\":\"0.0.0\",\"ModuleId\":3}]},{\"Modules\":[{\"CurrentState\":1,\"TimeRemainingInState\":86400.0,\"PauseDecay\":true,\"Version\":\"0.0.0\",\"ModuleId\":3}]},{\"Modules\":[{\"CurrentState\":1,\"TimeRemainingInState\":86400.0,\"PauseDecay\":true,\"Version\":\"0.0.0\",\"ModuleId\":3}]},{\"Modules\":[{\"CurrentState\":1,\"TimeRemainingInState\":86400.0,\"PauseDecay\":true,\"Version\":\"0.0.0\",\"ModuleId\":3}]}]}]}],\"Modules\":[]},{\"Id\":92,\"Pos\":{\"x\":-1017.29565,\"y\":116.185135,\"z\":-58.4724274},\"Rot\":{\"x\":0.0200892277,\"y\":0.6213724,\"z\":0.117051646,\"w\":-0.7744622},\"Storages\":[],\"Modules\":[]},{\"Id\":53,\"Pos\":{\"x\":-1007.64459,\"y\":117.285721,\"z\":-43.3835869},\"Rot\":{\"y\":0.6356562,\"w\":0.771972358},\"Storages\":[],\"Modules\":[]},{\"Id\":53,\"Pos\":{\"x\":-1001.15344,\"y\":117.207809,\"z\":-43.2391357},\"Rot\":{\"y\":-0.09599883,\"w\":0.9953815},\"Storages\":[],\"Modules\":[]},{\"Id\":51,\"Pos\":{\"x\":-987.350952,\"y\":116.9203,\"z\":-40.59188},\"Rot\":{\"y\":0.6356574,\"w\":0.771971345},\"Storages\":[{\"Version\":\"0.0.0\",\"ItemBlocks\":[]},{\"Version\":\"0.0.0\",\"ItemBlocks\":[]},{\"Version\":\"0.0.0\",\"ItemBlocks\":[]},{\"Version\":\"0.0.0\",\"ItemBlocks\":[]}],\"Modules\":[]},{\"Id\":51,\"Pos\":{\"x\":-987.587769,\"y\":116.921173,\"z\":-39.41086},\"Rot\":{\"y\":0.63565737,\"w\":0.771971345},\"Storages\":[{\"Version\":\"0.0.0\",\"ItemBlocks\":[]},{\"Version\":\"0.0.0\",\"ItemBlocks\":[]},{\"Version\":\"0.0.0\",\"ItemBlocks\":[]},{\"Version\":\"0.0.0\",\"ItemBlocks\":[]}],\"Modules\":[]},{\"Id\":51,\"Pos\":{\"x\":-988.4688,\"y\":116.897476,\"z\":-39.27721},\"Rot\":{\"y\":-0.771971345,\"w\":0.63565737},\"Storages\":[{\"Version\":\"0.0.0\",\"ItemBlocks\":[{\"ItemId\":480,\"TotalCount\":1,\"UniqueItems\":[{\"Modules\":[{\"Version\":\"0.0.0\"},{\"Version\":\"0.0.0\",\"ModuleId\":1},{\"CurrentState\":3,\"Version\":\"0.0.0\",\"ModuleId\":3}]}]}]},{\"Version\":\"0.0.0\",\"ItemBlocks\":[{\"ItemId\":481,\"TotalCount\":1,\"UniqueItems\":[{\"Modules\":[{\"Version\":\"0.0.0\"},{\"Version\":\"0.0.0\",\"ModuleId\":1},{\"CurrentState\":3,\"Version\":\"0.0.0\",\"ModuleId\":3}]}]}]},{\"Version\":\"0.0.0\",\"ItemBlocks\":[{\"ItemId\":482,\"TotalCount\":1,\"UniqueItems\":[{\"Modules\":[{\"SourceActorType\":15,\"Version\":\"0.0.0\",\"ModuleId\":1},{\"CurrentState\":3,\"Version\":\"0.0.0\",\"ModuleId\":3}]}]}]},{\"Version\":\"0.0.0\",\"ItemBlocks\":[{\"ItemId\":482,\"TotalCount\":1,\"UniqueItems\":[{\"Modules\":[{\"SourceActorType\":14,\"Version\":\"0.0.0\",\"ModuleId\":1},{\"CurrentState\":3,\"Version\":\"0.0.0\",\"ModuleId\":3}]}]}]}],\"Modules\":[]},{\"Id\":51,\"Pos\":{\"x\":-988.2569,\"y\":116.917274,\"z\":-40.3821},\"Rot\":{\"y\":-0.7719698,\"w\":0.6356592},\"Storages\":[{\"Version\":\"0.0.0\",\"ItemBlocks\":[{\"ItemId\":482,\"TotalCount\":1,\"UniqueItems\":[{\"Modules\":[{\"SourceActorType\":13,\"Version\":\"0.0.0\",\"ModuleId\":1},{\"CurrentState\":3,\"Version\":\"0.0.0\",\"ModuleId\":3}]}]}]},{\"Version\":\"0.0.0\",\"ItemBlocks\":[]},{\"Version\":\"0.0.0\",\"ItemBlocks\":[]},{\"Version\":\"0.0.0\",\"ItemBlocks\":[]}],\"Modules\":[]},{\"Id\":20,\"Pos\":{\"x\":-990.7764,\"y\":115.733032,\"z\":-39.53485},\"Rot\":{\"y\":0.7830262,\"w\":-0.6219888},\"Storages\":[],\"Modules\":[]},{\"Id\":20,\"Pos\":{\"x\":-990.560364,\"y\":115.733032,\"z\":-40.60534},\"Rot\":{\"y\":0.7708138,\"w\":-0.6370605},\"Storages\":[],\"Modules\":[]},{\"Id\":53,\"Pos\":{\"x\":-1008.55048,\"y\":117.333191,\"z\":-38.3588943},\"Rot\":{\"y\":0.6360333,\"w\":0.771661639},\"Storages\":[],\"Modules\":[]},{\"Id\":53,\"Pos\":{\"x\":-1009.25616,\"y\":121.11142,\"z\":-34.7167},\"Rot\":{\"y\":0.635659933,\"w\":0.7719692},\"Storages\":[],\"Modules\":[]},{\"Id\":53,\"Pos\":{\"x\":-1005.26233,\"y\":118.158043,\"z\":-33.3114433},\"Rot\":{\"y\":0.9953435,\"w\":0.09639191},\"Storages\":[],\"Modules\":[]},{\"Id\":84,\"Pos\":{\"x\":-1006.78888,\"y\":115.73304,\"z\":-35.06075},\"Rot\":{\"y\":0.998249,\"w\":0.05915212},\"Storages\":[{\"Version\":\"0.0.0\",\"ItemBlocks\":[{\"ItemId\":576,\"TotalCount\":6,\"UniqueItems\":[]}]}],\"Modules\":[]},{\"Id\":48,\"Pos\":{\"x\":-991.6606,\"y\":115.733032,\"z\":-40.450798},\"Rot\":{\"y\":0.0787353441,\"w\":-0.996895552},\"Storages\":[],\"Modules\":[]},{\"Id\":66,\"Pos\":{\"x\":-999.9656,\"y\":117.57534,\"z\":-43.59087},\"Rot\":{\"y\":0.995344,\"w\":0.09638699},\"Storages\":[],\"Modules\":[]},{\"Id\":45,\"Pos\":{\"x\":-1014.42236,\"y\":115.4521,\"z\":-17.6843166},\"Rot\":{\"y\":0.75491935,\"w\":0.6558177},\"Storages\":[],\"Modules\":[]},{\"Id\":45,\"Pos\":{\"x\":-1012.33868,\"y\":115.420761,\"z\":-18.1315117},\"Rot\":{\"x\":0.00876679551,\"y\":0.7558917,\"z\":-0.00759195,\"w\":0.654594},\"Storages\":[],\"Modules\":[]},{\"Id\":45,\"Pos\":{\"x\":-1013.64893,\"y\":115.467392,\"z\":-16.273428},\"Rot\":{\"x\":0.00667258026,\"y\":-0.823679,\"z\":-0.009694357,\"w\":0.5669343},\"Storages\":[],\"Modules\":[]},{\"Id\":27,\"Pos\":{\"x\":-998.180847,\"y\":115.2077,\"z\":-54.4315872},\"Rot\":{\"x\":0.08197791,\"y\":0.588535666,\"z\":0.01902468,\"w\":-0.8040793},\"Storages\":[{\"Version\":\"0.0.0\",\"ItemBlocks\":[]}],\"Modules\":[]},{\"Id\":63,\"Pos\":{\"x\":-1028.757,\"y\":116.601074,\"z\":-50.848938},\"Rot\":{\"y\":-0.02921639,\"w\":-0.9995731},\"Storages\":[],\"Modules\":[]},{\"Id\":49,\"Pos\":{\"x\":-989.2091,\"y\":115.733032,\"z\":-40.7191963},\"Rot\":{\"y\":-0.9979091,\"w\":-0.0646327361},\"Storages\":[{\"Version\":\"0.0.0\",\"ItemBlocks\":[]},{\"Version\":\"0.0.0\",\"ItemBlocks\":[]},{\"Version\":\"0.0.0\",\"ItemBlocks\":[]},{\"Version\":\"0.0.0\",\"ItemBlocks\":[]},{\"Version\":\"0.0.0\",\"ItemBlocks\":[{\"ItemId\":508,\"TotalCount\":6,\"UniqueItems\":[]}]},{\"Version\":\"0.0.0\",\"ItemBlocks\":[{\"ItemId\":441,\"TotalCount\":5,\"UniqueItems\":[]}]},{\"Version\":\"0.0.0\",\"ItemBlocks\":[{\"ItemId\":410,\"TotalCount\":10,\"UniqueItems\":[]}]},{\"Version\":\"0.0.0\",\"ItemBlocks\":[{\"ItemId\":479,\"TotalCount\":50,\"UniqueItems\":[]}]},{\"Version\":\"0.0.0\",\"ItemBlocks\":[]},{\"Version\":\"0.0.0\",\"ItemBlocks\":[]},{\"Version\":\"0.0.0\",\"ItemBlocks\":[]},{\"Version\":\"0.0.0\",\"ItemBlocks\":[]}],\"Modules\":[]},{\"Id\":82,\"Pos\":{\"x\":-1008.3634,\"y\":115.733032,\"z\":-37.4970322},\"Rot\":{\"y\":0.62462014,\"w\":0.780928731},\"Storages\":[{\"Version\":\"0.0.0\",\"ItemBlocks\":[{\"ItemId\":474,\"TotalCount\":2,\"UniqueItems\":[{\"Modules\":[{\"Version\":\"0.0.0\"},{\"AmmoType\":474,\"CurrentAmmo\":1,\"WeaponModIds\":[],\"Version\":\"0.0.0\",\"ModuleId\":4}]},{\"Modules\":[{\"Version\":\"0.0.0\"}]}]}]}],\"Modules\":[]},{\"Id\":82,\"Pos\":{\"x\":-1008.16461,\"y\":115.733032,\"z\":-38.499485},\"Rot\":{\"y\":0.6335985,\"w\":0.773662031},\"Storages\":[{\"Version\":\"0.0.0\",\"ItemBlocks\":[{\"ItemId\":474,\"TotalCount\":2,\"UniqueItems\":[{\"Modules\":[{\"Version\":\"0.0.0\"}]},{\"Modules\":[{\"Version\":\"0.0.0\"},{\"AmmoType\":474,\"CurrentAmmo\":1,\"WeaponModIds\":[],\"Version\":\"0.0.0\",\"ModuleId\":4}]}]}]}],\"Modules\":[]},{\"Id\":54,\"Pos\":{\"x\":-999.682068,\"y\":117.937828,\"z\":-27.3023968},\"Rot\":{\"y\":-0.969626069,\"w\":0.24459216},\"Storages\":[],\"Modules\":[]},{\"Id\":53,\"Pos\":{\"x\":-995.586,\"y\":117.39502,\"z\":-35.9865837},\"Rot\":{\"y\":0.9954614,\"w\":0.09516615},\"Storages\":[],\"Modules\":[]},{\"Id\":53,\"Pos\":{\"x\":-998.883057,\"y\":119.824341,\"z\":-40.85777},\"Rot\":{\"y\":0.611142337,\"w\":0.7915207},\"Storages\":[],\"Modules\":[]},{\"Id\":53,\"Pos\":{\"x\":-985.6806,\"y\":117.403152,\"z\":-40.2752151},\"Rot\":{\"y\":-0.298916042,\"w\":0.9542794},\"Storages\":[],\"Modules\":[]},{\"Id\":45,\"Pos\":{\"x\":-1005.80212,\"y\":115.291245,\"z\":-58.9567146},\"Rot\":{\"y\":0.767061353,\"w\":-0.6415737},\"Storages\":[],\"Modules\":[]},{\"Id\":45,\"Pos\":{\"x\":-1003.53937,\"y\":115.291245,\"z\":-58.7606621},\"Rot\":{\"y\":0.726222038,\"w\":-0.687460244},\"Storages\":[],\"Modules\":[]},{\"Id\":45,\"Pos\":{\"x\":-1000.38745,\"y\":115.4054,\"z\":-60.8508377},\"Rot\":{\"x\":0.0321626626,\"y\":0.5405436,\"z\":0.07987709,\"w\":-0.836897731},\"Storages\":[],\"Modules\":[]},{\"Id\":45,\"Pos\":{\"x\":-1001.36084,\"y\":115.400505,\"z\":-59.2640076},\"Rot\":{\"x\":-0.06781692,\"y\":0.555507958,\"z\":0.0740509555,\"w\":-0.825426161},\"Storages\":[],\"Modules\":[]},{\"Id\":49,\"Pos\":{\"x\":-993.293457,\"y\":118.433029,\"z\":-41.55256},\"Rot\":{\"y\":0.0916977152,\"w\":-0.9957869},\"Storages\":[{\"Version\":\"0.0.0\",\"ItemBlocks\":[{\"ItemId\":504,\"TotalCount\":3,\"UniqueItems\":[]}]},{\"Version\":\"0.0.0\",\"ItemBlocks\":[{\"ItemId\":414,\"TotalCount\":6,\"UniqueItems\":[]}]},{\"Version\":\"0.0.0\",\"ItemBlocks\":[{\"ItemId\":414,\"TotalCount\":6,\"UniqueItems\":[]}]},{\"Version\":\"0.0.0\",\"ItemBlocks\":[]},{\"Version\":\"0.0.0\",\"ItemBlocks\":[{\"ItemId\":517,\"TotalCount\":1,\"UniqueItems\":[{\"Modules\":[{\"RecipeId\":-1,\"Version\":\"0.0.0\",\"ModuleId\":7}]}]}]},{\"Version\":\"0.0.0\",\"ItemBlocks\":[{\"ItemId\":466,\"TotalCount\":4,\"UniqueItems\":[{\"Modules\":[{\"CurrentState\":3,\"Version\":\"0.0.0\",\"ModuleId\":3}]},{\"Modules\":[{\"CurrentState\":3,\"Version\":\"0.0.0\",\"ModuleId\":3}]},{\"Modules\":[{\"CurrentState\":3,\"Version\":\"0.0.0\",\"ModuleId\":3}]},{\"Modules\":[{\"CurrentState\":3,\"Version\":\"0.0.0\",\"ModuleId\":3}]}]}]},{\"Version\":\"0.0.0\",\"ItemBlocks\":[{\"ItemId\":635,\"TotalCount\":8,\"UniqueItems\":[]}]},{\"Version\":\"0.0.0\",\"ItemBlocks\":[{\"ItemId\":403,\"TotalCount\":8,\"UniqueItems\":[]}]},{\"Version\":\"0.0.0\",\"ItemBlocks\":[]},{\"Version\":\"0.0.0\",\"ItemBlocks\":[{\"ItemId\":504,\"TotalCount\":4,\"UniqueItems\":[]}]},{\"Version\":\"0.0.0\",\"ItemBlocks\":[{\"ItemId\":504,\"TotalCount\":4,\"UniqueItems\":[]}]},{\"Version\":\"0.0.0\",\"ItemBlocks\":[{\"ItemId\":504,\"TotalCount\":4,\"UniqueItems\":[]}]}],\"Modules\":[]},{\"Id\":49,\"Pos\":{\"x\":-994.713867,\"y\":118.433029,\"z\":-41.83795},\"Rot\":{\"y\":0.103342153,\"w\":-0.9946459},\"Storages\":[{\"Version\":\"0.0.0\",\"ItemBlocks\":[{\"ItemId\":403,\"TotalCount\":8,\"UniqueItems\":[]}]},{\"Version\":\"0.0.0\",\"ItemBlocks\":[{\"ItemId\":420,\"TotalCount\":3,\"UniqueItems\":[]}]},{\"Version\":\"0.0.0\",\"ItemBlocks\":[{\"ItemId\":381,\"TotalCount\":4,\"UniqueItems\":[]}]},{\"Version\":\"0.0.0\",\"ItemBlocks\":[{\"ItemId\":440,\"TotalCount\":10,\"UniqueItems\":[]}]},{\"Version\":\"0.0.0\",\"ItemBlocks\":[{\"ItemId\":390,\"TotalCount\":400,\"UniqueItems\":[]}]},{\"Version\":\"0.0.0\",\"ItemBlocks\":[{\"ItemId\":418,\"TotalCount\":12,\"UniqueItems\":[]}]},{\"Version\":\"0.0.0\",\"ItemBlocks\":[{\"ItemId\":418,\"TotalCount\":12,\"UniqueItems\":[]}]},{\"Version\":\"0.0.0\",\"ItemBlocks\":[{\"ItemId\":403,\"TotalCount\":8,\"UniqueItems\":[]}]},{\"Version\":\"0.0.0\",\"ItemBlocks\":[{\"ItemId\":496,\"TotalCount\":100,\"UniqueItems\":[]}]},{\"Version\":\"0.0.0\",\"ItemBlocks\":[{\"ItemId\":416,\"TotalCount\":5,\"UniqueItems\":[]}]},{\"Version\":\"0.0.0\",\"ItemBlocks\":[{\"ItemId\":403,\"TotalCount\":8,\"UniqueItems\":[]}]},{\"Version\":\"0.0.0\",\"ItemBlocks\":[{\"ItemId\":420,\"TotalCount\":2,\"UniqueItems\":[]}]}],\"Modules\":[]},{\"Id\":49,\"Pos\":{\"x\":-996.141846,\"y\":118.433029,\"z\":-42.1630478},\"Rot\":{\"y\":0.103150547,\"w\":-0.9946658},\"Storages\":[{\"Version\":\"0.0.0\",\"ItemBlocks\":[{\"ItemId\":420,\"TotalCount\":3,\"UniqueItems\":[]}]},{\"Version\":\"0.0.0\",\"ItemBlocks\":[{\"ItemId\":420,\"TotalCount\":1,\"UniqueItems\":[]}]},{\"Version\":\"0.0.0\",\"ItemBlocks\":[{\"ItemId\":560,\"TotalCount\":1,\"UniqueItems\":[]}]},{\"Version\":\"0.0.0\",\"ItemBlocks\":[{\"ItemId\":390,\"TotalCount\":200,\"UniqueItems\":[]}]},{\"Version\":\"0.0.0\",\"ItemBlocks\":[{\"ItemId\":523,\"TotalCount\":4,\"UniqueItems\":[]}]},{\"Version\":\"0.0.0\",\"ItemBlocks\":[{\"ItemId\":439,\"TotalCount\":2,\"UniqueItems\":[]}]},{\"Version\":\"0.0.0\",\"ItemBlocks\":[{\"ItemId\":523,\"TotalCount\":4,\"UniqueItems\":[]}]},{\"Version\":\"0.0.0\",\"ItemBlocks\":[{\"ItemId\":403,\"TotalCount\":8,\"UniqueItems\":[]}]},{\"Version\":\"0.0.0\",\"ItemBlocks\":[{\"ItemId\":418,\"TotalCount\":7,\"UniqueItems\":[]}]},{\"Version\":\"0.0.0\",\"ItemBlocks\":[{\"ItemId\":403,\"TotalCount\":7,\"UniqueItems\":[]}]},{\"Version\":\"0.0.0\",\"ItemBlocks\":[{\"ItemId\":401,\"TotalCount\":4,\"UniqueItems\":[]}]},{\"Version\":\"0.0.0\",\"ItemBlocks\":[{\"ItemId\":410,\"TotalCount\":10,\"UniqueItems\":[]}]}],\"Modules\":[]},{\"Id\":51,\"Pos\":{\"x\":-999.0419,\"y\":120.448265,\"z\":-39.7003021},\"Rot\":{\"y\":0.635669,\"w\":0.771961749},\"Storages\":[{\"Version\":\"0.0.0\",\"ItemBlocks\":[{\"ItemId\":388,\"TotalCount\":5,\"UniqueItems\":[]}]},{\"Version\":\"0.0.0\",\"ItemBlocks\":[{\"ItemId\":417,\"TotalCount\":3,\"UniqueItems\":[]}]},{\"Version\":\"0.0.0\",\"ItemBlocks\":[{\"ItemId\":381,\"TotalCount\":5,\"UniqueItems\":[]}]},{\"Version\":\"0.0.0\",\"ItemBlocks\":[{\"ItemId\":417,\"TotalCount\":2,\"UniqueItems\":[]}]}],\"Modules\":[]},{\"Id\":51,\"Pos\":{\"x\":-999.458557,\"y\":120.3242,\"z\":-37.6502037},\"Rot\":{\"y\":0.6356624,\"w\":0.771967232},\"Storages\":[{\"Version\":\"0.0.0\",\"ItemBlocks\":[{\"ItemId\":419,\"TotalCount\":10,\"UniqueItems\":[]}]},{\"Version\":\"0.0.0\",\"ItemBlocks\":[{\"ItemId\":508,\"TotalCount\":4,\"UniqueItems\":[]}]},{\"Version\":\"0.0.0\",\"ItemBlocks\":[{\"ItemId\":419,\"TotalCount\":10,\"UniqueItems\":[]}]},{\"Version\":\"0.0.0\",\"ItemBlocks\":[{\"ItemId\":410,\"TotalCount\":1,\"UniqueItems\":[]}]}],\"Modules\":[]},{\"Id\":51,\"Pos\":{\"x\":-999.439,\"y\":118.948235,\"z\":-37.720108},\"Rot\":{\"y\":0.6356562,\"w\":0.7719723},\"Storages\":[{\"Version\":\"0.0.0\",\"ItemBlocks\":[]},{\"Version\":\"0.0.0\",\"ItemBlocks\":[{\"ItemId\":414,\"TotalCount\":6,\"UniqueItems\":[]}]},{\"Version\":\"0.0.0\",\"ItemBlocks\":[{\"ItemId\":523,\"TotalCount\":2,\"UniqueItems\":[]}]},{\"Version\":\"0.0.0\",\"ItemBlocks\":[{\"ItemId\":415,\"TotalCount\":20,\"UniqueItems\":[]}]}],\"Modules\":[]},{\"Id\":56,\"Pos\":{\"x\":-996.7882,\"y\":115.733032,\"z\":-34.7872124},\"Rot\":{\"y\":0.7955817,\"w\":-0.605846345},\"Storages\":[],\"Modules\":[]},{\"Id\":56,\"Pos\":{\"x\":-996.7042,\"y\":115.73304,\"z\":-33.93888},\"Rot\":{\"y\":0.7173257,\"w\":0.696738064},\"Storages\":[],\"Modules\":[]},{\"Id\":56,\"Pos\":{\"x\":-997.8256,\"y\":115.733032,\"z\":-35.1587257},\"Rot\":{\"y\":0.993050754,\"w\":0.1176868},\"Storages\":[],\"Modules\":[]},{\"Id\":51,\"Pos\":{\"x\":-999.445862,\"y\":119.559258,\"z\":-37.66971},\"Rot\":{\"y\":0.6356595,\"w\":0.771969557},\"Storages\":[{\"Version\":\"0.0.0\",\"ItemBlocks\":[{\"ItemId\":438,\"TotalCount\":6,\"UniqueItems\":[]}]},{\"Version\":\"0.0.0\",\"ItemBlocks\":[{\"ItemId\":523,\"TotalCount\":4,\"UniqueItems\":[]}]},{\"Version\":\"0.0.0\",\"ItemBlocks\":[{\"ItemId\":508,\"TotalCount\":6,\"UniqueItems\":[]}]},{\"Version\":\"0.0.0\",\"ItemBlocks\":[{\"ItemId\":434,\"TotalCount\":6,\"UniqueItems\":[]}]}],\"Modules\":[]},{\"Id\":36,\"Pos\":{\"x\":-999.100159,\"y\":118.432419,\"z\":-38.9242821},\"Rot\":{\"y\":-0.6788603,\"w\":-0.7342675},\"Storages\":[{\"Version\":\"0.0.0\",\"ItemBlocks\":[{\"ItemId\":593,\"TotalCount\":1,\"UniqueItems\":[]}]},{\"Version\":\"0.0.0\",\"ItemBlocks\":[{\"ItemId\":593,\"TotalCount\":1,\"UniqueItems\":[]}]},{\"Version\":\"0.0.0\",\"ItemBlocks\":[{\"ItemId\":593,\"TotalCount\":1,\"UniqueItems\":[]}]},{\"Version\":\"0.0.0\",\"ItemBlocks\":[{\"ItemId\":593,\"TotalCount\":1,\"UniqueItems\":[]}]},{\"Version\":\"0.0.0\",\"ItemBlocks\":[{\"ItemId\":593,\"TotalCount\":1,\"UniqueItems\":[]}]},{\"Version\":\"0.0.0\",\"ItemBlocks\":[]},{\"Version\":\"0.0.0\",\"ItemBlocks\":[]},{\"Version\":\"0.0.0\",\"ItemBlocks\":[]},{\"Version\":\"0.0.0\",\"ItemBlocks\":[]},{\"Version\":\"0.0.0\",\"ItemBlocks\":[]}],\"Modules\":[]},{\"Id\":49,\"Pos\":{\"x\":-997.5671,\"y\":118.433029,\"z\":-42.3916168},\"Rot\":{\"y\":0.102167517,\"w\":-0.994767249},\"Storages\":[{\"Version\":\"0.0.0\",\"ItemBlocks\":[{\"ItemId\":502,\"TotalCount\":45,\"UniqueItems\":[]}]},{\"Version\":\"0.0.0\",\"ItemBlocks\":[{\"ItemId\":418,\"TotalCount\":2,\"UniqueItems\":[]}]},{\"Version\":\"0.0.0\",\"ItemBlocks\":[]},{\"Version\":\"0.0.0\",\"ItemBlocks\":[]},{\"Version\":\"0.0.0\",\"ItemBlocks\":[{\"ItemId\":496,\"TotalCount\":15,\"UniqueItems\":[]}]},{\"Version\":\"0.0.0\",\"ItemBlocks\":[{\"ItemId\":496,\"TotalCount\":100,\"UniqueItems\":[]}]},{\"Version\":\"0.0.0\",\"ItemBlocks\":[{\"ItemId\":410,\"TotalCount\":2,\"UniqueItems\":[]}]},{\"Version\":\"0.0.0\",\"ItemBlocks\":[{\"ItemId\":418,\"TotalCount\":12,\"UniqueItems\":[]}]},{\"Version\":\"0.0.0\",\"ItemBlocks\":[{\"ItemId\":403,\"TotalCount\":1,\"UniqueItems\":[]}]},{\"Version\":\"0.0.0\",\"ItemBlocks\":[]},{\"Version\":\"0.0.0\",\"ItemBlocks\":[{\"ItemId\":403,\"TotalCount\":5,\"UniqueItems\":[]}]},{\"Version\":\"0.0.0\",\"ItemBlocks\":[]}],\"Modules\":[]},{\"Id\":49,\"Pos\":{\"x\":-998.497864,\"y\":118.433029,\"z\":-41.5805969},\"Rot\":{\"y\":-0.612303138,\"w\":-0.7906231},\"Storages\":[{\"Version\":\"0.0.0\",\"ItemBlocks\":[{\"ItemId\":419,\"TotalCount\":10,\"UniqueItems\":[]}]},{\"Version\":\"0.0.0\",\"ItemBlocks\":[{\"ItemId\":635,\"TotalCount\":7,\"UniqueItems\":[]}]},{\"Version\":\"0.0.0\",\"ItemBlocks\":[{\"ItemId\":403,\"TotalCount\":4,\"UniqueItems\":[]}]},{\"Version\":\"0.0.0\",\"ItemBlocks\":[{\"ItemId\":523,\"TotalCount\":3,\"UniqueItems\":[]}]},{\"Version\":\"0.0.0\",\"ItemBlocks\":[{\"ItemId\":403,\"TotalCount\":8,\"UniqueItems\":[]}]},{\"Version\":\"0.0.0\",\"ItemBlocks\":[{\"ItemId\":419,\"TotalCount\":10,\"UniqueItems\":[]}]},{\"Version\":\"0.0.0\",\"ItemBlocks\":[{\"ItemId\":390,\"TotalCount\":450,\"UniqueItems\":[]}]},{\"Version\":\"0.0.0\",\"ItemBlocks\":[{\"ItemId\":410,\"TotalCount\":8,\"UniqueItems\":[]}]},{\"Version\":\"0.0.0\",\"ItemBlocks\":[{\"ItemId\":496,\"TotalCount\":100,\"UniqueItems\":[]}]},{\"Version\":\"0.0.0\",\"ItemBlocks\":[{\"ItemId\":504,\"TotalCount\":4,\"UniqueItems\":[]}]},{\"Version\":\"0.0.0\",\"ItemBlocks\":[{\"ItemId\":417,\"TotalCount\":3,\"UniqueItems\":[]}]},{\"Version\":\"0.0.0\",\"ItemBlocks\":[{\"ItemId\":417,\"TotalCount\":3,\"UniqueItems\":[]}]}],\"Modules\":[]},{\"Id\":49,\"Pos\":{\"x\":-993.285767,\"y\":118.433029,\"z\":-38.2640343},\"Rot\":{\"y\":0.7622007,\"w\":-0.647340834},\"Storages\":[{\"Version\":\"0.0.0\",\"ItemBlocks\":[]},{\"Version\":\"0.0.0\",\"ItemBlocks\":[]},{\"Version\":\"0.0.0\",\"ItemBlocks\":[]},{\"Version\":\"0.0.0\",\"ItemBlocks\":[]},{\"Version\":\"0.0.0\",\"ItemBlocks\":[]},{\"Version\":\"0.0.0\",\"ItemBlocks\":[]},{\"Version\":\"0.0.0\",\"ItemBlocks\":[]},{\"Version\":\"0.0.0\",\"ItemBlocks\":[]},{\"Version\":\"0.0.0\",\"ItemBlocks\":[]},{\"Version\":\"0.0.0\",\"ItemBlocks\":[]},{\"Version\":\"0.0.0\",\"ItemBlocks\":[]},{\"Version\":\"0.0.0\",\"ItemBlocks\":[]}],\"Modules\":[]},{\"Id\":49,\"Pos\":{\"x\":-992.9021,\"y\":118.433029,\"z\":-40.1094666},\"Rot\":{\"y\":0.7611571,\"w\":-0.6485676},\"Storages\":[{\"Version\":\"0.0.0\",\"ItemBlocks\":[]},{\"Version\":\"0.0.0\",\"ItemBlocks\":[]},{\"Version\":\"0.0.0\",\"ItemBlocks\":[]},{\"Version\":\"0.0.0\",\"ItemBlocks\":[]},{\"Version\":\"0.0.0\",\"ItemBlocks\":[]},{\"Version\":\"0.0.0\",\"ItemBlocks\":[]},{\"Version\":\"0.0.0\",\"ItemBlocks\":[]},{\"Version\":\"0.0.0\",\"ItemBlocks\":[]},{\"Version\":\"0.0.0\",\"ItemBlocks\":[{\"ItemId\":504,\"TotalCount\":2,\"UniqueItems\":[]}]},{\"Version\":\"0.0.0\",\"ItemBlocks\":[]},{\"Version\":\"0.0.0\",\"ItemBlocks\":[]},{\"Version\":\"0.0.0\",\"ItemBlocks\":[]}],\"Modules\":[]},{\"Id\":21,\"Pos\":{\"x\":-1008.481,\"y\":115.46244,\"z\":-15.1812},\"Rot\":{\"x\":0.0209457185,\"y\":0.9989732,\"z\":0.0336524323,\"w\":-0.0219424739},\"Storages\":[],\"Modules\":[]},{\"Id\":22,\"Pos\":{\"x\":-1006.71655,\"y\":121.13253,\"z\":-43.7485275},\"Rot\":{\"y\":0.626190662,\"w\":0.77966994},\"Storages\":[],\"Modules\":[]},{\"Id\":53,\"Pos\":{\"x\":-996.6504,\"y\":117.358315,\"z\":-42.35819},\"Rot\":{\"y\":-0.09638783,\"w\":0.995343864},\"Storages\":[],\"Modules\":[]},{\"Id\":32,\"Pos\":{\"x\":-992.412048,\"y\":115.733032,\"z\":-36.822773},\"Rot\":{\"y\":0.647681952,\"w\":0.761910856},\"Storages\":[{\"Version\":\"0.0.0\",\"ItemBlocks\":[{\"ItemId\":405,\"TotalCount\":12,\"UniqueItems\":[]}]}],\"Modules\":[]},{\"Id\":32,\"Pos\":{\"x\":-992.588562,\"y\":115.733032,\"z\":-35.6768074},\"Rot\":{\"y\":0.612644255,\"w\":0.7903588},\"Storages\":[{\"Version\":\"0.0.0\",\"ItemBlocks\":[{\"ItemId\":405,\"TotalCount\":2,\"UniqueItems\":[]}]}],\"Modules\":[]},{\"Id\":49,\"Pos\":{\"x\":-994.458557,\"y\":115.733032,\"z\":-35.8252335},\"Rot\":{\"y\":-0.994912744,\"w\":-0.10074079},\"Storages\":[{\"Version\":\"0.0.0\",\"ItemBlocks\":[]},{\"Version\":\"0.0.0\",\"ItemBlocks\":[]},{\"Version\":\"0.0.0\",\"ItemBlocks\":[]},{\"Version\":\"0.0.0\",\"ItemBlocks\":[]},{\"Version\":\"0.0.0\",\"ItemBlocks\":[{\"ItemId\":425,\"TotalCount\":4,\"UniqueItems\":[]}]},{\"Version\":\"0.0.0\",\"ItemBlocks\":[{\"ItemId\":438,\"TotalCount\":5,\"UniqueItems\":[]}]},{\"Version\":\"0.0.0\",\"ItemBlocks\":[{\"ItemId\":439,\"TotalCount\":6,\"UniqueItems\":[]}]},{\"Version\":\"0.0.0\",\"ItemBlocks\":[{\"ItemId\":441,\"TotalCount\":5,\"UniqueItems\":[]}]},{\"Version\":\"0.0.0\",\"ItemBlocks\":[{\"ItemId\":421,\"TotalCount\":2,\"UniqueItems\":[]}]},{\"Version\":\"0.0.0\",\"ItemBlocks\":[]},{\"Version\":\"0.0.0\",\"ItemBlocks\":[]},{\"Version\":\"0.0.0\",\"ItemBlocks\":[]}],\"Modules\":[]},{\"Id\":51,\"Pos\":{\"x\":-996.6929,\"y\":117.82811,\"z\":-36.24462},\"Rot\":{\"y\":0.9953394,\"w\":0.0964341238},\"Storages\":[{\"Version\":\"0.0.0\",\"ItemBlocks\":[]},{\"Version\":\"0.0.0\",\"ItemBlocks\":[]},{\"Version\":\"0.0.0\",\"ItemBlocks\":[]},{\"Version\":\"0.0.0\",\"ItemBlocks\":[]}],\"Modules\":[]},{\"Id\":51,\"Pos\":{\"x\":-996.687134,\"y\":117.227867,\"z\":-36.2660866},\"Rot\":{\"y\":0.9953463,\"w\":0.09636271},\"Storages\":[{\"Version\":\"0.0.0\",\"ItemBlocks\":[]},{\"Version\":\"0.0.0\",\"ItemBlocks\":[]},{\"Version\":\"0.0.0\",\"ItemBlocks\":[]},{\"Version\":\"0.0.0\",\"ItemBlocks\":[]}],\"Modules\":[]},{\"Id\":49,\"Pos\":{\"x\":-986.5264,\"y\":115.733047,\"z\":-40.2610664},\"Rot\":{\"y\":0.07721185,\"w\":-0.9970147},\"Storages\":[{\"Version\":\"0.0.0\",\"ItemBlocks\":[]},{\"Version\":\"0.0.0\",\"ItemBlocks\":[]},{\"Version\":\"0.0.0\",\"ItemBlocks\":[]},{\"Version\":\"0.0.0\",\"ItemBlocks\":[]},{\"Version\":\"0.0.0\",\"ItemBlocks\":[]},{\"Version\":\"0.0.0\",\"ItemBlocks\":[]},{\"Version\":\"0.0.0\",\"ItemBlocks\":[]},{\"Version\":\"0.0.0\",\"ItemBlocks\":[]},{\"Version\":\"0.0.0\",\"ItemBlocks\":[{\"ItemId\":434,\"TotalCount\":6,\"UniqueItems\":[]}]},{\"Version\":\"0.0.0\",\"ItemBlocks\":[{\"ItemId\":434,\"TotalCount\":6,\"UniqueItems\":[]}]},{\"Version\":\"0.0.0\",\"ItemBlocks\":[{\"ItemId\":434,\"TotalCount\":1,\"UniqueItems\":[]}]},{\"Version\":\"0.0.0\",\"ItemBlocks\":[]}],\"Modules\":[]},{\"Id\":48,\"Pos\":{\"x\":-1002.69788,\"y\":115.733032,\"z\":-35.2781372},\"Rot\":{\"y\":0.995525658,\"w\":0.09449198},\"Storages\":[],\"Modules\":[]},{\"Id\":51,\"Pos\":{\"x\":-996.7093,\"y\":116.459953,\"z\":-36.24603},\"Rot\":{\"y\":0.9953384,\"w\":0.09644478},\"Storages\":[{\"Version\":\"0.0.0\",\"ItemBlocks\":[]},{\"Version\":\"0.0.0\",\"ItemBlocks\":[]},{\"Version\":\"0.0.0\",\"ItemBlocks\":[]},{\"Version\":\"0.0.0\",\"ItemBlocks\":[]}],\"Modules\":[]},{\"Id\":49,\"Pos\":{\"x\":-986.6816,\"y\":115.733047,\"z\":-37.4753876},\"Rot\":{\"y\":0.758475959,\"w\":-0.6517011},\"Storages\":[{\"Version\":\"0.0.0\",\"ItemBlocks\":[]},{\"Version\":\"0.0.0\",\"ItemBlocks\":[]},{\"Version\":\"0.0.0\",\"ItemBlocks\":[]},{\"Version\":\"0.0.0\",\"ItemBlocks\":[]},{\"Version\":\"0.0.0\",\"ItemBlocks\":[{\"ItemId\":517,\"TotalCount\":1,\"UniqueItems\":[{\"Modules\":[{\"RecipeId\":-1,\"Version\":\"0.0.0\",\"ModuleId\":7}]}]}]},{\"Version\":\"0.0.0\",\"ItemBlocks\":[{\"ItemId\":517,\"TotalCount\":1,\"UniqueItems\":[{\"Modules\":[{\"RecipeId\":-752923139,\"CurrentVolume\":2000,\"Version\":\"0.0.0\",\"ModuleId\":7}]}]}]},{\"Version\":\"0.0.0\",\"ItemBlocks\":[{\"ItemId\":517,\"TotalCount\":1,\"UniqueItems\":[{\"Modules\":[{\"RecipeId\":-1,\"Version\":\"0.0.0\",\"ModuleId\":7}]}]}]},{\"Version\":\"0.0.0\",\"ItemBlocks\":[{\"ItemId\":517,\"TotalCount\":1,\"UniqueItems\":[{\"Modules\":[{\"RecipeId\":-1,\"Version\":\"0.0.0\",\"ModuleId\":7}]}]}]},{\"Version\":\"0.0.0\",\"ItemBlocks\":[{\"ItemId\":517,\"TotalCount\":1,\"UniqueItems\":[{\"Modules\":[{\"RecipeId\":-1,\"Version\":\"0.0.0\",\"ModuleId\":7}]}]}]},{\"Version\":\"0.0.0\",\"ItemBlocks\":[]},{\"Version\":\"0.0.0\",\"ItemBlocks\":[]},{\"Version\":\"0.0.0\",\"ItemBlocks\":[]}],\"Modules\":[]},{\"Id\":49,\"Pos\":{\"x\":-986.9843,\"y\":115.733047,\"z\":-35.52799},\"Rot\":{\"y\":0.769471049,\"w\":-0.63868165},\"Storages\":[{\"Version\":\"0.0.0\",\"ItemBlocks\":[]},{\"Version\":\"0.0.0\",\"ItemBlocks\":[]},{\"Version\":\"0.0.0\",\"ItemBlocks\":[]},{\"Version\":\"0.0.0\",\"ItemBlocks\":[]},{\"Version\":\"0.0.0\",\"ItemBlocks\":[{\"ItemId\":420,\"TotalCount\":3,\"UniqueItems\":[]}]},{\"Version\":\"0.0.0\",\"ItemBlocks\":[{\"ItemId\":403,\"TotalCount\":4,\"UniqueItems\":[]}]},{\"Version\":\"0.0.0\",\"ItemBlocks\":[{\"ItemId\":390,\"TotalCount\":200,\"UniqueItems\":[]}]},{\"Version\":\"0.0.0\",\"ItemBlocks\":[{\"ItemId\":504,\"TotalCount\":2,\"UniqueItems\":[]}]},{\"Version\":\"0.0.0\",\"ItemBlocks\":[]},{\"Version\":\"0.0.0\",\"ItemBlocks\":[]},{\"Version\":\"0.0.0\",\"ItemBlocks\":[]},{\"Version\":\"0.0.0\",\"ItemBlocks\":[]}],\"Modules\":[]},{\"Id\":51,\"Pos\":{\"x\":-995.4574,\"y\":117.478867,\"z\":-42.1365852},\"Rot\":{\"y\":-0.09638699,\"w\":0.995344},\"Storages\":[{\"Version\":\"0.0.0\",\"ItemBlocks\":[]},{\"Version\":\"0.0.0\",\"ItemBlocks\":[]},{\"Version\":\"0.0.0\",\"ItemBlocks\":[]},{\"Version\":\"0.0.0\",\"ItemBlocks\":[]}],\"Modules\":[]},{\"Id\":62,\"Pos\":{\"x\":-1027.15369,\"y\":116.525978,\"z\":-45.4749451},\"Rot\":{\"x\":-0.0412733555,\"y\":0.676896453,\"z\":-0.0101512093,\"w\":-0.734850168},\"Storages\":[{\"Version\":\"0.0.0\",\"ItemBlocks\":[{\"ItemId\":640,\"TotalCount\":28,\"UniqueItems\":[]}]}],\"Modules\":[]},{\"Id\":62,\"Pos\":{\"x\":-1026.89063,\"y\":116.408539,\"z\":-43.2081642},\"Rot\":{\"x\":-0.0576167,\"y\":0.699021339,\"z\":-0.008585903,\"w\":-0.7127242},\"Storages\":[{\"Version\":\"0.0.0\",\"ItemBlocks\":[{\"ItemId\":640,\"TotalCount\":26,\"UniqueItems\":[]}]}],\"Modules\":[]},{\"Id\":31,\"Pos\":{\"x\":-1026.95142,\"y\":115.974121,\"z\":-39.0290146},\"Rot\":{\"x\":0.008844285,\"y\":0.7001917,\"z\":0.041236423,\"w\":0.7127083},\"Storages\":[{\"Version\":\"0.0.0\",\"ItemBlocks\":[{\"ItemId\":393,\"TotalCount\":10,\"UniqueItems\":[]}]}],\"Modules\":[]},{\"Id\":31,\"Pos\":{\"x\":-1026.784,\"y\":115.889923,\"z\":-37.8618622},\"Rot\":{\"x\":0.000271460071,\"y\":-0.70739007,\"z\":-0.04992858,\"w\":-0.7050578},\"Storages\":[{\"Version\":\"0.0.0\",\"ItemBlocks\":[{\"ItemId\":393,\"TotalCount\":17,\"UniqueItems\":[]}]}],\"Modules\":[]},{\"Id\":31,\"Pos\":{\"x\":-1026.605,\"y\":115.814209,\"z\":-36.61024},\"Rot\":{\"x\":-0.04992675,\"y\":0.719522536,\"z\":0.0007602144,\"w\":-0.6926717},\"Storages\":[{\"Version\":\"0.0.0\",\"ItemBlocks\":[{\"ItemId\":393,\"TotalCount\":17,\"UniqueItems\":[]}]}],\"Modules\":[]},{\"Id\":45,\"Pos\":{\"x\":-1008.99707,\"y\":115.284843,\"z\":-19.727623},\"Rot\":{\"x\":0.008012342,\"y\":0.5988892,\"z\":-0.009130224,\"w\":-0.8007398},\"Storages\":[],\"Modules\":[]},{\"Id\":63,\"Pos\":{\"x\":-1009.57568,\"y\":115.291245,\"z\":-32.024807},\"Rot\":{\"y\":0.9972494,\"w\":0.07411861},\"Storages\":[],\"Modules\":[]},{\"Id\":36,\"Pos\":{\"x\":-998.8861,\"y\":118.432823,\"z\":-40.3502541},\"Rot\":{\"y\":-0.661953151,\"w\":-0.7495453},\"Storages\":[{\"Version\":\"0.0.0\",\"ItemBlocks\":[{\"ItemId\":593,\"TotalCount\":1,\"UniqueItems\":[]}]},{\"Version\":\"0.0.0\",\"ItemBlocks\":[{\"ItemId\":593,\"TotalCount\":1,\"UniqueItems\":[]}]},{\"Version\":\"0.0.0\",\"ItemBlocks\":[]},{\"Version\":\"0.0.0\",\"ItemBlocks\":[]},{\"Version\":\"0.0.0\",\"ItemBlocks\":[]},{\"Version\":\"0.0.0\",\"ItemBlocks\":[]},{\"Version\":\"0.0.0\",\"ItemBlocks\":[]},{\"Version\":\"0.0.0\",\"ItemBlocks\":[]},{\"Version\":\"0.0.0\",\"ItemBlocks\":[]},{\"Version\":\"0.0.0\",\"ItemBlocks\":[]}],\"Modules\":[]},{\"Id\":51,\"Pos\":{\"x\":-998.6476,\"y\":117.722755,\"z\":-41.7051926},\"Rot\":{\"y\":0.635654151,\"w\":0.771973968},\"Storages\":[{\"Version\":\"0.0.0\",\"ItemBlocks\":[]},{\"Version\":\"0.0.0\",\"ItemBlocks\":[]},{\"Version\":\"0.0.0\",\"ItemBlocks\":[]},{\"Version\":\"0.0.0\",\"ItemBlocks\":[]}],\"Modules\":[]},{\"Id\":106,\"Pos\":{\"x\":-981.9554,\"y\":116.236595,\"z\":-49.15538},\"Rot\":{\"y\":-0.9716444,\"w\":-0.236447},\"Storages\":[{\"Version\":\"0.0.0\",\"ItemBlocks\":[{\"ItemId\":728,\"TotalCount\":6,\"UniqueItems\":[{\"Modules\":[{\"Version\":\"0.0.0\",\"ModuleId\":6}]},{\"Modules\":[{\"Version\":\"0.0.0\",\"ModuleId\":6}]},{\"Modules\":[{\"Version\":\"0.0.0\",\"ModuleId\":6}]},{\"Modules\":[{\"Version\":\"0.0.0\",\"ModuleId\":6}]},{\"Modules\":[{\"Version\":\"0.0.0\",\"ModuleId\":6}]},{\"Modules\":[{\"Version\":\"0.0.0\",\"ModuleId\":6}]}]}]},{\"Version\":\"0.0.0\",\"ItemBlocks\":[{\"ItemId\":484,\"TotalCount\":12,\"UniqueItems\":[]}]}],\"Modules\":[]},{\"Id\":51,\"Pos\":{\"x\":-998.672363,\"y\":117.137833,\"z\":-41.71113},\"Rot\":{\"y\":0.635654449,\"w\":0.7719737},\"Storages\":[{\"Version\":\"0.0.0\",\"ItemBlocks\":[]},{\"Version\":\"0.0.0\",\"ItemBlocks\":[]},{\"Version\":\"0.0.0\",\"ItemBlocks\":[]},{\"Version\":\"0.0.0\",\"ItemBlocks\":[]}],\"Modules\":[]},{\"Id\":51,\"Pos\":{\"x\":-997.6277,\"y\":117.431961,\"z\":-42.5610657},\"Rot\":{\"y\":-0.09638699,\"w\":0.995344},\"Storages\":[{\"Version\":\"0.0.0\",\"ItemBlocks\":[]},{\"Version\":\"0.0.0\",\"ItemBlocks\":[]},{\"Version\":\"0.0.0\",\"ItemBlocks\":[]},{\"Version\":\"0.0.0\",\"ItemBlocks\":[]}],\"Modules\":[]},{\"Id\":51,\"Pos\":{\"x\":-999.442261,\"y\":117.600166,\"z\":-37.7668571},\"Rot\":{\"y\":0.635665,\"w\":0.771965},\"Storages\":[{\"Version\":\"0.0.0\",\"ItemBlocks\":[]},{\"Version\":\"0.0.0\",\"ItemBlocks\":[]},{\"Version\":\"0.0.0\",\"ItemBlocks\":[]},{\"Version\":\"0.0.0\",\"ItemBlocks\":[]}],\"Modules\":[]},{\"Id\":67,\"Pos\":{\"x\":-1028.35474,\"y\":117.822136,\"z\":-60.266922},\"Rot\":{\"x\":-0.0150749357,\"y\":0.6127028,\"z\":0.129233941,\"w\":-0.7795298},\"Storages\":[{\"Version\":\"0.0.0\",\"ItemBlocks\":[]}],\"Modules\":[]},{\"Id\":57,\"Pos\":{\"x\":-1006.65674,\"y\":115.330307,\"z\":-30.0051956},\"Rot\":{\"x\":0.00189808989,\"y\":0.993908048,\"z\":0.029246239,\"w\":0.106244467},\"Storages\":[],\"Modules\":[]},{\"Id\":62,\"Pos\":{\"x\":-1025.75464,\"y\":116.592537,\"z\":-45.62089},\"Rot\":{\"x\":-0.008370729,\"y\":0.685664952,\"z\":-0.008885304,\"w\":-0.7278149},\"Storages\":[{\"Version\":\"0.0.0\",\"ItemBlocks\":[{\"ItemId\":640,\"TotalCount\":28,\"UniqueItems\":[]}]}],\"Modules\":[]},{\"Id\":62,\"Pos\":{\"x\":-1025.20557,\"y\":116.383362,\"z\":-41.35142},\"Rot\":{\"x\":-0.0743492842,\"y\":0.6863898,\"z\":0.00641103461,\"w\":-0.72339493},\"Storages\":[{\"Version\":\"0.0.0\",\"ItemBlocks\":[{\"ItemId\":640,\"TotalCount\":21,\"UniqueItems\":[]}]}],\"Modules\":[]},{\"Id\":62,\"Pos\":{\"x\":-1025.33337,\"y\":116.540268,\"z\":-43.36622},\"Rot\":{\"x\":-0.0416207835,\"y\":0.677011967,\"z\":0.006782284,\"w\":-0.7347629},\"Storages\":[{\"Version\":\"0.0.0\",\"ItemBlocks\":[{\"ItemId\":640,\"TotalCount\":28,\"UniqueItems\":[]}]}],\"Modules\":[]},{\"Id\":62,\"Pos\":{\"x\":-1026.93311,\"y\":116.187347,\"z\":-41.2627144},\"Rot\":{\"x\":-0.07435954,\"y\":0.684553862,\"z\":0.006222033,\"w\":-0.7251332},\"Storages\":[{\"Version\":\"0.0.0\",\"ItemBlocks\":[{\"ItemId\":640,\"TotalCount\":28,\"UniqueItems\":[]}]}],\"Modules\":[]},{\"Id\":54,\"Pos\":{\"x\":-1006.12775,\"y\":117.937813,\"z\":-28.5749855},\"Rot\":{\"y\":0.52441597,\"w\":-0.8514622},\"Storages\":[],\"Modules\":[]},{\"Id\":55,\"Pos\":{\"x\":-1036.02344,\"y\":129.29451,\"z\":-94.54763},\"Rot\":{\"x\":0.012200363,\"y\":0.987796545,\"z\":0.111032717,\"w\":-0.108539864},\"Storages\":[],\"Modules\":[]},{\"Id\":42,\"Pos\":{\"x\":-1033.16541,\"y\":119.588379,\"z\":-75.04999},\"Rot\":{\"y\":0.994438648,\"w\":-0.105317585},\"Storages\":[],\"Modules\":[]},{\"Id\":67,\"Pos\":{\"x\":-1027.84277,\"y\":117.150841,\"z\":-57.58563},\"Rot\":{\"x\":-0.110902317,\"y\":-0.784978151,\"z\":-0.0306949671,\"w\":-0.6087429},\"Storages\":[{\"Version\":\"0.0.0\",\"ItemBlocks\":[]}],\"Modules\":[]},{\"Id\":29,\"Pos\":{\"x\":-1006.12329,\"y\":115.291245,\"z\":-45.2353249},\"Rot\":{\"y\":-0.994061768,\"w\":-0.108817309},\"Storages\":[{\"Version\":\"0.0.0\",\"ItemBlocks\":[{\"ItemId\":392,\"TotalCount\":27,\"UniqueItems\":[]}]}],\"Modules\":[]},{\"Id\":29,\"Pos\":{\"x\":-1006.96045,\"y\":115.291245,\"z\":-45.4280357},\"Rot\":{\"y\":-0.993187666,\"w\":-0.116525792},\"Storages\":[{\"Version\":\"0.0.0\",\"ItemBlocks\":[{\"ItemId\":392,\"TotalCount\":15,\"UniqueItems\":[]}]}],\"Modules\":[]},{\"Id\":29,\"Pos\":{\"x\":-1005.28662,\"y\":115.291245,\"z\":-45.0710068},\"Rot\":{\"y\":-0.9912198,\"w\":-0.132224455},\"Storages\":[{\"Version\":\"0.0.0\",\"ItemBlocks\":[{\"ItemId\":392,\"TotalCount\":28,\"UniqueItems\":[]}]}],\"Modules\":[]},{\"Id\":29,\"Pos\":{\"x\":-1004.45581,\"y\":115.291245,\"z\":-44.94799},\"Rot\":{\"y\":-0.9913272,\"w\":-0.1314169},\"Storages\":[{\"Version\":\"0.0.0\",\"ItemBlocks\":[{\"ItemId\":392,\"TotalCount\":15,\"UniqueItems\":[]}]}],\"Modules\":[]},{\"Id\":42,\"Pos\":{\"x\":-1040.71826,\"y\":119.588379,\"z\":-71.4767761},\"Rot\":{\"y\":0.825796962,\"w\":-0.563967645},\"Storages\":[],\"Modules\":[{\"StateDataTypeId\":4,\"CapturedAnimalProfileId\":1,\"CapturedAnimalVariationId\":1}]},{\"Id\":42,\"Pos\":{\"x\":-1039.4032,\"y\":119.588379,\"z\":-79.6646652},\"Rot\":{\"y\":0.9875473,\"w\":-0.15732263},\"Storages\":[],\"Modules\":[]},{\"Id\":42,\"Pos\":{\"x\":-1042.73877,\"y\":119.605972,\"z\":-80.0005646},\"Rot\":{\"x\":0.008715399,\"y\":0.726052642,\"z\":0.008394657,\"w\":-0.687532663},\"Storages\":[],\"Modules\":[]},{\"Id\":51,\"Pos\":{\"x\":-999.4498,\"y\":116.922363,\"z\":-37.7576866},\"Rot\":{\"y\":0.635659933,\"w\":0.7719692},\"Storages\":[{\"Version\":\"0.0.0\",\"ItemBlocks\":[]},{\"Version\":\"0.0.0\",\"ItemBlocks\":[]},{\"Version\":\"0.0.0\",\"ItemBlocks\":[]},{\"Version\":\"0.0.0\",\"ItemBlocks\":[]}],\"Modules\":[]},{\"Id\":51,\"Pos\":{\"x\":-999.4155,\"y\":116.324188,\"z\":-37.7367325},\"Rot\":{\"y\":0.635659,\"w\":0.77197},\"Storages\":[{\"Version\":\"0.0.0\",\"ItemBlocks\":[]},{\"Version\":\"0.0.0\",\"ItemBlocks\":[]},{\"Version\":\"0.0.0\",\"ItemBlocks\":[]},{\"Version\":\"0.0.0\",\"ItemBlocks\":[]}],\"Modules\":[]},{\"Id\":84,\"Pos\":{\"x\":-998.5864,\"y\":115.733032,\"z\":-41.0124779},\"Rot\":{\"y\":0.778392851,\"w\":-0.6277775},\"Storages\":[{\"Version\":\"0.0.0\",\"ItemBlocks\":[{\"ItemId\":576,\"TotalCount\":2,\"UniqueItems\":[]}]}],\"Modules\":[]},{\"Id\":27,\"Pos\":{\"x\":-995.3164,\"y\":115.733032,\"z\":-41.54139},\"Rot\":{\"y\":0.998013,\"w\":0.06300834},\"Storages\":[{\"Version\":\"0.0.0\",\"ItemBlocks\":[{\"ItemId\":433,\"TotalCount\":6,\"UniqueItems\":[{\"Modules\":[{\"CurrentState\":1,\"TimeRemainingInState\":8480.272,\"PauseDecay\":true,\"Version\":\"0.0.0\",\"ModuleId\":3}]},{\"Modules\":[{\"CurrentState\":1,\"TimeRemainingInState\":86015.48,\"PauseDecay\":true,\"Version\":\"0.0.0\",\"ModuleId\":3}]},{\"Modules\":[{\"CurrentState\":1,\"TimeRemainingInState\":62733.7031,\"PauseDecay\":true,\"Version\":\"0.0.0\",\"ModuleId\":3}]},{\"Modules\":[{\"CurrentState\":1,\"TimeRemainingInState\":62721.7578,\"PauseDecay\":true,\"Version\":\"0.0.0\",\"ModuleId\":3}]},{\"Modules\":[{\"CurrentState\":1,\"TimeRemainingInState\":66425.125,\"PauseDecay\":true,\"Version\":\"0.0.0\",\"ModuleId\":3}]},{\"Modules\":[{\"CurrentState\":1,\"TimeRemainingInState\":65101.6953,\"PauseDecay\":true,\"Version\":\"0.0.0\",\"ModuleId\":3}]}]}]}],\"Modules\":[]},{\"Id\":42,\"Pos\":{\"x\":-1024.5459,\"y\":119.588379,\"z\":-85.2373047},\"Rot\":{\"y\":0.993963659,\"w\":0.109710023},\"Storages\":[],\"Modules\":[{\"StateDataTypeId\":4,\"CapturedAnimalProfileId\":1}]},{\"Id\":97,\"Pos\":{\"x\":-1002.96387,\"y\":115.733032,\"z\":-33.2979774},\"Rot\":{\"y\":0.9806256,\"w\":0.1958914},\"Storages\":[],\"Modules\":[]},{\"Id\":80,\"Pos\":{\"x\":-1006.31311,\"y\":115.733032,\"z\":-43.3384},\"Rot\":{\"y\":0.7529719,\"w\":-0.658052742},\"Storages\":[],\"Modules\":[]},{\"Id\":24,\"Pos\":{\"x\":-988.423645,\"y\":118.612839,\"z\":-37.62153},\"Rot\":{\"y\":0.936013937,\"w\":0.351962924},\"Storages\":[],\"Modules\":[]},{\"Id\":49,\"Pos\":{\"x\":-994.6368,\"y\":118.433029,\"z\":-35.8686752},\"Rot\":{\"y\":-0.99593854,\"w\":-0.09003576},\"Storages\":[{\"Version\":\"0.0.0\",\"ItemBlocks\":[]},{\"Version\":\"0.0.0\",\"ItemBlocks\":[]},{\"Version\":\"0.0.0\",\"ItemBlocks\":[]},{\"Version\":\"0.0.0\",\"ItemBlocks\":[]},{\"Version\":\"0.0.0\",\"ItemBlocks\":[{\"ItemId\":418,\"TotalCount\":4,\"UniqueItems\":[]}]},{\"Version\":\"0.0.0\",\"ItemBlocks\":[{\"ItemId\":410,\"TotalCount\":7,\"UniqueItems\":[]}]},{\"Version\":\"0.0.0\",\"ItemBlocks\":[{\"ItemId\":403,\"TotalCount\":4,\"UniqueItems\":[]}]},{\"Version\":\"0.0.0\",\"ItemBlocks\":[{\"ItemId\":416,\"TotalCount\":6,\"UniqueItems\":[]}]},{\"Version\":\"0.0.0\",\"ItemBlocks\":[{\"ItemId\":635,\"TotalCount\":8,\"UniqueItems\":[]}]},{\"Version\":\"0.0.0\",\"ItemBlocks\":[]},{\"Version\":\"0.0.0\",\"ItemBlocks\":[]},{\"Version\":\"0.0.0\",\"ItemBlocks\":[]}],\"Modules\":[]},{\"Id\":49,\"Pos\":{\"x\":-996.208435,\"y\":118.4329,\"z\":-36.12655},\"Rot\":{\"y\":-0.9960922,\"w\":-0.08831958},\"Storages\":[{\"Version\":\"0.0.0\",\"ItemBlocks\":[{\"ItemId\":418,\"TotalCount\":2,\"UniqueItems\":[]}]},{\"Version\":\"0.0.0\",\"ItemBlocks\":[{\"ItemId\":635,\"TotalCount\":4,\"UniqueItems\":[]}]},{\"Version\":\"0.0.0\",\"ItemBlocks\":[{\"ItemId\":496,\"TotalCount\":10,\"UniqueItems\":[]}]},{\"Version\":\"0.0.0\",\"ItemBlocks\":[]},{\"Version\":\"0.0.0\",\"ItemBlocks\":[{\"ItemId\":420,\"TotalCount\":3,\"UniqueItems\":[]}]},{\"Version\":\"0.0.0\",\"ItemBlocks\":[{\"ItemId\":419,\"TotalCount\":6,\"UniqueItems\":[]}]},{\"Version\":\"0.0.0\",\"ItemBlocks\":[{\"ItemId\":403,\"TotalCount\":4,\"UniqueItems\":[]}]},{\"Version\":\"0.0.0\",\"ItemBlocks\":[{\"ItemId\":415,\"TotalCount\":20,\"UniqueItems\":[]}]},{\"Version\":\"0.0.0\",\"ItemBlocks\":[{\"ItemId\":416,\"TotalCount\":3,\"UniqueItems\":[]}]},{\"Version\":\"0.0.0\",\"ItemBlocks\":[{\"ItemId\":496,\"TotalCount\":100,\"UniqueItems\":[]}]},{\"Version\":\"0.0.0\",\"ItemBlocks\":[{\"ItemId\":440,\"TotalCount\":5,\"UniqueItems\":[]}]},{\"Version\":\"0.0.0\",\"ItemBlocks\":[]}],\"Modules\":[]},{\"Id\":53,\"Pos\":{\"x\":-574.31,\"y\":141.380173,\"z\":-38.1190033},\"Rot\":{\"y\":0.9743497,\"w\":0.2250394},\"Storages\":[],\"Modules\":[]},{\"Id\":53,\"Pos\":{\"x\":-454.128418,\"y\":137.521362,\"z\":-40.55912},\"Rot\":{\"y\":0.520918369,\"w\":0.8536065},\"Storages\":[],\"Modules\":[]},{\"Id\":91,\"Pos\":{\"x\":-1001.22742,\"y\":115.733032,\"z\":-35.01663},\"Rot\":{\"y\":0.781087,\"w\":-0.6244223},\"Storages\":[],\"Modules\":[]},{\"Id\":97,\"Pos\":{\"x\":-1001.85535,\"y\":115.733032,\"z\":-33.27822},\"Rot\":{\"y\":0.9952113,\"w\":0.0977472961},\"Storages\":[],\"Modules\":[]},{\"Id\":24,\"Pos\":{\"x\":-1004.05316,\"y\":120.636795,\"z\":-39.62006},\"Rot\":{\"y\":0.9959483,\"w\":0.08992758},\"Storages\":[],\"Modules\":[]},{\"Id\":64,\"Pos\":{\"x\":-1011.13049,\"y\":115.392326,\"z\":-17.7965984},\"Rot\":{\"x\":0.0113698812,\"y\":0.980335236,\"z\":0.00228477782,\"w\":-0.196998373},\"Storages\":[],\"Modules\":[]},{\"Pos\":{\"x\":-999.8741,\"y\":121.582558,\"z\":-34.0853577},\"Rot\":{\"y\":0.5903238,\"w\":0.8071665},\"Storages\":[{\"Version\":\"0.0.0\",\"ItemBlocks\":[{\"ItemId\":479,\"TotalCount\":5,\"UniqueItems\":[]}]}],\"Modules\":[]},{\"Pos\":{\"x\":-1000.28955,\"y\":121.570595,\"z\":-31.9374218},\"Rot\":{\"y\":0.6324466,\"w\":0.774603963},\"Storages\":[{\"Version\":\"0.0.0\",\"ItemBlocks\":[{\"ItemId\":479,\"TotalCount\":5,\"UniqueItems\":[]}]}],\"Modules\":[]},{\"Pos\":{\"x\":-992.754639,\"y\":120.272507,\"z\":-35.1878853},\"Rot\":{\"y\":0.6958987,\"w\":0.718139946},\"Storages\":[{\"Version\":\"0.0.0\",\"ItemBlocks\":[{\"ItemId\":479,\"TotalCount\":5,\"UniqueItems\":[]}]}],\"Modules\":[]},{\"Pos\":{\"x\":-992.3352,\"y\":120.14003,\"z\":-37.2875633},\"Rot\":{\"y\":0.6302877,\"w\":0.7763617},\"Storages\":[{\"Version\":\"0.0.0\",\"ItemBlocks\":[{\"ItemId\":479,\"TotalCount\":5,\"UniqueItems\":[]}]}],\"Modules\":[]},{\"Id\":61,\"Pos\":{\"x\":-1008.12323,\"y\":118.105804,\"z\":-40.4049339},\"Rot\":{\"x\":1.19274616E-11,\"y\":0.6356562,\"z\":-9.82129E-12,\"w\":0.771972358},\"Storages\":[{\"Version\":\"0.0.0\",\"ItemBlocks\":[{\"ItemId\":651,\"TotalCount\":1,\"UniqueItems\":[]}]}],\"Modules\":[]},{\"Id\":61,\"Pos\":{\"x\":-1007.69122,\"y\":118.16275,\"z\":-42.6048622},\"Rot\":{\"x\":-1.84040658E-07,\"y\":0.6356562,\"z\":1.51542451E-07,\"w\":0.771972358},\"Storages\":[{\"Version\":\"0.0.0\",\"ItemBlocks\":[{\"ItemId\":651,\"TotalCount\":1,\"UniqueItems\":[]}]}],\"Modules\":[]},{\"Id\":55,\"Pos\":{\"x\":-1004.40881,\"y\":124.513771,\"z\":-16.9736176},\"Rot\":{\"x\":0.04244766,\"y\":0.0321226232,\"z\":-0.00136546744,\"w\":0.998581231},\"Storages\":[],\"Modules\":[]},{\"Id\":61,\"Pos\":{\"x\":-1005.51666,\"y\":118.099945,\"z\":-44.06626},\"Rot\":{\"y\":-0.0963870361,\"w\":0.9953439},\"Storages\":[{\"Version\":\"0.0.0\",\"ItemBlocks\":[]}],\"Modules\":[]},{\"Id\":61,\"Pos\":{\"x\":-1003.29114,\"y\":118.050682,\"z\":-43.6283035},\"Rot\":{\"x\":2.61763267E-11,\"y\":-0.09638705,\"z\":2.53486164E-12,\"w\":0.9953439},\"Storages\":[{\"Version\":\"0.0.0\",\"ItemBlocks\":[]}],\"Modules\":[]},{\"Id\":75,\"Pos\":{\"x\":-1000.51422,\"y\":115.733032,\"z\":-41.9932175},\"Rot\":{\"y\":0.977197349,\"w\":0.212333128},\"Storages\":[],\"Modules\":[]},{\"Id\":49,\"Pos\":{\"x\":-987.988953,\"y\":115.733047,\"z\":-34.5913},\"Rot\":{\"y\":0.07573882,\"w\":-0.9971277},\"Storages\":[{\"Version\":\"0.0.0\",\"ItemBlocks\":[]},{\"Version\":\"0.0.0\",\"ItemBlocks\":[]},{\"Version\":\"0.0.0\",\"ItemBlocks\":[]},{\"Version\":\"0.0.0\",\"ItemBlocks\":[]},{\"Version\":\"0.0.0\",\"ItemBlocks\":[]},{\"Version\":\"0.0.0\",\"ItemBlocks\":[]},{\"Version\":\"0.0.0\",\"ItemBlocks\":[]},{\"Version\":\"0.0.0\",\"ItemBlocks\":[]},{\"Version\":\"0.0.0\",\"ItemBlocks\":[]},{\"Version\":\"0.0.0\",\"ItemBlocks\":[]},{\"Version\":\"0.0.0\",\"ItemBlocks\":[]},{\"Version\":\"0.0.0\",\"ItemBlocks\":[]}],\"Modules\":[]}]}"}}