{"Version":"0.0.0","Data":{"ScrewStructureNodeInstances":"{\"_structures\":[{\"Id\":29,\"Pos\":{\"x\":-942.4821,\"y\":115.707085,\"z\":-66.24377},\"Rot\":{\"x\":-0.0030057393,\"y\":-0.9515741,\"z\":0.0185305383,\"w\":-0.306845933}},{\"Id\":29,\"Pos\":{\"x\":-943.3446,\"y\":115.799507,\"z\":-67.1057358},\"Rot\":{\"x\":0.0473664477,\"y\":-0.958619654,\"z\":-0.0522311032,\"w\":-0.275820136}},{\"Id\":106,\"Pos\":{\"x\":-978.296936,\"y\":116.236595,\"z\":-57.46749},\"Rot\":{\"y\":-0.5554833,\"w\":-0.8315277},\"Added\":6}]}"}}