{"Version":"0.0.0","Data":{"ZipLineManager":"{\"Version\":\"0.0.0\",\"Ziplines\":[{\"_anchorAPosition\":{\"x\":-1028.12207,\"y\":121.009468,\"z\":-59.02774},\"_anchorBPosition\":{\"x\":-1043.92468,\"y\":137.579559,\"z\":-130.06752},\"_canBeDismantled\":true},{\"_anchorAPosition\":{\"x\":-1005.42255,\"y\":125.857117,\"z\":-32.713562},\"_anchorBPosition\":{\"x\":-1003.39514,\"y\":123.170425,\"z\":-1.233676},\"_canBeDismantled\":true},{\"_anchorAPosition\":{\"x\":-1025.24646,\"y\":118.335388,\"z\":-56.7396355},\"_anchorBPosition\":{\"x\":-1004.81219,\"y\":123.564522,\"z\":-37.7047577},\"_canBeDismantled\":true}]}"}}