{"Version":"0.0.0","Data":{"FreeFormStructureLinkerManager":"{\"_nodeLinkersData\":[null,null],\"_builtLinkersData\":[null,null,null,null,null,null,null,null,null,null,null,null,null,null,null,null,null,{\"_typeId\":4,\"_instanceId\":29},{\"_typeId\":4,\"_instanceId\":76},{\"_typeId\":4,\"_instanceId\":12},{\"_typeId\":4,\"_instanceId\":65},{\"_typeId\":4,\"_instanceId\":65},{\"_typeId\":4,\"_instanceId\":53},{\"_typeId\":4,\"_instanceId\":54},{\"_typeId\":4,\"_instanceId\":54},{\"_typeId\":4,\"_instanceId\":3},{\"_typeId\":4,\"_instanceId\":51},{\"_typeId\":4,\"_instanceId\":35},{\"_typeId\":4,\"_instanceId\":65}]}"}}