{"Version":"0.0.0","Data":{"FreeFormFreeLinksManager":"{\"_supportingStructuresData\":[{\"Structure\":{\"_typeId\":4,\"_instanceId\":5},\"List\":[{\"_typeId\":32,\"_instanceId\":9}]},{\"Structure\":{\"_typeId\":4,\"_instanceId\":50},\"List\":[{\"_typeId\":32,\"_instanceId\":14}]},{\"Structure\":{\"_typeId\":29,\"_instanceId\":7},\"List\":[{\"_typeId\":25,\"_instanceId\":3},{\"_typeId\":25,\"_instanceId\":4},{\"_typeId\":25,\"_instanceId\":1}]},{\"Structure\":{\"_typeId\":29,\"_instanceId\":9},\"List\":[{\"_typeId\":32,\"_instanceId\":12},{\"_typeId\":25,\"_instanceId\":2}]},{\"Structure\":{\"_typeId\":4,\"_instanceId\":51},\"List\":[{\"_typeId\":32,\"_instanceId\":15}]},{\"Structure\":{\"_typeId\":11,\"_instanceId\":2},\"List\":[{\"_typeId\":32,\"_instanceId\":16}]}],\"_supportedByStructuresData\":[{\"Structure\":{\"_typeId\":32,\"_instanceId\":9},\"List\":[{\"_typeId\":4,\"_instanceId\":5}]},{\"Structure\":{\"_typeId\":25,\"_instanceId\":3},\"List\":[{\"_typeId\":29,\"_instanceId\":7}]},{\"Structure\":{\"_typeId\":25,\"_instanceId\":4},\"List\":[{\"_typeId\":29,\"_instanceId\":7}]},{\"Structure\":{\"_typeId\":25,\"_instanceId\":1},\"List\":[{\"_typeId\":29,\"_instanceId\":7}]},{\"Structure\":{\"_typeId\":32,\"_instanceId\":12},\"List\":[{\"_typeId\":29,\"_instanceId\":9}]},{\"Structure\":{\"_typeId\":25,\"_instanceId\":2},\"List\":[{\"_typeId\":29,\"_instanceId\":9}]},{\"Structure\":{\"_typeId\":32,\"_instanceId\":14},\"List\":[{\"_typeId\":4,\"_instanceId\":50}]},{\"Structure\":{\"_typeId\":32,\"_instanceId\":15},\"List\":[{\"_typeId\":4,\"_instanceId\":51}]},{\"Structure\":{\"_typeId\":32,\"_instanceId\":16},\"List\":[{\"_typeId\":11,\"_instanceId\":2}]}]}"}}