{"Version":"0.0.0","Data":{"ScrewStructureInstances":"{\"_structures\":[{\"Id\":67,\"Pos\":{\"x\":-1007.72467,\"y\":115.291245,\"z\":-48.12179},\"Rot\":{\"y\":0.6052665,\"w\":-0.796022952},\"Storages\":[{\"Version\":\"0.0.0\",\"ItemBlocks\":[]}],\"Modules\":[]},{\"Id\":35,\"Pos\":{\"x\":-992.6408,\"y\":113.907005,\"z\":-51.73462},\"Rot\":{\"x\":0.0613069125,\"y\":0.7705696,\"z\":-0.0352925733,\"w\":0.633418},\"Storages\":[{\"Version\":\"0.0.0\",\"ItemBlocks\":[]}],\"Modules\":[]},{\"Id\":67,\"Pos\":{\"x\":-1010.64093,\"y\":115.291245,\"z\":-47.0798874},\"Rot\":{\"y\":0.5892253,\"w\":-0.807968855},\"Storages\":[{\"Version\":\"0.0.0\",\"ItemBlocks\":[{\"ItemId\":78,\"TotalCount\":18,\"UniqueItems\":[]}]}],\"Modules\":[]},{\"Id\":27,\"Pos\":{\"x\":-1000.01239,\"y\":115.291245,\"z\":-51.524826},\"Rot\":{\"y\":0.793827,\"w\":0.6081437},\"Storages\":[{\"Version\":\"0.0.0\",\"ItemBlocks\":[]}],\"Modules\":[]},{\"Id\":35,\"Pos\":{\"x\":-992.435547,\"y\":113.861435,\"z\":-50.9919472},\"Rot\":{\"x\":0.06567719,\"y\":0.80361706,\"z\":-0.0481818244,\"w\":0.5895462},\"Storages\":[{\"Version\":\"0.0.0\",\"ItemBlocks\":[]}],\"Modules\":[]},{\"Id\":29,\"Pos\":{\"x\":-1002.74414,\"y\":115.291245,\"z\":-48.2852173},\"Rot\":{\"y\":-0.7573906,\"w\":-0.652962148},\"Storages\":[{\"Version\":\"0.0.0\",\"ItemBlocks\":[{\"ItemId\":392,\"TotalCount\":5,\"UniqueItems\":[]}]}],\"Modules\":[]},{\"Id\":29,\"Pos\":{\"x\":-1002.7597,\"y\":115.291245,\"z\":-49.3904953},\"Rot\":{\"y\":-0.7645616,\"w\":-0.644550741},\"Storages\":[{\"Version\":\"0.0.0\",\"ItemBlocks\":[{\"ItemId\":392,\"TotalCount\":5,\"UniqueItems\":[]}]}],\"Modules\":[]},{\"Id\":29,\"Pos\":{\"x\":-1002.88318,\"y\":115.291245,\"z\":-50.5250053},\"Rot\":{\"y\":-0.7912486,\"w\":-0.61149466},\"Storages\":[{\"Version\":\"0.0.0\",\"ItemBlocks\":[{\"ItemId\":392,\"TotalCount\":5,\"UniqueItems\":[]}]}],\"Modules\":[]},{\"Id\":35,\"Pos\":{\"x\":-992.699036,\"y\":113.908928,\"z\":-52.4901772},\"Rot\":{\"x\":0.04371899,\"y\":0.7693745,\"z\":-0.0209733248,\"w\":0.636955},\"Storages\":[{\"Version\":\"0.0.0\",\"ItemBlocks\":[]}],\"Modules\":[]},{\"Id\":29,\"Pos\":{\"x\":-1003.854,\"y\":115.291245,\"z\":-51.0352325},\"Rot\":{\"y\":0.998617947,\"w\":-0.0525568761},\"Storages\":[{\"Version\":\"0.0.0\",\"ItemBlocks\":[]}],\"Modules\":[]},{\"Id\":35,\"Pos\":{\"x\":-992.7791,\"y\":113.944107,\"z\":-53.1995049},\"Rot\":{\"x\":0.05004956,\"y\":0.7147147,\"z\":-0.0160898156,\"w\":0.6974376},\"Storages\":[{\"Version\":\"0.0.0\",\"ItemBlocks\":[]}],\"Modules\":[]},{\"Id\":92,\"Pos\":{\"x\":-1017.29565,\"y\":116.185135,\"z\":-58.4724274},\"Rot\":{\"x\":0.0200892277,\"y\":0.6213724,\"z\":0.117051646,\"w\":-0.7744622},\"Storages\":[],\"Modules\":[]},{\"Pos\":{\"x\":-988.9424,\"y\":119.012169,\"z\":-65.29318},\"Rot\":{\"y\":0.9775124,\"w\":-0.21087794},\"Storages\":[{\"Version\":\"0.0.0\",\"ItemBlocks\":[{\"ItemId\":479,\"TotalCount\":5,\"UniqueItems\":[]}]}],\"Modules\":[]},{\"Pos\":{\"x\":-987.17334,\"y\":118.73909,\"z\":-61.1614532},\"Rot\":{\"y\":-0.6991658,\"w\":0.7149596},\"Storages\":[{\"Version\":\"0.0.0\",\"ItemBlocks\":[{\"ItemId\":479,\"TotalCount\":5,\"UniqueItems\":[]}]}],\"Modules\":[]},{\"Pos\":{\"x\":-985.8323,\"y\":118.705742,\"z\":-61.3356133},\"Rot\":{\"y\":0.7854249,\"w\":0.618957},\"Storages\":[{\"Version\":\"0.0.0\",\"ItemBlocks\":[{\"ItemId\":479,\"TotalCount\":5,\"UniqueItems\":[]}]}],\"Modules\":[]},{\"Pos\":{\"x\":-986.3206,\"y\":118.676437,\"z\":-60.5189667},\"Rot\":{\"y\":0.12813586,\"w\":0.9917566},\"Storages\":[{\"Version\":\"0.0.0\",\"ItemBlocks\":[{\"ItemId\":479,\"TotalCount\":5,\"UniqueItems\":[]}]}],\"Modules\":[]},{\"Pos\":{\"x\":-986.405151,\"y\":118.923004,\"z\":-62.72334},\"Rot\":{\"y\":0.7358765,\"w\":0.6771158},\"Storages\":[{\"Version\":\"0.0.0\",\"ItemBlocks\":[{\"ItemId\":479,\"TotalCount\":5,\"UniqueItems\":[]}]}],\"Modules\":[]},{\"Pos\":{\"x\":-986.9224,\"y\":118.954025,\"z\":-63.9869843},\"Rot\":{\"y\":0.779608,\"w\":0.6262678},\"Storages\":[{\"Version\":\"0.0.0\",\"ItemBlocks\":[{\"ItemId\":479,\"TotalCount\":5,\"UniqueItems\":[]}]}],\"Modules\":[]},{\"Pos\":{\"x\":-988.0672,\"y\":118.992844,\"z\":-65.00316},\"Rot\":{\"y\":0.8615644,\"w\":0.5076483},\"Storages\":[{\"Version\":\"0.0.0\",\"ItemBlocks\":[{\"ItemId\":479,\"TotalCount\":5,\"UniqueItems\":[]}]}],\"Modules\":[]},{\"Id\":62,\"Pos\":{\"x\":-1014.24115,\"y\":115.318146,\"z\":-44.6229553},\"Rot\":{\"x\":0.0211679284,\"y\":0.888743,\"z\":-0.0109034963,\"w\":0.457787126},\"Storages\":[{\"Version\":\"0.0.0\",\"ItemBlocks\":[]}],\"Modules\":[]},{\"Id\":62,\"Pos\":{\"x\":-1015.75836,\"y\":115.333893,\"z\":-42.96156},\"Rot\":{\"x\":0.07053492,\"y\":0.9685612,\"z\":-0.005354168,\"w\":0.2385069},\"Storages\":[{\"Version\":\"0.0.0\",\"ItemBlocks\":[]}],\"Modules\":[]},{\"Pos\":{\"x\":-989.179565,\"y\":119.041405,\"z\":-64.2324753},\"Rot\":{\"y\":-0.419080049,\"w\":0.9079493},\"Storages\":[{\"Version\":\"0.0.0\",\"ItemBlocks\":[{\"ItemId\":479,\"TotalCount\":5,\"UniqueItems\":[]}]}],\"Modules\":[]},{\"Pos\":{\"x\":-987.736145,\"y\":118.845451,\"z\":-62.4783},\"Rot\":{\"y\":-0.6011162,\"w\":0.799161732},\"Storages\":[{\"Version\":\"0.0.0\",\"ItemBlocks\":[{\"ItemId\":479,\"TotalCount\":5,\"UniqueItems\":[]}]}],\"Modules\":[]},{\"Pos\":{\"x\":-988.190063,\"y\":119.012627,\"z\":-63.52725},\"Rot\":{\"y\":-0.5193776,\"w\":0.8545449},\"Storages\":[{\"Version\":\"0.0.0\",\"ItemBlocks\":[{\"ItemId\":479,\"TotalCount\":5,\"UniqueItems\":[]}]}],\"Modules\":[]},{\"Id\":29,\"Pos\":{\"x\":-969.721,\"y\":120.1244,\"z\":-91.81021},\"Rot\":{\"x\":0.00778454635,\"y\":0.9107065,\"z\":0.0272308551,\"w\":-0.4120819},\"Storages\":[{\"Version\":\"0.0.0\",\"ItemBlocks\":[{\"ItemId\":392,\"TotalCount\":15,\"UniqueItems\":[]}]}],\"Modules\":[]},{\"Id\":29,\"Pos\":{\"x\":-970.453735,\"y\":119.955208,\"z\":-90.68458},\"Rot\":{\"x\":-0.06797392,\"y\":0.842757165,\"z\":0.012423127,\"w\":-0.5338405},\"Storages\":[{\"Version\":\"0.0.0\",\"ItemBlocks\":[{\"ItemId\":392,\"TotalCount\":9,\"UniqueItems\":[]}]}],\"Modules\":[]},{\"Id\":35,\"Pos\":{\"x\":-994.2531,\"y\":113.691612,\"z\":-30.9111},\"Rot\":{\"x\":-0.04572807,\"y\":0.223127335,\"z\":-0.0104792072,\"w\":0.9736598},\"Storages\":[{\"Version\":\"0.0.0\",\"ItemBlocks\":[]}],\"Modules\":[]},{\"Id\":82,\"Pos\":{\"x\":-1008.01221,\"y\":115.733025,\"z\":-38.7769241},\"Rot\":{\"y\":0.7552587,\"w\":-0.6554268},\"Storages\":[{\"Version\":\"0.0.0\",\"ItemBlocks\":[{\"ItemId\":474,\"TotalCount\":9,\"UniqueItems\":[{\"Modules\":[{\"Version\":\"0.0.0\"}]},{\"Modules\":[{\"Version\":\"0.0.0\"}]},{\"Modules\":[{\"Version\":\"0.0.0\"}]},{\"Modules\":[{\"Version\":\"0.0.0\"},{\"AmmoType\":474,\"CurrentAmmo\":1,\"WeaponModIds\":[],\"Version\":\"0.0.0\",\"ModuleId\":4}]},{\"Modules\":[{\"Version\":\"0.0.0\"}]},{\"Modules\":[{\"Version\":\"0.0.0\"}]},{\"Modules\":[{\"Version\":\"0.0.0\"}]},{\"Modules\":[{\"Version\":\"0.0.0\"}]},{\"Modules\":[{\"Version\":\"0.0.0\"}]}]}]}],\"Modules\":[]},{\"Id\":53,\"Pos\":{\"x\":-1007.64459,\"y\":117.285721,\"z\":-43.3835869},\"Rot\":{\"y\":0.6356562,\"w\":0.771972358},\"Storages\":[],\"Modules\":[]},{\"Id\":53,\"Pos\":{\"x\":-1001.15344,\"y\":117.207809,\"z\":-43.2391357},\"Rot\":{\"y\":-0.09599883,\"w\":0.9953815},\"Storages\":[],\"Modules\":[]},{\"Id\":51,\"Pos\":{\"x\":-987.350952,\"y\":116.9203,\"z\":-40.59188},\"Rot\":{\"y\":0.6356574,\"w\":0.771971345},\"Storages\":[{\"Version\":\"0.0.0\",\"ItemBlocks\":[]},{\"Version\":\"0.0.0\",\"ItemBlocks\":[]},{\"Version\":\"0.0.0\",\"ItemBlocks\":[]},{\"Version\":\"0.0.0\",\"ItemBlocks\":[]}],\"Modules\":[]},{\"Id\":51,\"Pos\":{\"x\":-987.587769,\"y\":116.921173,\"z\":-39.41086},\"Rot\":{\"y\":0.63565737,\"w\":0.771971345},\"Storages\":[{\"Version\":\"0.0.0\",\"ItemBlocks\":[]},{\"Version\":\"0.0.0\",\"ItemBlocks\":[]},{\"Version\":\"0.0.0\",\"ItemBlocks\":[]},{\"Version\":\"0.0.0\",\"ItemBlocks\":[]}],\"Modules\":[]},{\"Id\":51,\"Pos\":{\"x\":-988.4688,\"y\":116.897476,\"z\":-39.27721},\"Rot\":{\"y\":-0.771971345,\"w\":0.63565737},\"Storages\":[{\"Version\":\"0.0.0\",\"ItemBlocks\":[]},{\"Version\":\"0.0.0\",\"ItemBlocks\":[]},{\"Version\":\"0.0.0\",\"ItemBlocks\":[]},{\"Version\":\"0.0.0\",\"ItemBlocks\":[]}],\"Modules\":[]},{\"Id\":51,\"Pos\":{\"x\":-988.2569,\"y\":116.917274,\"z\":-40.3821},\"Rot\":{\"y\":-0.7719698,\"w\":0.6356592},\"Storages\":[{\"Version\":\"0.0.0\",\"ItemBlocks\":[]},{\"Version\":\"0.0.0\",\"ItemBlocks\":[]},{\"Version\":\"0.0.0\",\"ItemBlocks\":[]},{\"Version\":\"0.0.0\",\"ItemBlocks\":[]}],\"Modules\":[]},{\"Id\":49,\"Pos\":{\"x\":-989.7869,\"y\":115.733047,\"z\":-35.14748},\"Rot\":{\"y\":0.07651559,\"w\":-0.9970684},\"Storages\":[{\"Version\":\"0.0.0\",\"ItemBlocks\":[]},{\"Version\":\"0.0.0\",\"ItemBlocks\":[]},{\"Version\":\"0.0.0\",\"ItemBlocks\":[]},{\"Version\":\"0.0.0\",\"ItemBlocks\":[]},{\"Version\":\"0.0.0\",\"ItemBlocks\":[]},{\"Version\":\"0.0.0\",\"ItemBlocks\":[]},{\"Version\":\"0.0.0\",\"ItemBlocks\":[]},{\"Version\":\"0.0.0\",\"ItemBlocks\":[]},{\"Version\":\"0.0.0\",\"ItemBlocks\":[]},{\"Version\":\"0.0.0\",\"ItemBlocks\":[]},{\"Version\":\"0.0.0\",\"ItemBlocks\":[]},{\"Version\":\"0.0.0\",\"ItemBlocks\":[]}],\"Modules\":[]},{\"Id\":49,\"Pos\":{\"x\":-991.386353,\"y\":115.733047,\"z\":-35.48259},\"Rot\":{\"y\":0.994469643,\"w\":0.105024353},\"Storages\":[{\"Version\":\"0.0.0\",\"ItemBlocks\":[]},{\"Version\":\"0.0.0\",\"ItemBlocks\":[]},{\"Version\":\"0.0.0\",\"ItemBlocks\":[]},{\"Version\":\"0.0.0\",\"ItemBlocks\":[]},{\"Version\":\"0.0.0\",\"ItemBlocks\":[]},{\"Version\":\"0.0.0\",\"ItemBlocks\":[]},{\"Version\":\"0.0.0\",\"ItemBlocks\":[]},{\"Version\":\"0.0.0\",\"ItemBlocks\":[]},{\"Version\":\"0.0.0\",\"ItemBlocks\":[]},{\"Version\":\"0.0.0\",\"ItemBlocks\":[]},{\"Version\":\"0.0.0\",\"ItemBlocks\":[]},{\"Version\":\"0.0.0\",\"ItemBlocks\":[]}],\"Modules\":[]},{\"Id\":20,\"Pos\":{\"x\":-990.7764,\"y\":115.733032,\"z\":-39.53485},\"Rot\":{\"y\":0.7830262,\"w\":-0.6219888},\"Storages\":[],\"Modules\":[]},{\"Id\":20,\"Pos\":{\"x\":-990.560364,\"y\":115.733032,\"z\":-40.60534},\"Rot\":{\"y\":0.7708138,\"w\":-0.6370605},\"Storages\":[],\"Modules\":[]},{\"Id\":56,\"Pos\":{\"x\":-996.7056,\"y\":115.732544,\"z\":-36.40624},\"Rot\":{\"y\":0.9931838,\"w\":0.116559274},\"Storages\":[],\"Modules\":[]},{\"Id\":56,\"Pos\":{\"x\":-995.426758,\"y\":115.733032,\"z\":-36.2197533},\"Rot\":{\"y\":0.151052311,\"w\":-0.9885258},\"Storages\":[],\"Modules\":[]},{\"Id\":56,\"Pos\":{\"x\":-994.3329,\"y\":115.733032,\"z\":-36.1706848},\"Rot\":{\"y\":0.2050761,\"w\":-0.978746057},\"Storages\":[],\"Modules\":[]},{\"Id\":22,\"Pos\":{\"x\":-1006.67438,\"y\":115.733032,\"z\":-43.8787079},\"Rot\":{\"y\":-0.63560605,\"w\":-0.772013664},\"Storages\":[],\"Modules\":[]},{\"Id\":84,\"Pos\":{\"x\":-995.37854,\"y\":115.733032,\"z\":-41.8713036},\"Rot\":{\"y\":0.08471388,\"w\":-0.9964053},\"Storages\":[{\"Version\":\"0.0.0\",\"ItemBlocks\":[{\"ItemId\":576,\"TotalCount\":12,\"UniqueItems\":[]}]}],\"Modules\":[]},{\"Id\":53,\"Pos\":{\"x\":-1008.55048,\"y\":117.333191,\"z\":-38.3588943},\"Rot\":{\"y\":0.6360333,\"w\":0.771661639},\"Storages\":[],\"Modules\":[]},{\"Id\":53,\"Pos\":{\"x\":-1009.25616,\"y\":121.11142,\"z\":-34.7167},\"Rot\":{\"y\":0.635659933,\"w\":0.7719692},\"Storages\":[],\"Modules\":[]},{\"Id\":53,\"Pos\":{\"x\":-1005.26233,\"y\":118.158043,\"z\":-33.3114433},\"Rot\":{\"y\":0.9953435,\"w\":0.09639191},\"Storages\":[],\"Modules\":[]},{\"Id\":84,\"Pos\":{\"x\":-1006.78888,\"y\":115.73304,\"z\":-35.06075},\"Rot\":{\"y\":0.998249,\"w\":0.05915212},\"Storages\":[{\"Version\":\"0.0.0\",\"ItemBlocks\":[{\"ItemId\":576,\"TotalCount\":12,\"UniqueItems\":[]}]}],\"Modules\":[]},{\"Id\":48,\"Pos\":{\"x\":-991.6606,\"y\":115.733032,\"z\":-40.450798},\"Rot\":{\"y\":0.0787353441,\"w\":-0.996895552},\"Storages\":[],\"Modules\":[]}]}"}}