{"Version":"0.0.0","Data":{"Fires":"{\"Version\":\"0.0.0\",\"FiresPerStructureType\":{\"32\":[{\"PutOutChance\":1,\"Fuel\":120.0,\"FuelDrainRate\":1.0},{\"PutOutChance\":1,\"Fuel\":120.0,\"FuelDrainRate\":1.0},{\"PutOutChance\":1,\"Fuel\":120.0,\"FuelDrainRate\":1.0},{\"PutOutChance\":1,\"Fuel\":120.0,\"FuelDrainRate\":1.0},{\"PutOutChance\":1,\"Fuel\":120.0,\"FuelDrainRate\":0.25},{\"PutOutChance\":1,\"Fuel\":120.0,\"FuelDrainRate\":0.25},{\"PutOutChance\":1,\"Fuel\":120.0,\"FuelDrainRate\":1.0},{\"PutOutChance\":1,\"Fuel\":120.0,\"FuelDrainRate\":1.0},{\"PutOutChance\":1,\"Fuel\":120.0,\"FuelDrainRate\":1.0},{\"PutOutChance\":1,\"Fuel\":120.0,\"FuelDrainRate\":1.0},{\"PutOutChance\":1,\"Fuel\":120.0,\"FuelDrainRate\":1.0},{\"PutOutChance\":1,\"Fuel\":120.0,\"FuelDrainRate\":0.0999999642},{\"PutOutChance\":1,\"Fuel\":120.0,\"FuelDrainRate\":1.0},{\"Fuel\":0.008842202,\"FuelDrainRate\":0.25},{\"PutOutChance\":2,\"Fuel\":120.0,\"FuelDrainRate\":0.571428537},{\"PutOutChance\":1,\"Fuel\":120.0,\"FuelDrainRate\":1.0},{\"PutOutChance\":1,\"Fuel\":540.0,\"FuelDrainRate\":1.0},{\"PutOutChance\":1,\"Fuel\":0.00113107264,\"FuelDrainRate\":1.0},{\"PutOutChance\":1,\"Fuel\":0.009531561,\"FuelDrainRate\":1.0}]}}"}}