{"Version":"0.0.0","Data":{"FreeFormStructureLinkerManager":"{\"_nodeLinkersData\":[null,null,null,null],\"_builtLinkersData\":[null,null,null,null,null,null,null,null,null,{\"_typeId\":4,\"_instanceId\":65},{\"_typeId\":4,\"_instanceId\":65},{\"_typeId\":4,\"_instanceId\":51},{\"_typeId\":4,\"_instanceId\":35},{\"_typeId\":4,\"_instanceId\":65},{\"_typeId\":19,\"_instanceId\":12},null,null,null,null,null,null,null,null,null,{\"_typeId\":4,\"_instanceId\":66},{\"_typeId\":4,\"_instanceId\":14},null,null,null,null,null,null,{\"_typeId\":4,\"_instanceId\":3},null,{\"_typeId\":4,\"_instanceId\":33},{\"_typeId\":4,\"_instanceId\":29},{\"_typeId\":3,\"_instanceId\":27},null,null,null,null,null,{\"_typeId\":4,\"_instanceId\":36},{\"_typeId\":4,\"_instanceId\":13},{\"_typeId\":4,\"_instanceId\":13},{\"_typeId\":4,\"_instanceId\":98},{\"_typeId\":4,\"_instanceId\":98},{\"_typeId\":4,\"_instanceId\":98}]}"}}