{"Version":"0.0.0","Data":{"ScrewStructureNodeInstances":"{\"_structures\":[{\"Id\":29,\"Pos\":{\"x\":-942.4821,\"y\":115.707085,\"z\":-66.24377},\"Rot\":{\"x\":-0.0030057393,\"y\":-0.9515741,\"z\":0.0185305383,\"w\":-0.306845933}},{\"Id\":29,\"Pos\":{\"x\":-943.3446,\"y\":115.799507,\"z\":-67.1057358},\"Rot\":{\"x\":0.0473664477,\"y\":-0.958619654,\"z\":-0.0522311032,\"w\":-0.275820136}},{\"Id\":36,\"Pos\":{\"x\":-998.8861,\"y\":118.432823,\"z\":-40.3502541},\"Rot\":{\"y\":-0.661953151,\"w\":-0.7495453},\"Added\":1},{\"Id\":36,\"Pos\":{\"x\":-999.100159,\"y\":118.432419,\"z\":-38.9242821},\"Rot\":{\"y\":-0.6788603,\"w\":-0.7342675},\"Added\":1}]}"}}