{"Version":"0.0.0","Data":{"GameState":"{\"Version\":\"1.0.0\",\"GameName\":\"punda day 9\",\"SaveTime\":\"2024-12-01T19:57:54.6504405+05:30\",\"GameType\":\"Normal\",\"GameId\":\"ad26d01c-a4df-4418-bf0e-3a9ced9bf393\",\"GameDays\":62,\"GameHours\":7,\"GameMinutes\":32,\"GameSeconds\":1,\"GameMilliseconds\":739,\"CrashSite\":\"ocean\",\"NamedIntDatas\":[{\"SaveObjectNameId\":\"Endgame.StayedOnIsland\"},{\"SaveObjectNameId\":\"Endgame.CoreGameCompleted\"},{\"SaveObjectNameId\":\"LuxuryBunker.HellDoorCaveEntrance\"},{\"SaveObjectNameId\":\"SonsStorySpots.WoodenCrateItems.AZZ\"},{\"SaveObjectNameId\":\"SonsStorySpots.WoodenCrateItems.BBN\"},{\"SaveObjectNameId\":\"SonsStorySpots.WoodenCrateItems.BAD\"},{\"SaveObjectNameId\":\"SonsStorySpots.WoodenCrateItems.BBP\"},{\"SaveObjectNameId\":\"SonsStorySpots.WoodenCrateItems.BBO\"},{\"SaveObjectNameId\":\"SonsStorySpots.WoodenCrateItems.BBL\"},{\"SaveObjectNameId\":\"SonsStorySpots.WoodenCrateItems.BAB\"},{\"SaveObjectNameId\":\"SonsStorySpots.WoodenCrateItems.BBY\"},{\"SaveObjectNameId\":\"TacticalGpsLocator.002\"},{\"SaveObjectNameId\":\"TacticalGpsLocator.005\"},{\"SaveObjectNameId\":\"TacticalGpsLocator.000\"},{\"SaveObjectNameId\":\"TacticalGpsLocator.003\"},{\"SaveObjectNameId\":\"TacticalGpsLocator.001\"},{\"SaveObjectNameId\":\"TacticalGpsLocator.004\"},{\"SaveObjectNameId\":\"SonsStorySpots.WoodenCrateItems.BBF\"},{\"SaveObjectNameId\":\"SonsStorySpots.WoodenCrateItems.BAC\"},{\"SaveObjectNameId\":\"SonsStorySpots.SuitcaseItems.AUH\"},{\"SaveObjectNameId\":\"SonsStorySpots.WoodenCrateItems.BBQ\"},{\"SaveObjectNameId\":\"WorkerGpsLocator.000\"},{\"SaveObjectNameId\":\"WorkerGpsLocator.002\"},{\"SaveObjectNameId\":\"WorkerGpsLocator.001\"},{\"SaveObjectNameId\":\"WorkerGpsLocator.005\"},{\"SaveObjectNameId\":\"WorkerGpsLocator.003\"},{\"SaveObjectNameId\":\"WorkerGpsLocator.006\",\"SaveValue\":1},{\"SaveObjectNameId\":\"WorkerGpsLocator.004\"},{\"SaveObjectNameId\":\"SonsStorySpots.SuitcaseItems.AUG\"},{\"SaveObjectNameId\":\"SonsStorySpots.WoodenCrateItems.BBG\"},{\"SaveObjectNameId\":\"SonsStorySpots.WoodenCrateItems.BBR\"},{\"SaveObjectNameId\":\"LightningPOI.001\"},{\"SaveObjectNameId\":\"LightningPOI.005\"},{\"SaveObjectNameId\":\"LightningPOI.002\"},{\"SaveObjectNameId\":\"LightningPOI.003\"},{\"SaveObjectNameId\":\"LightningPOI.006\"},{\"SaveObjectNameId\":\"LightningPOI.004\"},{\"SaveObjectNameId\":\"SonsStorySpots.BasicStorageCrateItems.AGQ\"},{\"SaveObjectNameId\":\"SonsStorySpots.BasicStorageCrateItems.AJF\"},{\"SaveObjectNameId\":\"BuriedTacticalGpsPickedUp\",\"SaveValue\":1},{\"SaveObjectNameId\":\"Tactical.GraveA\",\"SaveValue\":1},{\"SaveObjectNameId\":\"RaftTacticalFound\",\"SaveValue\":1},{\"SaveObjectNameId\":\"HangingTacticalFound\",\"SaveValue\":1},{\"SaveObjectNameId\":\"BuriedTacticalFound\",\"SaveValue\":1},{\"SaveObjectNameId\":\"HangingTacticalGpsPickedUp\",\"SaveValue\":1},{\"SaveObjectNameId\":\"RaftTacticalGpsPickeUp\",\"SaveValue\":1},{\"SaveObjectNameId\":\"SonsMainCharacterSpawns.WoodenCrateItems.AAA\"},{\"SaveObjectNameId\":\"SonsMainCharacterSpawns.WoodenCrateItems.AAB\"},{\"SaveObjectNameId\":\"BunkerA.EntranceHatch\",\"SaveValue\":3},{\"SaveObjectNameId\":\"BunkerB.EntranceHatch\"},{\"SaveObjectNameId\":\"BunkerC.EntranceHatch\"},{\"SaveObjectNameId\":\"EntertainmentBunker.HallwayTimmy\",\"SaveValue\":1},{\"SaveObjectNameId\":\"OceanCrashPickups.BasicStorageCrateItems.AAA\",\"SaveValue\":1},{\"SaveObjectNameId\":\"OceanCrashPickups.BasicStorageCrateItems.AAC\",\"SaveValue\":1},{\"SaveObjectNameId\":\"OceanCrashPickups.Meds.AAD\",\"SaveValue\":1},{\"SaveObjectNameId\":\"OceanCrashPickups.Meds.AAE\",\"SaveValue\":1},{\"SaveObjectNameId\":\"OceanCrashPickups.Meds.AAF\",\"SaveValue\":1},{\"SaveObjectNameId\":\"OceanCrashPickups.GrenadeCase.AAG\",\"SaveValue\":1},{\"SaveObjectNameId\":\"OceanCrashPickups.AmmoCase.AAH\",\"SaveValue\":1},{\"SaveObjectNameId\":\"OceanCrashPickups.AmmoCase.AAI\",\"SaveValue\":1},{\"SaveObjectNameId\":\"OceanCrashPickups.AmmoCase.AAJ\"},{\"SaveObjectNameId\":\"OceanCrashPickups.FlaresCase.AAK\",\"SaveValue\":1},{\"SaveObjectNameId\":\"DyingTacticalA.005\",\"SaveValue\":1},{\"SaveObjectNameId\":\"SonsStorySpots.AmmoCase.ALL\",\"SaveValue\":1},{\"SaveObjectNameId\":\"SonsStorySpots.BasicStorageCrateItems.AEX\",\"SaveValue\":1},{\"SaveObjectNameId\":\"SonsStorySpots.BasicStorageCrateItems.AFF\",\"SaveValue\":1},{\"SaveObjectNameId\":\"SonsStorySpots.FlaresCase.AOU\",\"SaveValue\":1},{\"SaveObjectNameId\":\"SonsStorySpots.GrenadeCase.AAS\",\"SaveValue\":1},{\"SaveObjectNameId\":\"SonsStorySpots.Meds.AOP\",\"SaveValue\":1},{\"SaveObjectNameId\":\"SonsStorySpots.AmmoCase.AHQ\"},{\"SaveObjectNameId\":\"SonsStorySpots.BasicStorageCrateItems.AVY\"},{\"SaveObjectNameId\":\"SonsStorySpots.BasicStorageCrateItems.AWC\"},{\"SaveObjectNameId\":\"SonsStorySpots.Meds.AIK\"},{\"SaveObjectNameId\":\"SonsStorySpots.WoodenCrateItems.ACU\"},{\"SaveObjectNameId\":\"SonsStorySpots.WoodenCrateItems.ADR\"},{\"SaveObjectNameId\":\"SonsStorySpots.WoodenCrateItems.AEI\"},{\"SaveObjectNameId\":\"SonsStorySpots.WoodenCrateItems.AOZ\"},{\"SaveObjectNameId\":\"SonsStorySpots.BasicStorageCrateItems.AUI\",\"SaveValue\":1},{\"SaveObjectNameId\":\"SonsStorySpots.WoodenCrateItems.AAU\",\"SaveValue\":1},{\"SaveObjectNameId\":\"SonsStorySpots.WoodenCrateItems.AHN\",\"SaveValue\":1},{\"SaveObjectNameId\":\"SonsStorySpots.WoodenCrateItems.API\",\"SaveValue\":1},{\"SaveObjectNameId\":\"SonsStorySpots.WoodenCrateItems.AQR\",\"SaveValue\":1},{\"SaveObjectNameId\":\"SonsStorySpots.BasicStorageCrateItems.AZQ\",\"SaveValue\":1},{\"SaveObjectNameId\":\"SonsStorySpots.SuitcaseItems.ATL\"},{\"SaveObjectNameId\":\"SonsStorySpots.SuitcaseItems.ATM\"},{\"SaveObjectNameId\":\"SonsStorySpots.SuitcaseItems.AVB\"},{\"SaveObjectNameId\":\"SonsStorySpots.SuitcaseItems.AVR\"},{\"SaveObjectNameId\":\"SonsStorySpots.SuitcaseItems.AVX\"},{\"SaveObjectNameId\":\"SonsStorySpots.SuitcaseItems.AWD\"},{\"SaveObjectNameId\":\"SonsStorySpots.WoodenCrateItems.AZG\",\"SaveValue\":1},{\"SaveObjectNameId\":\"SonsStorySpots.WoodenCrateItems.AZJ\",\"SaveValue\":1},{\"SaveObjectNameId\":\"SonsStorySpots.WoodenCrateItems.BAX\"},{\"SaveObjectNameId\":\"SonsStorySpots.WoodenCrateItems.BAW\"},{\"SaveObjectNameId\":\"SonsStorySpots.BasicStorageCrateItems.AUD\",\"SaveValue\":1},{\"SaveObjectNameId\":\"SonsStorySpots.BasicStorageCrateItems.AUE\",\"SaveValue\":1},{\"SaveObjectNameId\":\"SonsStorySpots.AmmoCase.AGP\"},{\"SaveObjectNameId\":\"SonsStorySpots.Meds.ARB\"},{\"SaveObjectNameId\":\"SonsStorySpots.BasicStorageCrateItems.AFI\"},{\"SaveObjectNameId\":\"SonsStorySpots.AmmoCase.ARL\",\"SaveValue\":1},{\"SaveObjectNameId\":\"SonsStorySpots.BasicStorageCrateItems.ADU\",\"SaveValue\":1},{\"SaveObjectNameId\":\"SonsStorySpots.BasicStorageCrateItems.AIW\",\"SaveValue\":1},{\"SaveObjectNameId\":\"SonsStorySpots.WoodenCrateItems.AFO\"},{\"SaveObjectNameId\":\"SonsStorySpots.WoodenCrateItems.AHR\"},{\"SaveObjectNameId\":\"DyingTacticalA.000\",\"SaveValue\":1},{\"SaveObjectNameId\":\"SonsStorySpots.BasicStorageCrateItems.AEK\",\"SaveValue\":1},{\"SaveObjectNameId\":\"SonsStorySpots.BasicStorageCrateItems.AGU\",\"SaveValue\":1},{\"SaveObjectNameId\":\"SonsStorySpots.BasicStorageCrateItems.AMV\",\"SaveValue\":1},{\"SaveObjectNameId\":\"SonsStorySpots.BasicStorageCrateItems.APD\",\"SaveValue\":1},{\"SaveObjectNameId\":\"SonsStorySpots.FlaresCase.AJC\",\"SaveValue\":1},{\"SaveObjectNameId\":\"SonsStorySpots.GrenadeCase.ADL\",\"SaveValue\":1},{\"SaveObjectNameId\":\"Tactical.HangingA\",\"SaveValue\":1},{\"SaveObjectNameId\":\"SonsStorySpots.BasicStorageCrateItems.AGZ\"},{\"SaveObjectNameId\":\"SonsStorySpots.GraveItems.ACI\"},{\"SaveObjectNameId\":\"SonsStorySpots.GraveItems.ADY\"},{\"SaveObjectNameId\":\"SonsStorySpots.GraveItems.ALD\"},{\"SaveObjectNameId\":\"SonsStorySpots.GraveItems.ALN\"},{\"SaveObjectNameId\":\"SonsStorySpots.BasicStorageCrateItems.AFK\",\"SaveValue\":1},{\"SaveObjectNameId\":\"SonsStorySpots.BasicStorageCrateItems.AOF\",\"SaveValue\":1},{\"SaveObjectNameId\":\"SonsStorySpots.GraveItems.AAQ\",\"SaveValue\":1},{\"SaveObjectNameId\":\"SonsStorySpots.GraveItems.AIU\",\"SaveValue\":1},{\"SaveObjectNameId\":\"SonsStorySpots.GraveItems.ANJ\",\"SaveValue\":1},{\"SaveObjectNameId\":\"SonsStorySpots.BasicStorageCrateItems.AKJ\"},{\"SaveObjectNameId\":\"SonsStorySpots.WoodenCrateItems.BAZ\",\"SaveValue\":1},{\"SaveObjectNameId\":\"SonsStorySpots.WoodenCrateItems.BBB\",\"SaveValue\":1},{\"SaveObjectNameId\":\"SonsStorySpots.WoodenCrateItems.BBA\",\"SaveValue\":1},{\"SaveObjectNameId\":\"SonsStorySpots.BasicStorageCrateItems.AAW\"},{\"SaveObjectNameId\":\"SonsStorySpots.BasicStorageCrateItems.AAC\"},{\"SaveObjectNameId\":\"SonsStorySpots.BasicStorageCrateItems.AKT\",\"SaveValue\":1},{\"SaveObjectNameId\":\"SonsStorySpots.BasicStorageCrateItems.AOD\",\"SaveValue\":1},{\"SaveObjectNameId\":\"SonsStorySpots.FlaresCase.ALT\",\"SaveValue\":1},{\"SaveObjectNameId\":\"SonsStorySpots.GraveItems.AIY\",\"SaveValue\":1},{\"SaveObjectNameId\":\"SonsStorySpots.BasicStorageCrateItems.ABI\"},{\"SaveObjectNameId\":\"SonsStorySpots.BasicStorageCrateItems.AOK\"},{\"SaveObjectNameId\":\"SonsStorySpots.FlaresCase.ANL\"},{\"SaveObjectNameId\":\"SonsStorySpots.BasicStorageCrateItems.ADE\",\"SaveValue\":1},{\"SaveObjectNameId\":\"SonsStorySpots.BasicStorageCrateItems.AEE\",\"SaveValue\":1},{\"SaveObjectNameId\":\"SonsStorySpots.BasicStorageCrateItems.AKF\",\"SaveValue\":1},{\"SaveObjectNameId\":\"SonsStorySpots.BasicStorageCrateItems.APM\",\"SaveValue\":1},{\"SaveObjectNameId\":\"SonsStorySpots.BasicStorageCrateItems.AAJ\",\"SaveValue\":1},{\"SaveObjectNameId\":\"SonsStorySpots.BasicStorageCrateItems.AIJ\",\"SaveValue\":1},{\"SaveObjectNameId\":\"SonsStorySpots.SuitcaseItems.ALQ\",\"SaveValue\":1},{\"SaveObjectNameId\":\"SonsStorySpots.SuitcaseItems.AMN\",\"SaveValue\":1},{\"SaveObjectNameId\":\"SonsStorySpots.BasicStorageCrateItems.AHA\",\"SaveValue\":1},{\"SaveObjectNameId\":\"SonsStorySpots.BasicStorageCrateItems.AJW\",\"SaveValue\":1},{\"SaveObjectNameId\":\"SonsStorySpots.WoodenCrateItems.AQU\",\"SaveValue\":1},{\"SaveObjectNameId\":\"SonsStorySpots.BasicStorageCrateItems.AUN\",\"SaveValue\":1},{\"SaveObjectNameId\":\"SonsStorySpots.BasicStorageCrateItems.ABL\",\"SaveValue\":1},{\"SaveObjectNameId\":\"SonsStorySpots.BasicStorageCrateItems.ACF\",\"SaveValue\":1},{\"SaveObjectNameId\":\"SonsStorySpots.BasicStorageCrateItems.AFM\",\"SaveValue\":1},{\"SaveObjectNameId\":\"SonsStorySpots.BasicStorageCrateItems.ARC\",\"SaveValue\":1},{\"SaveObjectNameId\":\"SonsStorySpots.BasicStorageCrateItems.AAZ\"},{\"SaveObjectNameId\":\"SonsStorySpots.BasicStorageCrateItems.AQD\"},{\"SaveObjectNameId\":\"SonsStorySpots.GrenadeCase.AFS\",\"SaveValue\":1},{\"SaveObjectNameId\":\"SonsStorySpots.GrenadeCase.AND\",\"SaveValue\":1},{\"SaveObjectNameId\":\"SonsStorySpots.BasicStorageCrateItems.AMU\",\"SaveValue\":1},{\"SaveObjectNameId\":\"SonsStorySpots.BasicStorageCrateItems.ANN\",\"SaveValue\":1},{\"SaveObjectNameId\":\"SonsStorySpots.GrenadeCase.AHZ\",\"SaveValue\":1},{\"SaveObjectNameId\":\"SonsStorySpots.GraveItems.AOO\"},{\"SaveObjectNameId\":\"SonsStorySpots.WoodenCrateItems.AFG\"},{\"SaveObjectNameId\":\"SonsStorySpots.WoodenCrateItems.ARI\"},{\"SaveObjectNameId\":\"SonsStorySpots.WoodenCrateItems.AFP\"},{\"SaveObjectNameId\":\"SonsStorySpots.WoodenCrateItems.AIA\"},{\"SaveObjectNameId\":\"SonsStorySpots.BasicStorageCrateItems.ACA\"},{\"SaveObjectNameId\":\"SonsStorySpots.BasicStorageCrateItems.AJR\"},{\"SaveObjectNameId\":\"SonsStorySpots.FlaresCase.AFV\"},{\"SaveObjectNameId\":\"SonsStorySpots.BasicStorageCrateItems.AUQ\"},{\"SaveObjectNameId\":\"SonsStorySpots.BasicStorageCrateItems.AGF\",\"SaveValue\":1},{\"SaveObjectNameId\":\"SonsStorySpots.FlaresCase.AJU\",\"SaveValue\":1},{\"SaveObjectNameId\":\"SonsStorySpots.GraveItems.AGW\"},{\"SaveObjectNameId\":\"SonsStorySpots.BasicStorageCrateItems.AQY\",\"SaveValue\":1},{\"SaveObjectNameId\":\"SonsStorySpots.GraveItems.AJP\",\"SaveValue\":1},{\"SaveObjectNameId\":\"SonsStorySpots.GraveItems.AMK\",\"SaveValue\":1},{\"SaveObjectNameId\":\"SonsStorySpots.SuitcaseItems.AJL\",\"SaveValue\":1},{\"SaveObjectNameId\":\"SonsStorySpots.WoodenCrateItems.ACJ\",\"SaveValue\":1},{\"SaveObjectNameId\":\"SonsStorySpots.WoodenCrateItems.AGI\",\"SaveValue\":1},{\"SaveObjectNameId\":\"SonsStorySpots.WoodenCrateItems.ANP\",\"SaveValue\":1},{\"SaveObjectNameId\":\"SonsStorySpots.AmmoCase.AFL\",\"SaveValue\":1},{\"SaveObjectNameId\":\"SonsStorySpots.BasicStorageCrateItems.AGS\",\"SaveValue\":1},{\"SaveObjectNameId\":\"SonsStorySpots.BasicStorageCrateItems.AKZ\",\"SaveValue\":1},{\"SaveObjectNameId\":\"SonsStorySpots.GraveItems.AKG\"},{\"SaveObjectNameId\":\"SonsStorySpots.GraveItems.AQL\"},{\"SaveObjectNameId\":\"SonsStorySpots.WoodenCrateItems.AAR\"},{\"SaveObjectNameId\":\"SonsStorySpots.WoodenCrateItems.AGD\"},{\"SaveObjectNameId\":\"SonsStorySpots.WoodenCrateItems.AIV\"},{\"SaveObjectNameId\":\"SonsStorySpots.WoodenCrateItems.AQW\"},{\"SaveObjectNameId\":\"SonsStorySpots.BasicStorageCrateItems.ANS\"},{\"SaveObjectNameId\":\"SonsStorySpots.BasicStorageCrateItems.AIC\"},{\"SaveObjectNameId\":\"SonsStorySpots.BasicStorageCrateItems.AJV\"},{\"SaveObjectNameId\":\"SonsStorySpots.BasicStorageCrateItems.APA\"},{\"SaveObjectNameId\":\"SonsCaveA.WoodenCrateItems.AAH\",\"SaveValue\":1},{\"SaveObjectNameId\":\"SonsCaveA.WoodenCrateItems.AAE\",\"SaveValue\":1},{\"SaveObjectNameId\":\"SonsCaveA.WoodenCrateItems.AAJ\",\"SaveValue\":1},{\"SaveObjectNameId\":\"SonsCaveA.WoodenCrateItems.AAL\",\"SaveValue\":1},{\"SaveObjectNameId\":\"SonsCaveA.WoodenCrateItems.AAI\",\"SaveValue\":1},{\"SaveObjectNameId\":\"SonsCaveA.WoodenCrateItems.AAF\",\"SaveValue\":1},{\"SaveObjectNameId\":\"SonsCaveA.WoodenCrateItems.AAM\",\"SaveValue\":1},{\"SaveObjectNameId\":\"SonsCaveA.WoodenCrateItems.AAN\",\"SaveValue\":1},{\"SaveObjectNameId\":\"SonsCaveA.WoodenCrateItems.AAG\",\"SaveValue\":1},{\"SaveObjectNameId\":\"SonsCaveA.WoodenCrateItems.AAK\",\"SaveValue\":1},{\"SaveObjectNameId\":\"SonsCaveA.WoodenCrateItems.AAC\",\"SaveValue\":1},{\"SaveObjectNameId\":\"SonsCaveA.WoodenCrateItems.AAO\",\"SaveValue\":1},{\"SaveObjectNameId\":\"SonsCaveA.WoodenCrateItems.AAB\",\"SaveValue\":1},{\"SaveObjectNameId\":\"SonsCaveA.WoodenCrateItems.AAD\",\"SaveValue\":1},{\"SaveObjectNameId\":\"SonsCaveA.FlaresCase.AAA\",\"SaveValue\":1},{\"SaveObjectNameId\":\"CaveA.BoardsA\",\"SaveValue\":1},{\"SaveObjectNameId\":\"CaveA.BoardsB\",\"SaveValue\":1},{\"SaveObjectNameId\":\"SonsStorySpots.WoodenCrateItems.ANZ\",\"SaveValue\":1},{\"SaveObjectNameId\":\"SonsStorySpots.AmmoCase.ALB\",\"SaveValue\":1},{\"SaveObjectNameId\":\"SonsStorySpots.BasicStorageCrateItems.AVG\",\"SaveValue\":1},{\"SaveObjectNameId\":\"SonsStorySpots.BasicStorageCrateItems.AVQ\",\"SaveValue\":1},{\"SaveObjectNameId\":\"SonsStorySpots.Meds.AEY\",\"SaveValue\":1},{\"SaveObjectNameId\":\"SonsStorySpots.WoodenCrateItems.ADW\",\"SaveValue\":1},{\"SaveObjectNameId\":\"SonsStorySpots.WoodenCrateItems.ANT\",\"SaveValue\":1},{\"SaveObjectNameId\":\"SonsStorySpots.GraveItems.AOX\"},{\"SaveObjectNameId\":\"SonsStorySpots.BasicStorageCrateItems.ADV\",\"SaveValue\":1},{\"SaveObjectNameId\":\"SonsStorySpots.BasicStorageCrateItems.AOC\",\"SaveValue\":1},{\"SaveObjectNameId\":\"SonsStorySpots.GrenadeCase.AQF\",\"SaveValue\":1},{\"SaveObjectNameId\":\"SonsStorySpots.GrenadeCase.AQO\",\"SaveValue\":1},{\"SaveObjectNameId\":\"SonsStorySpots.BasicStorageCrateItems.AUR\",\"SaveValue\":1},{\"SaveObjectNameId\":\"BunkerEntertainment.BasicStorageCrateItems.AAB\",\"SaveValue\":1},{\"SaveObjectNameId\":\"BunkerEntertainment.BasicStorageCrateItems.AAA\",\"SaveValue\":1},{\"SaveObjectNameId\":\"BunkerEntertainment.AmmoCase.AAD\",\"SaveValue\":1},{\"SaveObjectNameId\":\"BunkerEntertainment.Meds.AAC\",\"SaveValue\":1},{\"SaveObjectNameId\":\"EntertainmentBunker.ExitDoor\",\"SaveValue\":3},{\"SaveObjectNameId\":\"EntertainmentBunker.EntranceDoor\",\"SaveValue\":3},{\"SaveObjectNameId\":\"EntertainmentBunker.ComputerRoomDoor\",\"SaveValue\":3},{\"SaveObjectNameId\":\"CaveB.BoardsB\"},{\"SaveObjectNameId\":\"SonsCaveB.WoodenCrateItems.AAB\",\"SaveValue\":1},{\"SaveObjectNameId\":\"SonsCaveB.WoodenCrateItems.AAI\"},{\"SaveObjectNameId\":\"SonsCaveB.WoodenCrateItems.AAJ\"},{\"SaveObjectNameId\":\"SonsCaveB.WoodenCrateItems.AAE\",\"SaveValue\":1},{\"SaveObjectNameId\":\"SonsCaveB.WoodenCrateItems.AAK\"},{\"SaveObjectNameId\":\"SonsCaveB.WoodenCrateItems.AAH\"},{\"SaveObjectNameId\":\"CaveB.Sluggy\",\"SaveValue\":3},{\"SaveObjectNameId\":\"SonsCaveB.AmmoCase.AAF\",\"SaveValue\":1},{\"SaveObjectNameId\":\"SonsCaveB.AmmoCase.AAC\",\"SaveValue\":1},{\"SaveObjectNameId\":\"SonsCaveB.AmmoCase.AAA\",\"SaveValue\":1},{\"SaveObjectNameId\":\"SonsCaveB.FlaresCase.AAG\",\"SaveValue\":1},{\"SaveObjectNameId\":\"SonsCaveB.FlaresCase.AAD\",\"SaveValue\":1},{\"SaveObjectNameId\":\"CaveB.BoardsA\"},{\"SaveObjectNameId\":\"SonsStorySpots.BasicStorageCrateItems.AES\"},{\"SaveObjectNameId\":\"SonsStorySpots.BasicStorageCrateItems.APX\"},{\"SaveObjectNameId\":\"SonsStorySpots.WoodenCrateItems.ACV\"},{\"SaveObjectNameId\":\"SonsStorySpots.BasicStorageCrateItems.ADC\"},{\"SaveObjectNameId\":\"SonsCaveC.WoodenCrateItems.AAJ\",\"SaveValue\":1},{\"SaveObjectNameId\":\"SonsCaveC.WoodenCrateItems.AAU\",\"SaveValue\":1},{\"SaveObjectNameId\":\"SonsCaveC.WoodenCrateItems.AAF\",\"SaveValue\":1},{\"SaveObjectNameId\":\"SonsCaveC.WoodenCrateItems.AAM\",\"SaveValue\":1},{\"SaveObjectNameId\":\"SonsCaveC.WoodenCrateItems.AAK\",\"SaveValue\":1},{\"SaveObjectNameId\":\"SonsCaveC.GrenadeCase.AAA\",\"SaveValue\":1},{\"SaveObjectNameId\":\"SonsCaveC.GrenadeCase.AAS\",\"SaveValue\":1},{\"SaveObjectNameId\":\"SonsCaveC.GrenadeCase.AAN\"},{\"SaveObjectNameId\":\"SonsCaveC.GrenadeCase.AAV\"},{\"SaveObjectNameId\":\"SonsCaveC.GrenadeCase.AAD\",\"SaveValue\":1},{\"SaveObjectNameId\":\"CaveC.Sluggy\",\"SaveValue\":3},{\"SaveObjectNameId\":\"SonsCaveC.AmmoCase.AAH\",\"SaveValue\":1},{\"SaveObjectNameId\":\"SonsCaveC.AmmoCase.AAQ\",\"SaveValue\":1},{\"SaveObjectNameId\":\"SonsCaveC.AmmoCase.AAI\",\"SaveValue\":1},{\"SaveObjectNameId\":\"SonsCaveC.AmmoCase.AAT\",\"SaveValue\":1},{\"SaveObjectNameId\":\"SonsCaveC.AmmoCase.AAP\",\"SaveValue\":1},{\"SaveObjectNameId\":\"SonsCaveC.AmmoCase.AAL\",\"SaveValue\":1},{\"SaveObjectNameId\":\"SonsCaveC.FlaresCase.AAE\",\"SaveValue\":1},{\"SaveObjectNameId\":\"SonsCaveC.FlaresCase.AAG\"},{\"SaveObjectNameId\":\"SonsCaveC.Meds.AAO\",\"SaveValue\":1},{\"SaveObjectNameId\":\"SonsCaveC.Meds.AAR\",\"SaveValue\":1},{\"SaveObjectNameId\":\"SonsCaveC.Meds.AAC\"},{\"SaveObjectNameId\":\"SonsCaveC.Meds.AAB\",\"SaveValue\":1},{\"SaveObjectNameId\":\"SonsCaveC.Meds.AAW\"},{\"SaveObjectNameId\":\"Bunker_A.BasicStorageCrateItems.AAA\",\"SaveValue\":1},{\"SaveObjectNameId\":\"Bunker_A.BasicStorageCrateItems.AAB\",\"SaveValue\":1},{\"SaveObjectNameId\":\"SonsStorySpots.WoodenCrateItems.AAK\"},{\"SaveObjectNameId\":\"SonsStorySpots.WoodenCrateItems.AGB\"},{\"SaveObjectNameId\":\"SonsStorySpots.WoodenCrateItems.AIQ\"},{\"SaveObjectNameId\":\"SonsStorySpots.WoodenCrateItems.ALO\"},{\"SaveObjectNameId\":\"SonsStorySpots.GraveItems.ALP\"},{\"SaveObjectNameId\":\"BunkerFoodAndDining.BasicStorageCrateItems.AAA\",\"SaveValue\":1},{\"SaveObjectNameId\":\"BunkerFoodAndDining.BasicStorageCrateItems.AAB\"},{\"SaveObjectNameId\":\"BunkerFoodAndDining.BasicStorageCrateItems.AAC\"},{\"SaveObjectNameId\":\"BunkerFoodAndDining.PufftonBossSpawn\",\"SaveValue\":1},{\"SaveObjectNameId\":\"BunkerFoodAndDining.Cutscene.PuffysVsBadGuys\",\"SaveValue\":1},{\"SaveObjectNameId\":\"BunkerFoodAndDining.EntranceHatch\",\"SaveValue\":3},{\"SaveObjectNameId\":\"BunkerFoodAndDining.DiningDoor\",\"SaveValue\":3},{\"SaveObjectNameId\":\"BunkerFoodAndDining.EntranceDoor\",\"SaveValue\":3},{\"SaveObjectNameId\":\"SonsStorySpots.GraveItems.AAL\",\"SaveValue\":1},{\"SaveObjectNameId\":\"SonsStorySpots.GraveItems.ADO\",\"SaveValue\":1},{\"SaveObjectNameId\":\"SonsStorySpots.GraveItems.AGX\",\"SaveValue\":1},{\"SaveObjectNameId\":\"SonsStorySpots.GraveItems.APB\"},{\"SaveObjectNameId\":\"SonsStorySpots.GraveItems.ARK\",\"SaveValue\":1},{\"SaveObjectNameId\":\"SonsStorySpots.GrenadeCase.AJD\"},{\"SaveObjectNameId\":\"SonsStorySpots.GraveItems.AGY\"},{\"SaveObjectNameId\":\"SonsStorySpots.GraveItems.AMM\"},{\"SaveObjectNameId\":\"SonsStorySpots.GraveItems.AOA\"},{\"SaveObjectNameId\":\"SonsStorySpots.GraveItems.AOE\"},{\"SaveObjectNameId\":\"SonsStorySpots.BasicStorageCrateItems.AHY\"},{\"SaveObjectNameId\":\"IceCaves.WoodenCrateItems.AAH\",\"SaveValue\":1},{\"SaveObjectNameId\":\"IceCaves.WoodenCrateItems.AAI\",\"SaveValue\":1},{\"SaveObjectNameId\":\"IceCaves.WoodenCrateItems.AAK\",\"SaveValue\":1},{\"SaveObjectNameId\":\"SonsStorySpots.SuitcaseItems.AXE\",\"SaveValue\":1},{\"SaveObjectNameId\":\"SonsStorySpots.SuitcaseItems.AYP\",\"SaveValue\":1},{\"SaveObjectNameId\":\"SonsStorySpots.BasicStorageCrateItems.ABT\"},{\"SaveObjectNameId\":\"SonsStorySpots.BasicStorageCrateItems.AOW\"},{\"SaveObjectNameId\":\"SonsStorySpots.BasicStorageCrateItems.AUU\",\"SaveValue\":1},{\"SaveObjectNameId\":\"SonsStorySpots.BasicStorageCrateItems.AVO\",\"SaveValue\":1},{\"SaveObjectNameId\":\"SonsStorySpots.WoodenCrateItems.ALJ\",\"SaveValue\":1},{\"SaveObjectNameId\":\"SonsStorySpots.WoodenCrateItems.AOM\",\"SaveValue\":1},{\"SaveObjectNameId\":\"SonsStorySpots.WoodenCrateItems.AOS\",\"SaveValue\":1},{\"SaveObjectNameId\":\"SonsStorySpots.WoodenCrateItems.BAV\"},{\"SaveObjectNameId\":\"SonsStorySpots.WoodenCrateItems.BAT\"},{\"SaveObjectNameId\":\"SonsStorySpots.WoodenCrateItems.BAS\"},{\"SaveObjectNameId\":\"SonsStorySpots.WoodenCrateItems.BAU\"}]}"}}