{"Version":"0.0.0","Data":{"Fires":"{\"Version\":\"0.0.0\",\"FiresPerStructureType\":{\"32\":[{\"PutOutChance\":1,\"Fuel\":120.0,\"FuelDrainRate\":1.0},{\"PutOutChance\":1,\"Fuel\":120.0,\"FuelDrainRate\":1.0},{\"PutOutChance\":1,\"Fuel\":120.0,\"FuelDrainRate\":1.0},{\"PutOutChance\":1,\"Fuel\":120.0,\"FuelDrainRate\":1.0},{\"Fuel\":0.002149513,\"FuelDrainRate\":0.25},{\"Fuel\":0.0001,\"FuelDrainRate\":0.25},{\"PutOutChance\":1,\"Fuel\":0.0001,\"FuelDrainRate\":1.0},{\"PutOutChance\":1,\"Fuel\":0.0001,\"FuelDrainRate\":1.0},{\"Fuel\":0.0001,\"FuelDrainRate\":1.0},{\"PutOutChance\":1,\"Fuel\":0.0001,\"FuelDrainRate\":1.0},{\"PutOutChance\":2,\"Fuel\":120.0,\"FuelDrainRate\":1.0},{\"PutOutChance\":2,\"Fuel\":120.0,\"FuelDrainRate\":1.0},{\"PutOutChance\":1,\"Fuel\":0.0001,\"FuelDrainRate\":1.0},{\"PutOutChance\":-1,\"Fuel\":0.00430262275,\"FuelDrainRate\":0.25},{\"PutOutChance\":1,\"Fuel\":0.0001,\"FuelDrainRate\":0.6785714},{\"Fuel\":0.0001,\"FuelDrainRate\":1.0},{\"IsLit\":true,\"PutOutChance\":2,\"Fuel\":1084.35559,\"FuelDrainRate\":0.0999999642}]}}"}}