{"Version":"0.0.0","Data":{"GameState":"{\"Version\":\"1.0.0\",\"GameName\":\"punda day 1\",\"SaveTime\":\"2024-11-23T00:04:36.6553466+05:30\",\"GameType\":\"Normal\",\"GameId\":\"ad26d01c-a4df-4418-bf0e-3a9ced9bf393\",\"GameDays\":12,\"GameHours\":10,\"GameMinutes\":53,\"GameSeconds\":31,\"GameMilliseconds\":818,\"CrashSite\":\"ocean\",\"NamedIntDatas\":[{\"SaveObjectNameId\":\"Endgame.StayedOnIsland\"},{\"SaveObjectNameId\":\"Endgame.CoreGameCompleted\"},{\"SaveObjectNameId\":\"LuxuryBunker.HellDoorCaveEntrance\"},{\"SaveObjectNameId\":\"SonsStorySpots.WoodenCrateItems.AZZ\"},{\"SaveObjectNameId\":\"SonsStorySpots.WoodenCrateItems.BBN\"},{\"SaveObjectNameId\":\"SonsStorySpots.WoodenCrateItems.BAD\"},{\"SaveObjectNameId\":\"SonsStorySpots.WoodenCrateItems.BBP\"},{\"SaveObjectNameId\":\"SonsStorySpots.WoodenCrateItems.BBO\"},{\"SaveObjectNameId\":\"SonsStorySpots.WoodenCrateItems.BBL\"},{\"SaveObjectNameId\":\"SonsStorySpots.WoodenCrateItems.BAB\"},{\"SaveObjectNameId\":\"SonsStorySpots.WoodenCrateItems.BBY\"},{\"SaveObjectNameId\":\"TacticalGpsLocator.002\"},{\"SaveObjectNameId\":\"TacticalGpsLocator.005\"},{\"SaveObjectNameId\":\"TacticalGpsLocator.000\"},{\"SaveObjectNameId\":\"TacticalGpsLocator.003\"},{\"SaveObjectNameId\":\"TacticalGpsLocator.001\"},{\"SaveObjectNameId\":\"TacticalGpsLocator.004\"},{\"SaveObjectNameId\":\"SonsStorySpots.WoodenCrateItems.BBF\"},{\"SaveObjectNameId\":\"SonsStorySpots.WoodenCrateItems.BAC\"},{\"SaveObjectNameId\":\"SonsStorySpots.SuitcaseItems.AUH\"},{\"SaveObjectNameId\":\"SonsStorySpots.WoodenCrateItems.BBQ\"},{\"SaveObjectNameId\":\"WorkerGpsLocator.000\"},{\"SaveObjectNameId\":\"WorkerGpsLocator.002\"},{\"SaveObjectNameId\":\"WorkerGpsLocator.001\"},{\"SaveObjectNameId\":\"WorkerGpsLocator.005\"},{\"SaveObjectNameId\":\"WorkerGpsLocator.003\"},{\"SaveObjectNameId\":\"WorkerGpsLocator.006\",\"SaveValue\":1},{\"SaveObjectNameId\":\"WorkerGpsLocator.004\"},{\"SaveObjectNameId\":\"SonsStorySpots.SuitcaseItems.AUG\"},{\"SaveObjectNameId\":\"SonsStorySpots.WoodenCrateItems.BBG\"},{\"SaveObjectNameId\":\"SonsStorySpots.WoodenCrateItems.BBR\"},{\"SaveObjectNameId\":\"LightningPOI.001\"},{\"SaveObjectNameId\":\"LightningPOI.005\"},{\"SaveObjectNameId\":\"LightningPOI.002\"},{\"SaveObjectNameId\":\"LightningPOI.003\"},{\"SaveObjectNameId\":\"LightningPOI.006\"},{\"SaveObjectNameId\":\"LightningPOI.004\"},{\"SaveObjectNameId\":\"SonsStorySpots.BasicStorageCrateItems.AGQ\"},{\"SaveObjectNameId\":\"SonsStorySpots.BasicStorageCrateItems.AJF\"},{\"SaveObjectNameId\":\"BuriedTacticalGpsPickedUp\"},{\"SaveObjectNameId\":\"Tactical.GraveA\"},{\"SaveObjectNameId\":\"RaftTacticalFound\"},{\"SaveObjectNameId\":\"HangingTacticalFound\",\"SaveValue\":1},{\"SaveObjectNameId\":\"BuriedTacticalFound\"},{\"SaveObjectNameId\":\"HangingTacticalGpsPickedUp\",\"SaveValue\":1},{\"SaveObjectNameId\":\"RaftTacticalGpsPickeUp\"},{\"SaveObjectNameId\":\"SonsMainCharacterSpawns.WoodenCrateItems.AAA\"},{\"SaveObjectNameId\":\"SonsMainCharacterSpawns.WoodenCrateItems.AAB\"},{\"SaveObjectNameId\":\"BunkerA.EntranceHatch\"},{\"SaveObjectNameId\":\"BunkerB.EntranceHatch\"},{\"SaveObjectNameId\":\"BunkerC.EntranceHatch\"},{\"SaveObjectNameId\":\"EntertainmentBunker.HallwayTimmy\"},{\"SaveObjectNameId\":\"OceanCrashPickups.BasicStorageCrateItems.AAA\",\"SaveValue\":1},{\"SaveObjectNameId\":\"OceanCrashPickups.BasicStorageCrateItems.AAC\",\"SaveValue\":1},{\"SaveObjectNameId\":\"OceanCrashPickups.Meds.AAD\",\"SaveValue\":1},{\"SaveObjectNameId\":\"OceanCrashPickups.Meds.AAE\",\"SaveValue\":1},{\"SaveObjectNameId\":\"OceanCrashPickups.Meds.AAF\",\"SaveValue\":1},{\"SaveObjectNameId\":\"OceanCrashPickups.GrenadeCase.AAG\",\"SaveValue\":1},{\"SaveObjectNameId\":\"OceanCrashPickups.AmmoCase.AAH\",\"SaveValue\":1},{\"SaveObjectNameId\":\"OceanCrashPickups.AmmoCase.AAI\",\"SaveValue\":1},{\"SaveObjectNameId\":\"OceanCrashPickups.AmmoCase.AAJ\"},{\"SaveObjectNameId\":\"OceanCrashPickups.FlaresCase.AAK\",\"SaveValue\":1},{\"SaveObjectNameId\":\"DyingTacticalA.005\",\"SaveValue\":1},{\"SaveObjectNameId\":\"SonsStorySpots.AmmoCase.ALL\",\"SaveValue\":1},{\"SaveObjectNameId\":\"SonsStorySpots.BasicStorageCrateItems.AEX\",\"SaveValue\":1},{\"SaveObjectNameId\":\"SonsStorySpots.BasicStorageCrateItems.AFF\",\"SaveValue\":1},{\"SaveObjectNameId\":\"SonsStorySpots.FlaresCase.AOU\",\"SaveValue\":1},{\"SaveObjectNameId\":\"SonsStorySpots.GrenadeCase.AAS\",\"SaveValue\":1},{\"SaveObjectNameId\":\"SonsStorySpots.Meds.AOP\",\"SaveValue\":1},{\"SaveObjectNameId\":\"SonsStorySpots.AmmoCase.AHQ\"},{\"SaveObjectNameId\":\"SonsStorySpots.BasicStorageCrateItems.AVY\"},{\"SaveObjectNameId\":\"SonsStorySpots.BasicStorageCrateItems.AWC\"},{\"SaveObjectNameId\":\"SonsStorySpots.Meds.AIK\"},{\"SaveObjectNameId\":\"SonsStorySpots.WoodenCrateItems.ACU\"},{\"SaveObjectNameId\":\"SonsStorySpots.WoodenCrateItems.ADR\"},{\"SaveObjectNameId\":\"SonsStorySpots.WoodenCrateItems.AEI\"},{\"SaveObjectNameId\":\"SonsStorySpots.WoodenCrateItems.AOZ\"},{\"SaveObjectNameId\":\"SonsStorySpots.BasicStorageCrateItems.AUI\",\"SaveValue\":1},{\"SaveObjectNameId\":\"SonsStorySpots.WoodenCrateItems.AAU\",\"SaveValue\":1},{\"SaveObjectNameId\":\"SonsStorySpots.WoodenCrateItems.AHN\",\"SaveValue\":1},{\"SaveObjectNameId\":\"SonsStorySpots.WoodenCrateItems.API\",\"SaveValue\":1},{\"SaveObjectNameId\":\"SonsStorySpots.WoodenCrateItems.AQR\",\"SaveValue\":1},{\"SaveObjectNameId\":\"SonsStorySpots.BasicStorageCrateItems.AZQ\",\"SaveValue\":1},{\"SaveObjectNameId\":\"SonsStorySpots.SuitcaseItems.ATL\"},{\"SaveObjectNameId\":\"SonsStorySpots.SuitcaseItems.ATM\"},{\"SaveObjectNameId\":\"SonsStorySpots.SuitcaseItems.AVB\"},{\"SaveObjectNameId\":\"SonsStorySpots.SuitcaseItems.AVR\"},{\"SaveObjectNameId\":\"SonsStorySpots.SuitcaseItems.AVX\"},{\"SaveObjectNameId\":\"SonsStorySpots.SuitcaseItems.AWD\"},{\"SaveObjectNameId\":\"SonsStorySpots.WoodenCrateItems.AZG\",\"SaveValue\":1},{\"SaveObjectNameId\":\"SonsStorySpots.WoodenCrateItems.AZJ\",\"SaveValue\":1},{\"SaveObjectNameId\":\"SonsStorySpots.WoodenCrateItems.BAX\"},{\"SaveObjectNameId\":\"SonsStorySpots.WoodenCrateItems.BAW\"},{\"SaveObjectNameId\":\"SonsStorySpots.BasicStorageCrateItems.AUD\",\"SaveValue\":1},{\"SaveObjectNameId\":\"SonsStorySpots.BasicStorageCrateItems.AUE\",\"SaveValue\":1},{\"SaveObjectNameId\":\"SonsStorySpots.AmmoCase.AGP\"},{\"SaveObjectNameId\":\"SonsStorySpots.Meds.ARB\"},{\"SaveObjectNameId\":\"SonsStorySpots.BasicStorageCrateItems.AFI\"},{\"SaveObjectNameId\":\"SonsStorySpots.AmmoCase.ARL\",\"SaveValue\":1},{\"SaveObjectNameId\":\"SonsStorySpots.BasicStorageCrateItems.ADU\",\"SaveValue\":1},{\"SaveObjectNameId\":\"SonsStorySpots.BasicStorageCrateItems.AIW\",\"SaveValue\":1},{\"SaveObjectNameId\":\"SonsStorySpots.WoodenCrateItems.AFO\"},{\"SaveObjectNameId\":\"SonsStorySpots.WoodenCrateItems.AHR\"},{\"SaveObjectNameId\":\"DyingTacticalA.000\",\"SaveValue\":1},{\"SaveObjectNameId\":\"SonsStorySpots.BasicStorageCrateItems.AEK\",\"SaveValue\":1},{\"SaveObjectNameId\":\"SonsStorySpots.BasicStorageCrateItems.AGU\",\"SaveValue\":1},{\"SaveObjectNameId\":\"SonsStorySpots.BasicStorageCrateItems.AMV\",\"SaveValue\":1},{\"SaveObjectNameId\":\"SonsStorySpots.BasicStorageCrateItems.APD\",\"SaveValue\":1},{\"SaveObjectNameId\":\"SonsStorySpots.FlaresCase.AJC\",\"SaveValue\":1},{\"SaveObjectNameId\":\"SonsStorySpots.GrenadeCase.ADL\",\"SaveValue\":1},{\"SaveObjectNameId\":\"Tactical.HangingA\",\"SaveValue\":1},{\"SaveObjectNameId\":\"SonsStorySpots.BasicStorageCrateItems.AGZ\"},{\"SaveObjectNameId\":\"SonsStorySpots.GraveItems.ACI\"},{\"SaveObjectNameId\":\"SonsStorySpots.GraveItems.ADY\"},{\"SaveObjectNameId\":\"SonsStorySpots.GraveItems.ALD\"},{\"SaveObjectNameId\":\"SonsStorySpots.GraveItems.ALN\"},{\"SaveObjectNameId\":\"SonsStorySpots.BasicStorageCrateItems.AFK\"},{\"SaveObjectNameId\":\"SonsStorySpots.BasicStorageCrateItems.AOF\"},{\"SaveObjectNameId\":\"SonsStorySpots.GraveItems.AAQ\"},{\"SaveObjectNameId\":\"SonsStorySpots.GraveItems.AIU\"},{\"SaveObjectNameId\":\"SonsStorySpots.GraveItems.ANJ\"},{\"SaveObjectNameId\":\"SonsStorySpots.BasicStorageCrateItems.AKJ\"},{\"SaveObjectNameId\":\"SonsStorySpots.WoodenCrateItems.BAZ\"},{\"SaveObjectNameId\":\"SonsStorySpots.WoodenCrateItems.BBB\"},{\"SaveObjectNameId\":\"SonsStorySpots.WoodenCrateItems.BBA\"},{\"SaveObjectNameId\":\"SonsStorySpots.BasicStorageCrateItems.AAW\"},{\"SaveObjectNameId\":\"SonsStorySpots.BasicStorageCrateItems.AAC\"},{\"SaveObjectNameId\":\"SonsStorySpots.BasicStorageCrateItems.AKT\"},{\"SaveObjectNameId\":\"SonsStorySpots.BasicStorageCrateItems.AOD\"},{\"SaveObjectNameId\":\"SonsStorySpots.FlaresCase.ALT\"},{\"SaveObjectNameId\":\"SonsStorySpots.GraveItems.AIY\"},{\"SaveObjectNameId\":\"SonsStorySpots.BasicStorageCrateItems.ABI\"},{\"SaveObjectNameId\":\"SonsStorySpots.BasicStorageCrateItems.AOK\"},{\"SaveObjectNameId\":\"SonsStorySpots.FlaresCase.ANL\"},{\"SaveObjectNameId\":\"SonsStorySpots.BasicStorageCrateItems.ADE\"},{\"SaveObjectNameId\":\"SonsStorySpots.BasicStorageCrateItems.AEE\"},{\"SaveObjectNameId\":\"SonsStorySpots.BasicStorageCrateItems.AKF\"},{\"SaveObjectNameId\":\"SonsStorySpots.BasicStorageCrateItems.APM\"},{\"SaveObjectNameId\":\"SonsStorySpots.BasicStorageCrateItems.AAJ\"},{\"SaveObjectNameId\":\"SonsStorySpots.BasicStorageCrateItems.AIJ\"},{\"SaveObjectNameId\":\"SonsStorySpots.SuitcaseItems.ALQ\"},{\"SaveObjectNameId\":\"SonsStorySpots.SuitcaseItems.AMN\"},{\"SaveObjectNameId\":\"SonsStorySpots.BasicStorageCrateItems.AHA\"},{\"SaveObjectNameId\":\"SonsStorySpots.BasicStorageCrateItems.AJW\"},{\"SaveObjectNameId\":\"SonsStorySpots.WoodenCrateItems.AQU\"}]}"}}