{"Version":"0.0.0","Data":{"ScrewStructureInstances":"{\"_structures\":[{\"Id\":67,\"Pos\":{\"x\":-1004.58484,\"y\":115.291245,\"z\":-48.8363647},\"Rot\":{\"y\":0.654756069,\"w\":-0.755840242},\"Storages\":[{\"Version\":\"0.0.0\",\"ItemBlocks\":[{\"ItemId\":78,\"TotalCount\":9,\"UniqueItems\":[]}]}],\"Modules\":[]},{\"Id\":67,\"Pos\":{\"x\":-1007.72467,\"y\":115.291245,\"z\":-48.12179},\"Rot\":{\"y\":0.6052665,\"w\":-0.796022952},\"Storages\":[{\"Version\":\"0.0.0\",\"ItemBlocks\":[{\"ItemId\":78,\"TotalCount\":22,\"UniqueItems\":[]}]}],\"Modules\":[]},{\"Id\":35,\"Pos\":{\"x\":-992.6408,\"y\":113.907005,\"z\":-51.73462},\"Rot\":{\"x\":0.0613069125,\"y\":0.7705696,\"z\":-0.0352925733,\"w\":0.633418},\"Storages\":[{\"Version\":\"0.0.0\",\"ItemBlocks\":[{\"ItemId\":436,\"TotalCount\":1,\"UniqueItems\":[{\"Modules\":[{\"CurrentState\":1,\"TimeRemainingInState\":86400.0,\"PauseDecay\":true,\"Version\":\"0.0.0\",\"ModuleId\":3}]}]}]}],\"Modules\":[]},{\"Id\":56,\"Pos\":{\"x\":-996.342957,\"y\":115.28952,\"z\":-47.16436},\"Rot\":{\"x\":-0.0219593719,\"y\":0.999168456,\"z\":0.0264733341,\"w\":-0.0218950436},\"Storages\":[],\"Modules\":[]},{\"Id\":67,\"Pos\":{\"x\":-1010.64093,\"y\":115.291245,\"z\":-47.0798874},\"Rot\":{\"y\":0.5892253,\"w\":-0.807968855},\"Storages\":[{\"Version\":\"0.0.0\",\"ItemBlocks\":[{\"ItemId\":78,\"TotalCount\":14,\"UniqueItems\":[]}]}],\"Modules\":[]},{\"Id\":27,\"Pos\":{\"x\":-999.131836,\"y\":115.291245,\"z\":-48.38477},\"Rot\":{\"y\":0.6296019,\"w\":-0.776917934},\"Storages\":[{\"Version\":\"0.0.0\",\"ItemBlocks\":[]}],\"Modules\":[]},{\"Id\":27,\"Pos\":{\"x\":-1000.01239,\"y\":115.291245,\"z\":-51.524826},\"Rot\":{\"y\":0.793827,\"w\":0.6081437},\"Storages\":[{\"Version\":\"0.0.0\",\"ItemBlocks\":[]}],\"Modules\":[]},{\"Id\":35,\"Pos\":{\"x\":-992.435547,\"y\":113.861435,\"z\":-50.9919472},\"Rot\":{\"x\":0.06567719,\"y\":0.80361706,\"z\":-0.0481818244,\"w\":0.5895462},\"Storages\":[{\"Version\":\"0.0.0\",\"ItemBlocks\":[{\"ItemId\":436,\"TotalCount\":1,\"UniqueItems\":[{\"Modules\":[{\"CurrentState\":1,\"TimeRemainingInState\":86400.0,\"PauseDecay\":true,\"Version\":\"0.0.0\",\"ModuleId\":3}]}]}]}],\"Modules\":[]},{\"Id\":29,\"Pos\":{\"x\":-1002.74414,\"y\":115.291245,\"z\":-48.2852173},\"Rot\":{\"y\":-0.7573906,\"w\":-0.652962148},\"Storages\":[{\"Version\":\"0.0.0\",\"ItemBlocks\":[]}],\"Modules\":[]},{\"Id\":29,\"Pos\":{\"x\":-1002.7597,\"y\":115.291245,\"z\":-49.3904953},\"Rot\":{\"y\":-0.7645616,\"w\":-0.644550741},\"Storages\":[{\"Version\":\"0.0.0\",\"ItemBlocks\":[]}],\"Modules\":[]},{\"Id\":29,\"Pos\":{\"x\":-1002.88318,\"y\":115.291245,\"z\":-50.5250053},\"Rot\":{\"y\":-0.7912486,\"w\":-0.61149466},\"Storages\":[{\"Version\":\"0.0.0\",\"ItemBlocks\":[]}],\"Modules\":[]},{\"Id\":35,\"Pos\":{\"x\":-992.699036,\"y\":113.908928,\"z\":-52.4901772},\"Rot\":{\"x\":0.04371899,\"y\":0.7693745,\"z\":-0.0209733248,\"w\":0.636955},\"Storages\":[{\"Version\":\"0.0.0\",\"ItemBlocks\":[]}],\"Modules\":[]},{\"Id\":29,\"Pos\":{\"x\":-1003.854,\"y\":115.291245,\"z\":-51.0352325},\"Rot\":{\"y\":0.998617947,\"w\":-0.0525568761},\"Storages\":[{\"Version\":\"0.0.0\",\"ItemBlocks\":[]}],\"Modules\":[]},{\"Id\":35,\"Pos\":{\"x\":-992.7791,\"y\":113.944107,\"z\":-53.1995049},\"Rot\":{\"x\":0.05004956,\"y\":0.7147147,\"z\":-0.0160898156,\"w\":0.6974376},\"Storages\":[{\"Version\":\"0.0.0\",\"ItemBlocks\":[]}],\"Modules\":[]},{\"Id\":92,\"Pos\":{\"x\":-1017.29565,\"y\":116.185135,\"z\":-58.4724274},\"Rot\":{\"x\":0.0200892277,\"y\":0.6213724,\"z\":0.117051646,\"w\":-0.7744622},\"Storages\":[],\"Modules\":[]},{\"Pos\":{\"x\":-988.9424,\"y\":119.012169,\"z\":-65.29318},\"Rot\":{\"y\":0.9775124,\"w\":-0.21087794},\"Storages\":[{\"Version\":\"0.0.0\",\"ItemBlocks\":[{\"ItemId\":479,\"TotalCount\":5,\"UniqueItems\":[]}]}],\"Modules\":[]},{\"Pos\":{\"x\":-987.17334,\"y\":118.73909,\"z\":-61.1614532},\"Rot\":{\"y\":-0.6991658,\"w\":0.7149596},\"Storages\":[{\"Version\":\"0.0.0\",\"ItemBlocks\":[{\"ItemId\":479,\"TotalCount\":5,\"UniqueItems\":[]}]}],\"Modules\":[]},{\"Pos\":{\"x\":-985.8323,\"y\":118.705742,\"z\":-61.3356133},\"Rot\":{\"y\":0.7854249,\"w\":0.618957},\"Storages\":[{\"Version\":\"0.0.0\",\"ItemBlocks\":[{\"ItemId\":479,\"TotalCount\":5,\"UniqueItems\":[]}]}],\"Modules\":[]},{\"Pos\":{\"x\":-986.3206,\"y\":118.676437,\"z\":-60.5189667},\"Rot\":{\"y\":0.12813586,\"w\":0.9917566},\"Storages\":[{\"Version\":\"0.0.0\",\"ItemBlocks\":[{\"ItemId\":479,\"TotalCount\":5,\"UniqueItems\":[]}]}],\"Modules\":[]},{\"Pos\":{\"x\":-986.405151,\"y\":118.923004,\"z\":-62.72334},\"Rot\":{\"y\":0.7358765,\"w\":0.6771158},\"Storages\":[{\"Version\":\"0.0.0\",\"ItemBlocks\":[{\"ItemId\":479,\"TotalCount\":5,\"UniqueItems\":[]}]}],\"Modules\":[]},{\"Pos\":{\"x\":-986.9224,\"y\":118.954025,\"z\":-63.9869843},\"Rot\":{\"y\":0.779608,\"w\":0.6262678},\"Storages\":[{\"Version\":\"0.0.0\",\"ItemBlocks\":[{\"ItemId\":479,\"TotalCount\":5,\"UniqueItems\":[]}]}],\"Modules\":[]},{\"Pos\":{\"x\":-988.0672,\"y\":118.992844,\"z\":-65.00316},\"Rot\":{\"y\":0.8615644,\"w\":0.5076483},\"Storages\":[{\"Version\":\"0.0.0\",\"ItemBlocks\":[{\"ItemId\":479,\"TotalCount\":5,\"UniqueItems\":[]}]}],\"Modules\":[]},{\"Id\":62,\"Pos\":{\"x\":-1016.49042,\"y\":115.344261,\"z\":-41.2720261},\"Rot\":{\"x\":0.0270518884,\"y\":0.983154356,\"z\":0.0189170353,\"w\":0.179771617},\"Storages\":[{\"Version\":\"0.0.0\",\"ItemBlocks\":[]}],\"Modules\":[]},{\"Id\":62,\"Pos\":{\"x\":-1014.24115,\"y\":115.318146,\"z\":-44.6229553},\"Rot\":{\"x\":0.0211679284,\"y\":0.888743,\"z\":-0.0109034963,\"w\":0.457787126},\"Storages\":[{\"Version\":\"0.0.0\",\"ItemBlocks\":[]}],\"Modules\":[]},{\"Id\":62,\"Pos\":{\"x\":-1015.75836,\"y\":115.333893,\"z\":-42.96156},\"Rot\":{\"x\":0.07053492,\"y\":0.9685612,\"z\":-0.005354168,\"w\":0.2385069},\"Storages\":[{\"Version\":\"0.0.0\",\"ItemBlocks\":[]}],\"Modules\":[]},{\"Id\":62,\"Pos\":{\"x\":-1017.0174,\"y\":115.409935,\"z\":-39.4866028},\"Rot\":{\"x\":0.0688063,\"y\":0.992545962,\"z\":-0.0191818774,\"w\":0.09874403},\"Storages\":[{\"Version\":\"0.0.0\",\"ItemBlocks\":[]}],\"Modules\":[]},{\"Pos\":{\"x\":-989.179565,\"y\":119.041405,\"z\":-64.2324753},\"Rot\":{\"y\":-0.419080049,\"w\":0.9079493},\"Storages\":[{\"Version\":\"0.0.0\",\"ItemBlocks\":[{\"ItemId\":479,\"TotalCount\":5,\"UniqueItems\":[]}]}],\"Modules\":[]},{\"Pos\":{\"x\":-987.736145,\"y\":118.845451,\"z\":-62.4783},\"Rot\":{\"y\":-0.6011162,\"w\":0.799161732},\"Storages\":[{\"Version\":\"0.0.0\",\"ItemBlocks\":[{\"ItemId\":479,\"TotalCount\":4,\"UniqueItems\":[]}]}],\"Modules\":[]},{\"Id\":62,\"Pos\":{\"x\":-1016.83331,\"y\":115.547974,\"z\":-37.4301224},\"Rot\":{\"x\":0.0711051449,\"y\":0.99608165,\"z\":-0.04458015,\"w\":-0.0278919153},\"Storages\":[{\"Version\":\"0.0.0\",\"ItemBlocks\":[{\"ItemId\":640,\"TotalCount\":2,\"UniqueItems\":[]}]}],\"Modules\":[]},{\"Pos\":{\"x\":-988.190063,\"y\":119.012627,\"z\":-63.52725},\"Rot\":{\"y\":-0.5193776,\"w\":0.8545449},\"Storages\":[{\"Version\":\"0.0.0\",\"ItemBlocks\":[{\"ItemId\":479,\"TotalCount\":5,\"UniqueItems\":[]}]}],\"Modules\":[]},{\"Id\":56,\"Pos\":{\"x\":-995.3286,\"y\":115.148865,\"z\":-47.2742271},\"Rot\":{\"x\":-0.04011421,\"y\":0.997848749,\"z\":0.0424898937,\"w\":0.02972233},\"Storages\":[],\"Modules\":[]},{\"Id\":56,\"Pos\":{\"x\":-996.354736,\"y\":115.308548,\"z\":-48.0656},\"Rot\":{\"x\":-0.0227274466,\"y\":0.736820161,\"z\":0.0140564684,\"w\":0.6755605},\"Storages\":[],\"Modules\":[]},{\"Id\":62,\"Pos\":{\"x\":-1016.61914,\"y\":115.637047,\"z\":-35.0849571},\"Rot\":{\"x\":0.03514905,\"y\":0.73279357,\"z\":0.04844047,\"w\":-0.677813947},\"Storages\":[{\"Version\":\"0.0.0\",\"ItemBlocks\":[{\"ItemId\":640,\"TotalCount\":12,\"UniqueItems\":[]}]}],\"Modules\":[]},{\"Id\":29,\"Pos\":{\"x\":-969.721,\"y\":120.1244,\"z\":-91.81021},\"Rot\":{\"x\":0.00778454635,\"y\":0.9107065,\"z\":0.0272308551,\"w\":-0.4120819},\"Storages\":[{\"Version\":\"0.0.0\",\"ItemBlocks\":[{\"ItemId\":392,\"TotalCount\":15,\"UniqueItems\":[]}]}],\"Modules\":[]},{\"Id\":29,\"Pos\":{\"x\":-970.453735,\"y\":119.955208,\"z\":-90.68458},\"Rot\":{\"x\":-0.06797392,\"y\":0.842757165,\"z\":0.012423127,\"w\":-0.5338405},\"Storages\":[{\"Version\":\"0.0.0\",\"ItemBlocks\":[{\"ItemId\":392,\"TotalCount\":9,\"UniqueItems\":[]}]}],\"Modules\":[]}]}"}}