{"Version":"0.0.0","Data":{"FreeFormStructureLinkerManager":"{\"_nodeLinkersData\":[],\"_builtLinkersData\":[null,null,null,null,{\"_typeId\":4,\"_instanceId\":65},{\"_typeId\":4,\"_instanceId\":65},{\"_typeId\":4,\"_instanceId\":35},{\"_typeId\":4,\"_instanceId\":65},{\"_typeId\":19,\"_instanceId\":12},null,{\"_typeId\":4,\"_instanceId\":66},{\"_typeId\":4,\"_instanceId\":33},{\"_typeId\":3,\"_instanceId\":27},null,null,null,null,{\"_typeId\":4,\"_instanceId\":36},{\"_typeId\":4,\"_instanceId\":13},{\"_typeId\":4,\"_instanceId\":13},{\"_typeId\":4,\"_instanceId\":98},{\"_typeId\":4,\"_instanceId\":98},{\"_typeId\":4,\"_instanceId\":98},{\"_typeId\":4,\"_instanceId\":8},{\"_typeId\":4,\"_instanceId\":7},{\"_typeId\":4,\"_instanceId\":7},{\"_typeId\":4,\"_instanceId\":83},{\"_typeId\":4,\"_instanceId\":36},null,{\"_typeId\":4,\"_instanceId\":54},{\"_typeId\":4,\"_instanceId\":72},{\"_typeId\":4,\"_instanceId\":31},{\"_typeId\":4,\"_instanceId\":77},{\"_typeId\":4,\"_instanceId\":14},null,null,{\"_typeId\":4,\"_instanceId\":8},null,null,null,null,null,{\"_typeId\":3,\"_instanceId\":22},null,null,null,null,{\"_typeId\":4,\"_instanceId\":50},{\"_typeId\":4,\"_instanceId\":51},{\"_typeId\":4,\"_instanceId\":38},{\"_typeId\":4,\"_instanceId\":3},{\"_typeId\":3,\"_instanceId\":31},{\"_typeId\":4,\"_instanceId\":81},{\"_typeId\":4,\"_instanceId\":82},{\"_typeId\":4,\"_instanceId\":30},{\"_typeId\":4,\"_instanceId\":38},{\"_typeId\":3,\"_instanceId\":133},null,null,null,null,{\"_typeId\":4,\"_instanceId\":14},{\"_typeId\":4,\"_instanceId\":103},{\"_typeId\":4,\"_instanceId\":104},{\"_typeId\":4,\"_instanceId\":105},{\"_typeId\":4,\"_instanceId\":122},null,null,null,null,{\"_typeId\":4,\"_instanceId\":1},null,null,{\"_typeId\":4,\"_instanceId\":136},{\"_typeId\":4,\"_instanceId\":136},null,null,null,null,null,null,null,null,null,null,null,null,null,null,null,null,null,null,null,null,{\"_typeId\":4,\"_instanceId\":164},{\"_typeId\":4,\"_instanceId\":154},{\"_typeId\":4,\"_instanceId\":154},{\"_typeId\":4,\"_instanceId\":152},{\"_typeId\":4,\"_instanceId\":152},{\"_typeId\":4,\"_instanceId\":161},{\"_typeId\":4,\"_instanceId\":152},{\"_typeId\":4,\"_instanceId\":152},{\"_typeId\":4,\"_instanceId\":153},{\"_typeId\":4,\"_instanceId\":160},{\"_typeId\":4,\"_instanceId\":153},{\"_typeId\":4,\"_instanceId\":161},{\"_typeId\":4,\"_instanceId\":161},{\"_typeId\":4,\"_instanceId\":155},{\"_typeId\":4,\"_instanceId\":159},{\"_typeId\":4,\"_instanceId\":159},{\"_typeId\":4,\"_instanceId\":164},{\"_typeId\":4,\"_instanceId\":166},{\"_typeId\":4,\"_instanceId\":182},{\"_typeId\":4,\"_instanceId\":182},{\"_typeId\":4,\"_instanceId\":162},null,null,null,null,null]}"}}